wavetable_name,loud_mean,loud_std,loud_range,loud_entropy,loud_spectral_entropy,loud_max,loud_min,loud_total_variation,loud_turning_points,cent_mean,cent_std,cent_range,cent_entropy,cent_spectral_entropy,cent_max,cent_min,cent_total_variation,cent_turning_points,flat_mean,flat_std,flat_range,flat_entropy,flat_spectral_entropy,flat_max,flat_min,flat_total_variation,flat_turning_points,warmth_mean,warmth_std,warmth_range,warmth_entropy,warmth_spectral_entropy,warmth_max,warmth_min,warmth_total_variation,warmth_turning_points,richness_mean,richness_std,richness_range,richness_entropy,richness_spectral_entropy,richness_max,richness_min,richness_total_variation,richness_turning_points
complex__menace__118_1024.pt,-15.114096641540527,3.739598512649536,11.571958541870117,0.9186156988143921,0.4946489632129669,-7.633823394775391,-19.205781936645508,0.31406670808792114,0.12068965286016464,10.948196411132812,1.0699920654296875,3.8259878158569336,0.9783366322517395,0.42657431960105896,11.970251083374023,8.14426326751709,0.12210730463266373,0.1034482792019844,-112.63134002685547,15.09804630279541,48.98588562011719,0.9691877365112305,0.4758634865283966,-96.59602355957031,-145.5819091796875,1.7653086185455322,0.26724138855934143,0.586287796497345,0.05738814175128937,0.19416648149490356,0.9427124857902527,0.47031107544898987,0.6994357705116272,0.5052692890167236,0.005127746611833572,0.08620689809322357,62.38135528564453,30.843114852905273,89.0,0.9489860534667969,0.5232477784156799,101.0,12.0,3.299145221710205,0.1034482792019844
harmonics__squarrely__174_1024.pt,-8.030261039733887,0.7010707259178162,2.7362475395202637,0.9809954762458801,0.6127358078956604,-7.164555072784424,-9.900802612304688,0.015849171206355095,0.011627906933426857,10.141648292541504,0.19995102286338806,0.6734075546264648,0.9418050646781921,0.6616780161857605,10.561149597167969,9.887742042541504,0.0062945811077952385,0.30813953280448914,-145.88243103027344,4.928679943084717,17.900482177734375,0.9409376978874207,0.710872232913971,-134.26123046875,-152.16171264648438,0.37506553530693054,0.5988371968269348,0.45025449991226196,0.0229101050645113,0.10809671878814697,0.9897008538246155,0.3963693380355835,0.47737523913383484,0.36927852034568787,0.0017311936244368553,0.1744185984134674,33.517242431640625,7.139181137084961,30.0,0.9550690054893494,0.710385262966156,52.0,22.0,0.6705202460289001,0.11627907305955887
instrument__beauty_vox__130_1024.pt,-14.88226318359375,4.207604885101318,19.651878356933594,0.9838476777076721,0.6105806827545166,-6.565947532653809,-26.217824935913086,0.5803735256195068,0.2265625,10.779644966125488,0.8059183955192566,2.347163200378418,0.9488666653633118,0.6225975155830383,11.92601203918457,9.578848838806152,0.12107053399085999,0.6796875,-108.01378631591797,10.216261863708496,36.728302001953125,0.9505152106285095,0.6118319630622864,-86.80327606201172,-123.53157806396484,1.6920911073684692,0.4375,0.16722160577774048,0.06312862783670425,0.31270313262939453,0.9443389177322388,0.7839929461479187,0.39312294125556946,0.08041980862617493,0.016242576763033867,0.5625,40.72307586669922,31.08777618408203,114.0,0.8885326981544495,0.6826950311660767,127.0,13.0,5.255814075469971,0.4921875
formant__ahohooh__3_1024.pt,-7.8739190101623535,2.3007264137268066,4.504929542541504,0.6143450140953064,0.9294223785400391,-5.892098426818848,-10.397027969360352,2.252464771270752,0.0,8.347756385803223,0.9918769598007202,1.7851543426513672,0.6301333904266357,0.9188764691352844,8.990583419799805,7.2054290771484375,0.8925771713256836,0.0,-140.52223205566406,16.28365707397461,31.252716064453125,0.6219323873519897,0.9245742559432983,-127.54000854492188,-158.792724609375,15.626358032226562,0.0,0.438178688287735,0.185368150472641,0.3363784849643707,0.6297025084495544,0.9191886186599731,0.5613726377487183,0.22499415278434753,0.18479092419147491,1.0,54.33333206176758,41.96824264526367,80.0,0.6235970258712769,0.9234578609466553,87.0,7.0,40.0,0.0
retro__sweep_pulse__184_1024.pt,-9.31171703338623,0.5265136957168579,1.9672574996948242,0.9703203439712524,0.6406846642494202,-8.362129211425781,-10.329386711120605,0.03713936731219292,0.32967033982276917,12.099503517150879,0.2973634600639343,0.8824653625488281,0.9635458588600159,0.6053327322006226,12.463913917541504,11.581448554992676,0.043238766491413116,0.6318681240081787,-86.8737564086914,16.95022964477539,56.967472076416016,0.9656118154525757,0.6553305983543396,-59.43748092651367,-116.40495300292969,0.6682934165000916,0.5769230723381042,0.8911896347999573,0.04997546598315239,0.19102972745895386,0.965650200843811,0.676989734172821,0.989889919757843,0.7988601922988892,0.003449204610660672,0.5384615659713745,10.55434799194336,8.520453453063965,30.0,0.925731897354126,0.73292076587677,31.0,1.0,0.48087432980537415,0.11538461595773697
collection__graphite__7_1024.pt,-7.00350284576416,1.07296884059906,2.8128466606140137,0.8332987427711487,0.6539486050605774,-5.632166385650635,-8.445013046264648,1.3615938425064087,0.6000000238418579,13.04388427734375,0.3017711341381073,0.6627101898193359,0.8221544027328491,0.8562880158424377,13.306198120117188,12.643487930297852,0.38630691170692444,0.6000000238418579,-33.42045974731445,12.417484283447266,31.924713134765625,0.7705166339874268,0.8839972615242004,-15.015019416809082,-46.93973159790039,15.69527530670166,0.6000000238418579,0.5014422535896301,0.02217317372560501,0.06983858346939087,0.9062494039535522,0.7560169696807861,0.5288397073745728,0.4590011239051819,0.022998780012130737,0.6000000238418579,326.5714416503906,128.65179443359375,371.0,0.8700090050697327,0.8220056891441345,506.0,135.0,165.1666717529297,0.6000000238418579
vintage__logue_saw_dist__205_1024.pt,-5.680948734283447,0.4070620536804199,1.8019347190856934,0.9896789789199829,0.4831593632698059,-5.2943902015686035,-7.096324920654297,0.016077112406492233,0.33990147709846497,11.374809265136719,0.43712282180786133,1.464198112487793,0.971221387386322,0.6218645572662354,11.961727142333984,10.497529029846191,0.03301165997982025,0.7980295419692993,-84.26773834228516,3.7565412521362305,25.611106872558594,0.9858435392379761,0.6588135361671448,-68.83804321289062,-94.44915008544922,2.0759263038635254,0.8571428656578064,0.503441333770752,0.19980481266975403,0.7906332612037659,0.9789848923683167,0.6337088346481323,0.8065022230148315,0.01586894877254963,0.00786089152097702,0.3300492465496063,61.585365295410156,9.360889434814453,45.0,0.9836212396621704,0.6691022515296936,79.0,34.0,2.004901885986328,0.3694581389427185
noise__radio_1__256_1024.pt,-9.914340019226074,1.3747707605361938,8.916013717651367,0.9942112565040588,0.7272773385047913,-7.040745258331299,-15.956758499145508,1.245308756828308,0.6299212574958801,12.275020599365234,0.16695547103881836,0.9082736968994141,0.9922666549682617,0.6931672692298889,12.55873966217041,11.650465965270996,0.08993853628635406,0.5905511975288391,-55.519378662109375,7.954269886016846,47.861812591552734,0.9909427165985107,0.6990626454353333,-35.59139633178711,-83.45320892333984,4.2232890129089355,0.586614191532135,0.5012885928153992,0.031253620982170105,0.26629921793937683,0.9961737990379333,0.6971383690834045,0.6081608533859253,0.34186163544654846,0.031224971637129784,0.7283464670181274,196.05078125,49.36928939819336,245.0,0.9867313504219055,0.7404879331588745,301.0,56.0,26.615686416625977,0.5590550899505615
instrument__sitar__130_1024.pt,-16.571353912353516,4.128210544586182,18.43450927734375,0.9792050719261169,0.5376045107841492,-8.330995559692383,-26.765504837036133,0.28610876202583313,0.1796875,9.408143043518066,0.5018582940101624,1.5095500946044922,0.9423636198043823,0.523185670375824,10.197751998901367,8.688201904296875,0.05138491839170456,0.5234375,-115.7297134399414,4.738744735717773,27.782325744628906,0.9850436449050903,0.6089741587638855,-100.60774993896484,-128.39007568359375,1.0230625867843628,0.4921875,0.3922105133533478,0.12958818674087524,0.3832653760910034,0.954849362373352,0.5896431803703308,0.546942949295044,0.16367755830287933,0.00973476655781269,0.265625,32.39230728149414,15.514183044433594,50.0,0.9425814747810364,0.5670628547668457,60.0,10.0,1.3410853147506714,0.234375
retro__wind_synth__131_1024.pt,-11.162946701049805,0.909208357334137,3.2687273025512695,0.9582143425941467,0.5182603001594543,-9.456775665283203,-12.725502967834473,0.0798894464969635,0.39534884691238403,11.482982635498047,0.2193850427865982,0.7792654037475586,0.975239098072052,0.5303886532783508,11.74582290649414,10.966557502746582,0.01983228139579296,0.45736435055732727,-94.85729217529297,3.101102113723755,15.217277526855469,0.9825848340988159,0.561255931854248,-87.5941390991211,-102.81141662597656,0.7188360691070557,0.5503876209259033,0.5841939449310303,0.1290321946144104,0.3698612451553345,0.911092221736908,0.6731196045875549,0.8084047436714172,0.43854349851608276,0.0035228594206273556,0.38759690523147583,42.33587646484375,17.902990341186523,66.0,0.9600063562393188,0.45706555247306824,79.0,13.0,1.5230768918991089,0.21705426275730133
filter__sweep_4__78_1024.pt,-13.081314086914062,3.5019121170043945,12.991744995117188,0.9667478799819946,0.6649203300476074,-7.129696369171143,-20.121440887451172,0.18548442423343658,0.06578947603702545,9.673406600952148,1.0788075923919678,4.2137956619262695,0.9605706930160522,0.6895468831062317,11.898646354675293,7.684850692749023,0.08611809462308884,0.30263158679008484,-137.19119262695312,7.451840400695801,30.02617645263672,0.9689604043960571,0.6718840003013611,-122.5593490600586,-152.5855255126953,0.7525314688682556,0.6052631735801697,0.4276878535747528,0.024867841973900795,0.1579284965991974,0.9874460697174072,0.7159940004348755,0.5005274415016174,0.34259894490242004,0.014382345601916313,0.44736841320991516,61.5,38.96910095214844,138.0,0.908360481262207,0.5312017202377319,155.0,17.0,4.2207794189453125,0.18421052396297455
collection__slate__7_1024.pt,-7.796200275421143,1.0954196453094482,3.2126588821411133,0.9021831750869751,0.7389433979988098,-6.614293098449707,-9.82695198059082,0.9498826861381531,0.4000000059604645,12.462475776672363,0.6895780563354492,1.9739389419555664,0.9064787030220032,0.6891408562660217,13.098076820373535,11.124137878417969,0.5017666816711426,0.20000000298023224,-53.55081558227539,16.00946617126465,42.299049377441406,0.8471205234527588,0.7090869545936584,-34.465423583984375,-76.76447296142578,13.660670280456543,0.20000000298023224,0.504804790019989,0.041013203561306,0.12664642930030823,0.8802031874656677,0.7232658267021179,0.5673182606697083,0.4406718313694,0.03677312657237053,0.20000000298023224,150.14285278320312,57.074302673339844,159.0,0.7218849658966064,0.9013808369636536,258.0,99.0,58.33333206176758,0.6000000238418579
harmonics__sines_3__19_1024.pt,-11.147528648376465,0.699836254119873,2.487879753112793,0.9151909947395325,0.8055189251899719,-9.697404861450195,-12.185284614562988,0.750324010848999,0.5882353186607361,8.38833999633789,0.3767680525779724,1.2838659286499023,0.9289883971214294,0.7545019388198853,9.06459903717041,7.780733108520508,0.3795713782310486,0.529411792755127,-158.8622283935547,0.272674560546875,1.115447998046875,0.9696865081787109,0.6877555847167969,-158.50424194335938,-159.61968994140625,0.2494540810585022,0.7647058963775635,0.7311381697654724,0.12632553279399872,0.410499632358551,0.9295477867126465,0.7984151244163513,0.9376029968261719,0.5271033644676208,0.1429234743118286,0.4117647111415863,9.736842155456543,3.4293198585510254,13.0,0.936723530292511,0.7134379744529724,17.0,4.0,2.055555582046509,0.47058823704719543
basics__harmonic_series__7_1024.pt,-10.984881401062012,0.8978167772293091,2.4594011306762695,0.7765815854072571,0.8229199647903442,-9.421534538269043,-11.880935668945312,0.7106693387031555,0.20000000298023224,7.881748676300049,1.243333101272583,3.3291568756103516,0.8786602020263672,0.7776214480400085,9.22140121459961,5.892244338989258,0.554859459400177,0.0,-159.38217163085938,0.3768746256828308,1.05267333984375,0.8432988524436951,0.7742152214050293,-158.8263397216797,-159.87901306152344,0.21529388427734375,0.20000000298023224,0.6300233006477356,0.30451399087905884,0.7352578639984131,0.8156632781028748,0.8075664639472961,0.9959352016448975,0.260677307844162,0.12254297733306885,0.0,6.142857074737549,4.9473419189453125,13.0,0.7756008505821228,0.8682757616043091,14.0,1.0,2.1666667461395264,0.0
instrument__digi_piano__32_1024.pt,-16.067270278930664,3.5590195655822754,10.983479499816895,0.9259853959083557,0.7219215035438538,-10.254876136779785,-21.23835563659668,0.3559384047985077,0.06666667014360428,9.242021560668945,0.3007524013519287,0.9624338150024414,0.9391267895698547,0.7064813375473022,9.718633651733398,8.756199836730957,0.031457070261240005,0.03333333507180214,-156.73036193847656,1.3352493047714233,4.553131103515625,0.9287204742431641,0.7292520999908447,-154.240478515625,-158.79360961914062,0.20795021951198578,0.4000000059604645,0.5065255165100098,0.07960302382707596,0.2556491196155548,0.9407445192337036,0.7059518694877625,0.6309007406234741,0.3752516210079193,0.008271162398159504,0.03333333507180214,22.1875,1.2556325197219849,5.0,0.9695572853088379,0.6201209425926208,24.0,19.0,0.4516128897666931,0.13333334028720856
formant__stepped_vowels__66_1024.pt,-11.549152374267578,1.789039134979248,4.746088981628418,0.8998433947563171,0.7013282775878906,-8.94481372833252,-13.690902709960938,0.15677177906036377,0.0,8.90758228302002,0.664384126663208,1.5033655166625977,0.8891760110855103,0.5926265120506287,9.643645286560059,8.140279769897461,0.027419177815318108,0.0,-149.77793884277344,2.423616409301758,7.54901123046875,0.9062207341194153,0.7176513671875,-145.02005004882812,-152.56906127929688,0.13181856274604797,0.0,0.3885151147842407,0.024000493809580803,0.07084789872169495,0.9449524283409119,0.6408505439758301,0.416986346244812,0.34613844752311707,0.002833934500813484,0.0,26.33333396911621,9.025320053100586,23.0,0.890693187713623,0.5796188712120056,39.0,16.0,0.4615384638309479,0.0
harmonics__spectral_2__24_1024.pt,-8.958230972290039,1.0824064016342163,3.7853822708129883,0.9321401715278625,0.8117184042930603,-6.935029983520508,-10.720412254333496,1.2273097038269043,0.6818181872367859,9.339997291564941,1.3301756381988525,5.026495933532715,0.9698750972747803,0.7116547226905823,10.941588401794434,5.915092468261719,1.3698623180389404,0.5909090638160706,-159.3358154296875,0.2844661474227905,1.11920166015625,0.9528836607933044,0.7281017899513245,-158.7447509765625,-159.86395263671875,0.30783146619796753,0.6363636255264282,0.6714057922363281,0.15142257511615753,0.6211358308792114,0.954250693321228,0.7419047951698303,0.9973454475402832,0.3762095868587494,0.1559317409992218,0.7272727489471436,5.291666507720947,2.4756057262420654,9.0,0.9430602788925171,0.7760107517242432,10.0,1.0,2.82608699798584,0.5454545617103577
instrument__marimba__255_1024.pt,-17.781679153442383,4.53936243057251,17.20598793029785,0.9723712801933289,0.6611628532409668,-9.125726699829102,-26.331714630126953,0.07717594504356384,0.1818181872367859,6.381112098693848,0.5902329683303833,2.5495004653930664,0.94484543800354,0.7536750435829163,8.261651039123535,5.712150573730469,0.03209775686264038,0.6600790619850159,-158.0826873779297,1.2407410144805908,5.2118072509765625,0.9270694851875305,0.670892059803009,-154.2575225830078,-159.46932983398438,0.14766038954257965,0.6482213735580444,0.8451743721961975,0.08579134941101074,0.40685898065567017,0.98918616771698,0.6032363772392273,0.9509363174438477,0.5440773367881775,0.010490750893950462,0.6166008114814758,3.380392074584961,2.2641522884368896,10.0,0.8281253576278687,0.8479892611503601,12.0,2.0,0.6181102395057678,0.18972331285476685
retro__harmonics_4__184_1024.pt,-8.334024429321289,2.0036303997039795,7.431449890136719,0.9695311188697815,0.6083502769470215,-5.050847053527832,-12.48229694366455,0.1086270809173584,0.42307692766189575,12.385110855102539,0.16077496111392975,0.6220998764038086,0.9692786931991577,0.6246503591537476,12.704687118530273,12.082587242126465,0.021525638177990913,0.5439560413360596,-85.8592758178711,4.4888529777526855,20.360885620117188,0.975567102432251,0.7153835296630859,-74.78236389160156,-95.14324951171875,1.4078056812286377,0.6098901033401489,0.5074083805084229,0.18654845654964447,0.7092583775520325,0.9666444659233093,0.6317967772483826,0.8715642690658569,0.16230590641498566,0.010820845142006874,0.45604395866394043,11.92934799194336,4.247841835021973,25.0,0.9721384644508362,0.7016663551330566,29.0,4.0,1.3169399499893188,0.25824177265167236
formant__gremlin__32_1024.pt,-6.423412322998047,0.5037621259689331,1.770155906677246,0.9534350633621216,0.583724319934845,-5.630176544189453,-7.400332450866699,0.16627873480319977,0.36666667461395264,11.815622329711914,0.14618387818336487,0.8088531494140625,0.9111840128898621,0.8610239624977112,12.462940216064453,11.65408706665039,0.0647604838013649,0.3333333432674408,-82.89683532714844,8.942991256713867,43.25399398803711,0.9595915079116821,0.6488713026046753,-57.41193771362305,-100.66593170166016,3.0195207595825195,0.3333333432674408,0.5607962608337402,0.023716984316706657,0.10099273920059204,0.9646506309509277,0.6738980412483215,0.6119968891143799,0.5110041499137878,0.011426199227571487,0.4333333373069763,82.84375,8.258365631103516,39.0,0.972089946269989,0.6204627752304077,100.0,61.0,4.22580623626709,0.5
vintage__mg_memo__7_1024.pt,-5.412510395050049,0.33925649523735046,0.9373512268066406,0.8214042782783508,0.8726374506950378,-4.871277809143066,-5.808629035949707,0.3289571702480316,0.4000000059604645,10.559196472167969,1.237105369567871,3.2248125076293945,0.6104642748832703,0.9281389117240906,12.869133949279785,9.64432144165039,0.5374687314033508,0.0,-111.68458557128906,35.35462951660156,91.53099822998047,0.4982301592826843,0.9484089612960815,-42.45226287841797,-133.98326110839844,15.352507591247559,0.20000000298023224,0.23858295381069183,0.028705069795250893,0.07432058453559875,0.692704975605011,0.90528804063797,0.2887979745864868,0.21447739005088806,0.012386764399707317,0.0,68.0,54.3476448059082,148.0,0.577173113822937,0.9589269161224365,180.0,32.0,24.66666603088379,0.0
retro__harmonics_2__185_1024.pt,-10.631209373474121,0.4102640748023987,1.851633071899414,0.9749271273612976,0.5943992733955383,-9.617338180541992,-11.468971252441406,0.1471785604953766,0.31147539615631104,12.247648239135742,0.2429937720298767,1.1490497589111328,0.9871885776519775,0.562737762928009,12.680599212646484,11.531549453735352,0.044494353234767914,0.5136612057685852,-113.84859466552734,12.821379661560059,45.31816864013672,0.9708542823791504,0.7632575631141663,-92.69867706298828,-138.016845703125,15.088308334350586,0.6830601096153259,0.49745094776153564,0.007461137138307095,0.04022163152694702,0.9882377982139587,0.6425397396087646,0.5155049562454224,0.47528332471847534,0.0029435704927891493,0.6284152865409851,27.659460067749023,6.519012928009033,27.0,0.974461555480957,0.7016887068748474,41.0,14.0,3.2608695030212402,0.37704917788505554
collection__violet__40_1024.pt,-11.282190322875977,1.1923590898513794,4.084924697875977,0.949345588684082,0.6101361513137817,-9.193429946899414,-13.27835464477539,0.31187349557876587,0.21052631735801697,11.34913158416748,1.6727659702301025,6.274562835693359,0.9716103672981262,0.5972535014152527,13.37076187133789,7.096199035644531,0.20832042396068573,0.1315789520740509,-108.42399597167969,26.980466842651367,82.74248504638672,0.9471285343170166,0.6402320265769958,-76.25542449951172,-158.99790954589844,3.3663597106933594,0.18421052396297455,0.670358419418335,0.10463403910398483,0.37956973910331726,0.9623214602470398,0.5579464435577393,0.8288407325744629,0.44927099347114563,0.02435889281332493,0.15789473056793213,65.9000015258789,41.35698318481445,133.0,0.919905960559845,0.6948781609535217,143.0,10.0,9.51282024383545,0.15789473056793213
vintage__bs_sync__228_1024.pt,-6.501614570617676,0.782273530960083,4.236374855041504,0.9888688325881958,0.6632648706436157,-4.654043197631836,-8.89041805267334,0.34604111313819885,0.73893803358078,10.725872039794922,1.3884947299957275,5.087568283081055,0.9776331186294556,0.6305997371673584,12.788667678833008,7.701099395751953,0.0767439752817154,0.48230087757110596,-107.07649230957031,25.047588348388672,84.34525299072266,0.9616696834564209,0.6617343425750732,-65.61417388916016,-149.9594268798828,2.5318899154663086,0.6991150379180908,0.5019159913063049,0.10727238655090332,0.6074312925338745,0.9849082827568054,0.658379316329956,0.8279460072517395,0.22051474452018738,0.033306218683719635,0.5044247508049011,66.39912414550781,62.28111267089844,217.0,0.8921403884887695,0.7428602576255798,228.0,11.0,3.6475770473480225,0.37168142199516296
basics__beating_5__112_1024.pt,-11.020852088928223,0.5828772187232971,3.260639190673828,0.993039071559906,0.567338228225708,-10.328170776367188,-13.588809967041016,0.10155289620161057,0.6090909242630005,12.636571884155273,0.06377074867486954,0.49190711975097656,0.9957289099693298,0.5304591059684753,12.73392391204834,12.242016792297363,0.02511606179177761,0.5363636612892151,-74.23539733886719,1.4848430156707764,9.258522033691406,0.9886089563369751,0.6517216563224792,-69.9102554321289,-79.16877746582031,0.8070713877677917,0.6272727251052856,0.38929080963134766,0.015884563326835632,0.11701872944831848,0.9941527247428894,0.5295519828796387,0.4263707995414734,0.3093520700931549,0.004062112420797348,0.6000000238418579,262.8035583496094,25.989200592041016,96.0,0.9803409576416016,0.5203148722648621,293.0,197.0,5.360360145568848,0.5727272629737854
basics__primes__256_1024.pt,-6.763191223144531,0.936242938041687,4.902578830718994,0.9895692467689514,0.6335221529006958,-4.728551387786865,-9.63113021850586,0.12930357456207275,0.12598425149917603,12.769599914550781,0.07182565331459045,0.3082609176635742,0.9806405305862427,0.6425960659980774,12.913622856140137,12.605361938476562,0.005256024654954672,0.4094488322734833,-119.48544311523438,10.583453178405762,57.925140380859375,0.9866668581962585,0.7402496933937073,-89.8392333984375,-147.76437377929688,6.972713947296143,0.6614173054695129,0.06567751616239548,0.018779711797833443,0.17769767343997955,0.9810531735420227,0.816539466381073,0.20329952239990234,0.02560185082256794,0.01658601686358452,0.6614173054695129,30.35546875,10.151142120361328,85.0,0.9768671989440918,0.807511568069458,96.0,11.0,4.666666507720947,0.4960629940032959
instrument__strings_3__145_1024.pt,-9.472746849060059,1.3602700233459473,6.512945652008057,0.9826399087905884,0.5432543158531189,-6.448828220367432,-12.961773872375488,0.18857310712337494,0.14685314893722534,8.68120288848877,0.2020837664604187,0.7537002563476562,0.9755837321281433,0.5940639972686768,8.990405082702637,8.23670482635498,0.040250446647405624,0.4615384638309479,-158.48663330078125,0.4881124496459961,2.4840850830078125,0.9683985710144043,0.6569193005561829,-156.8505859375,-159.3346710205078,0.10981835424900055,0.6083915829658508,0.49874424934387207,0.07424237579107285,0.3419632911682129,0.9758400321006775,0.5825970768928528,0.6746950745582581,0.33273178339004517,0.01074882410466671,0.1538461595773697,22.35862159729004,2.6943249702453613,14.0,0.9754659533500671,0.7470735311508179,31.0,17.0,1.5069444179534912,0.440559446811676
vintage__miniwaves__6_1024.pt,-12.268531799316406,1.8840123414993286,5.335380554199219,0.863633930683136,0.6684547066688538,-9.861421585083008,-15.196802139282227,2.2320895195007324,0.5,10.855945587158203,2.4941112995147705,6.338066101074219,0.8865224123001099,0.8026444315910339,12.600464820861816,6.262398719787598,3.253361463546753,0.75,-85.7244873046875,47.12297058105469,110.72115325927734,0.8507523536682129,0.8506520986557007,-46.90569305419922,-157.62684631347656,59.0041618347168,0.75,0.635047197341919,0.14563696086406708,0.37901586294174194,0.567811131477356,0.9295737743377686,0.9101340770721436,0.5311182141304016,0.1127086728811264,0.75,71.33333587646484,46.91552734375,119.0,0.8319361209869385,0.7129507064819336,126.0,7.0,41.400001525878906,0.5
formant__voice_harmonics__256_1024.pt,-10.66903305053711,1.4778183698654175,6.318879127502441,0.9838275909423828,0.45323508977890015,-8.290964126586914,-14.609843254089355,0.11659014970064163,0.035433072596788406,9.039827346801758,1.344223976135254,3.9149980545043945,0.9500633478164673,0.6439770460128784,10.91946029663086,7.004462242126465,0.021965015679597855,0.20472441613674164,-135.53445434570312,18.87297821044922,58.76322937011719,0.9375247359275818,0.6678258180618286,-100.4661865234375,-159.2294158935547,0.502503514289856,0.35826772451400757,0.4144122898578644,0.1321767270565033,0.5937053561210632,0.9562157988548279,0.6995788216590881,0.8194185495376587,0.22571319341659546,0.005590131971985102,0.027559055015444756,27.671875,15.65866756439209,51.0,0.9183605909347534,0.6775761842727661,62.0,11.0,0.48235294222831726,0.035433072596788406
noise__dizzy__173_1024.pt,-9.989957809448242,1.2360222339630127,6.282600402832031,0.9815083146095276,0.7516922354698181,-6.612459182739258,-12.895059585571289,0.645458996295929,0.5321637392044067,9.336712837219238,0.7535666823387146,5.033873558044434,0.9938278198242188,0.6183959245681763,11.063143730163574,6.029270172119141,0.333685040473938,0.6081871390342712,-152.21629333496094,8.112390518188477,62.14591979980469,0.9074063897132874,0.9035224318504333,-97.5018310546875,-159.6477508544922,3.32729172706604,0.5730994343757629,0.5415930151939392,0.09097306430339813,0.4614841938018799,0.978839099407196,0.7379459738731384,0.8013336658477783,0.33984947204589844,0.0371658131480217,0.4853801131248474,32.687862396240234,17.10792350769043,106.0,0.966015100479126,0.7604607939720154,110.0,4.0,3.9593024253845215,0.4152046740055084
noise__applause__256_1024.pt,-13.348260879516602,2.7120089530944824,17.434343338012695,0.9952543377876282,0.7156915664672852,-8.570901870727539,-26.005245208740234,2.2273008823394775,0.6023622155189514,11.422525405883789,0.1651153266429901,1.1857318878173828,0.9872928261756897,0.81137615442276,12.161239624023438,10.975507736206055,0.13702817261219025,0.6141732335090637,-93.88995361328125,4.70327615737915,26.30048370361328,0.9819004535675049,0.808012068271637,-78.40516662597656,-104.70565032958984,3.5724666118621826,0.6811023354530334,0.5008422136306763,0.031481094658374786,0.15934672951698303,0.9823780655860901,0.847149133682251,0.5861132144927979,0.4267664849758148,0.035301633179187775,0.6377952694892883,135.52734375,16.020795822143555,88.0,0.9844831228256226,0.8190799355506897,184.0,96.0,14.262744903564453,0.625984251499176
noise__formula_1__196_1024.pt,-7.462373733520508,1.2150484323501587,7.135967254638672,0.9918107390403748,0.6846081018447876,-4.70128059387207,-11.837247848510742,0.7836024165153503,0.623711347579956,10.162792205810547,0.35824844241142273,1.5074844360351562,0.9743040204048157,0.7235058546066284,10.96327018737793,9.455785751342773,0.11675994098186493,0.6340206265449524,-128.0077667236328,9.094719886779785,39.572723388671875,0.9628936052322388,0.7479496002197266,-102.84443664550781,-142.4171600341797,2.685551881790161,0.592783510684967,0.4620194733142853,0.10292112082242966,0.4560755491256714,0.9828354120254517,0.627214789390564,0.6383398771286011,0.18226434290409088,0.03889793902635574,0.623711347579956,42.21938705444336,12.068514823913574,48.0,0.9589400291442871,0.7453378438949585,72.0,24.0,3.8410255908966064,0.44329896569252014
noise__junk_2__205_1024.pt,-10.968942642211914,2.6075899600982666,14.949617385864258,0.9935265779495239,0.7018079161643982,-6.945747375488281,-21.89536476135254,2.4038021564483643,0.5862069129943848,12.71368408203125,0.38645854592323303,1.969670295715332,0.9902309775352478,0.7488442659378052,13.413383483886719,11.443713188171387,0.32352522015571594,0.5862069129943848,-54.583595275878906,19.640363693237305,88.3182373046875,0.9811864495277405,0.7719449400901794,-11.605406761169434,-99.92364501953125,13.357975006103516,0.45812806487083435,0.49833187460899353,0.040297407656908035,0.23505926132202148,0.9920128583908081,0.7074171304702759,0.58293616771698,0.3478769063949585,0.03469935059547424,0.6798029541969299,141.46340942382812,127.11560821533203,497.0,0.9288185238838196,0.8831616640090942,504.0,7.0,78.23039245605469,0.5270935893058777
basics__saw_pw_bass__252_1024.pt,-10.84078598022461,2.5007221698760986,10.119498252868652,0.987135648727417,0.5902805328369141,-8.183024406433105,-18.302522659301758,0.040971700102090836,0.01600000075995922,10.89381217956543,0.655245840549469,2.8798789978027344,0.9759304523468018,0.581628143787384,12.460463523864746,9.580584526062012,0.018642019480466843,0.2680000066757202,-87.30093383789062,16.675479888916016,50.180572509765625,0.931842565536499,0.6721519827842712,-56.792236328125,-106.97280883789062,0.31470534205436707,0.335999995470047,0.4134714603424072,0.013792349025607109,0.0712137222290039,0.9921993017196655,0.5952988266944885,0.4347530007362366,0.36353927850723267,0.00037839499418623745,0.07199999690055847,52.25396728515625,7.987975597381592,71.0,0.9928783774375916,0.716968297958374,96.0,25.0,0.7211155295372009,0.004000000189989805
formant__sparkle_form__140_1024.pt,-11.022642135620117,1.605712652206421,7.326442718505859,0.9849293231964111,0.5738940238952637,-8.265440940856934,-15.591883659362793,0.20345361530780792,0.19565217196941376,12.211173057556152,0.17278824746608734,0.6593208312988281,0.9497562050819397,0.707502007484436,12.634354591369629,11.9750337600708,0.01649726927280426,0.3188405930995941,-92.40396118164062,5.173901557922363,23.940773010253906,0.9275183081626892,0.7689973711967468,-73.7801284790039,-97.72090148925781,0.6480833292007446,0.52173912525177,0.5201860666275024,0.03579040616750717,0.14845061302185059,0.9742395877838135,0.5078018307685852,0.5904787182807922,0.44202810525894165,0.005617720074951649,0.21739129722118378,157.20713806152344,13.540504455566406,65.0,0.9839016795158386,0.6510262489318848,186.0,121.0,4.712230205535889,0.5289855003356934
complex__dubstep_organ__64_1024.pt,-9.021306991577148,1.347806692123413,4.98903226852417,0.9623651504516602,0.6484335660934448,-6.658535480499268,-11.647567749023438,0.467673659324646,0.4838709533214569,10.597843170166016,2.7741599082946777,7.732178688049316,0.947153627872467,0.6257876753807068,13.62088394165039,5.888705253601074,0.1331610381603241,0.08064515888690948,-101.21922302246094,59.775447845458984,143.35968017578125,0.8520154356956482,0.646914005279541,-16.48621940612793,-159.8459014892578,3.013554096221924,0.22580644488334656,0.389676034450531,0.07301096618175507,0.351002961397171,0.9538834095001221,0.6793085336685181,0.6269652843475342,0.27596232295036316,0.014416649006307125,0.3870967626571655,154.125,160.7718048095703,468.0,0.8629844784736633,0.5162041187286377,473.0,5.0,15.0,0.08064515888690948
formant__aligned_form__256_1024.pt,-15.582477569580078,1.3182947635650635,4.744712829589844,0.973691463470459,0.6256493330001831,-13.437566757202148,-18.182279586791992,0.08533069491386414,0.35826772451400757,10.04269027709961,0.8476513028144836,2.927915573120117,0.9616643190383911,0.6842544674873352,11.61978816986084,8.691872596740723,0.10716032236814499,0.4724409580230713,-114.35342407226562,21.457279205322266,81.87134552001953,0.9677094221115112,0.6638233661651611,-69.94225311279297,-151.8135986328125,1.4863173961639404,0.4842519760131836,0.49997031688690186,0.009573525749146938,0.06415757536888123,0.9919341802597046,0.5192131996154785,0.5282267928123474,0.4640692174434662,0.0009993307758122683,0.24803149700164795,92.97265625,22.257919311523438,96.0,0.9745950698852539,0.6698349118232727,142.0,46.0,2.5843136310577393,0.24409449100494385
complex__bit_ring__256_1024.pt,-9.88217544555664,1.0005000829696655,4.840160846710205,0.9754503965377808,0.3977805972099304,-7.117441654205322,-11.957602500915527,0.0764860138297081,0.027559055015444756,13.01436996459961,0.0886574313044548,0.3057727813720703,0.9700512886047363,0.49765294790267944,13.147185325622559,12.841412544250488,0.0025960810016840696,0.027559055015444756,-43.11701583862305,4.8197197914123535,17.21527862548828,0.9748091697692871,0.5400680303573608,-36.247928619384766,-53.46320724487305,0.14340858161449432,0.05118110403418541,0.5662803053855896,0.037288911640644073,0.13786792755126953,0.936859667301178,0.5073555707931519,0.6573992371559143,0.5195313096046448,0.0012805090518668294,0.031496062874794006,198.1875,74.59803771972656,249.0,0.9612203240394592,0.5541750192642212,318.0,69.0,2.0862746238708496,0.11811023950576782
noise__vintage_noise__256_1024.pt,-9.12965202331543,1.2404967546463013,7.342008590698242,0.9909067749977112,0.7873128056526184,-6.086150169372559,-13.4281587600708,1.2467033863067627,0.6496062874794006,10.55331802368164,0.1354312002658844,0.8237199783325195,0.9787732362747192,0.807358980178833,11.087217330932617,10.263497352600098,0.1049995869398117,0.712598443031311,-104.28623962402344,5.33319091796875,28.441162109375,0.9849902391433716,0.8209336400032043,-89.37389373779297,-117.81505584716797,5.245960712432861,0.6889764070510864,0.4924377202987671,0.06184885650873184,0.32350069284439087,0.9862799048423767,0.824778139591217,0.6486295461654663,0.32512885332107544,0.06959235668182373,0.6535432934761047,47.26953125,7.0428385734558105,37.0,0.9801552891731262,0.8241780400276184,69.0,32.0,5.929411888122559,0.5984252095222473
vintage__ob6_shapes__71_1024.pt,-9.168133735656738,1.2471626996994019,4.59867525100708,0.9568850994110107,0.45078688859939575,-6.865606784820557,-11.464282035827637,0.1336301863193512,0.10144927352666855,12.88392448425293,0.13936281204223633,0.5925483703613281,0.9850078821182251,0.5943314433097839,13.032979011535645,12.440430641174316,0.018087238073349,0.14492753148078918,-45.91660690307617,10.388333320617676,43.23143005371094,0.9827914237976074,0.551317036151886,-33.5877685546875,-76.81919860839844,0.8138341903686523,0.043478261679410934,0.14802025258541107,0.036309864372015,0.16927841305732727,0.9777787923812866,0.5516972541809082,0.22337935864925385,0.054100945591926575,0.004844614304602146,0.37681159377098083,69.1408462524414,48.227821350097656,172.0,0.9277956485748291,0.5885282158851624,180.0,8.0,4.9285712242126465,0.10144927352666855
noise__pink_noise__256_1024.pt,-6.001605033874512,0.2634336054325104,1.4365134239196777,0.9904168844223022,0.8047151565551758,-5.404429912567139,-6.840943336486816,0.2953776717185974,0.6338582634925842,12.683951377868652,0.037097420543432236,0.22834205627441406,0.9913819432258606,0.7876608371734619,12.787629127502441,12.559287071228027,0.042436935007572174,0.6338582634925842,-37.63969421386719,1.3905717134475708,7.797153472900391,0.9875218868255615,0.8224915862083435,-33.72443389892578,-41.52158737182617,1.6163073778152466,0.6574802994728088,0.49457356333732605,0.021417031064629555,0.11751604080200195,0.9876153469085693,0.8203822374343872,0.5517702102661133,0.43425416946411133,0.02462889440357685,0.6614173054695129,311.77734375,20.136037826538086,135.0,0.9846669435501099,0.8361533284187317,397.0,262.0,22.6235294342041,0.6456692814826965
noise__pouring_rain__256_1024.pt,-10.967710494995117,0.9953930377960205,5.405862808227539,0.9882473349571228,0.8043224811553955,-8.521066665649414,-13.926929473876953,1.1582986116409302,0.7007874250411987,12.989419937133789,0.05654488503932953,0.3699455261230469,0.9924121499061584,0.7772605419158936,13.156978607177734,12.787033081054688,0.05900556594133377,0.6574802994728088,-33.116092681884766,3.147462844848633,16.230213165283203,0.9869405627250671,0.8178082704544067,-25.630142211914062,-41.860355377197266,3.559070110321045,0.6377952694892883,0.49273794889450073,0.027567215263843536,0.17025920748710632,0.9865425229072571,0.8224295973777771,0.5883591175079346,0.41809991002082825,0.0306143369525671,0.6732283234596252,300.2109375,52.31378173828125,260.0,0.9853346943855286,0.8331830501556396,423.0,163.0,57.686275482177734,0.6220472455024719
instrument__afrobeat__4_1024.pt,-10.90540599822998,4.427642345428467,10.395687103271484,0.7397475838661194,0.9007579684257507,-5.8130645751953125,-16.208751678466797,3.465229034423828,0.0,7.867586135864258,1.0012505054473877,2.4014577865600586,0.6968687772750854,0.9444329738616943,9.242511749267578,6.8410539627075195,0.8004859089851379,0.0,-154.60125732421875,3.7197163105010986,8.66192626953125,0.6569063663482666,0.9431297183036804,-149.4275360107422,-158.08946228027344,6.2808990478515625,1.0,0.5553659200668335,0.04199095815420151,0.09149646759033203,0.7497164011001587,0.7835917472839355,0.5942084193229675,0.5027119517326355,0.043229442089796066,0.5,16.0,5.715476036071777,13.0,0.6180801391601562,0.9587659239768982,24.0,11.0,4.333333492279053,0.0
filter__sweep_3__31_1024.pt,-13.086287498474121,2.178758382797241,7.511794090270996,0.889508843421936,0.7358216643333435,-8.126762390136719,-15.638556480407715,0.809497594833374,0.2068965584039688,9.713406562805176,1.4923397302627563,4.444318771362305,0.8599953055381775,0.7655614018440247,12.605517387390137,8.161198616027832,0.18697042763233185,0.27586206793785095,-118.51529693603516,30.66729164123535,101.03738403320312,0.8845563530921936,0.7885430455207825,-50.648193359375,-151.68557739257812,3.424694776535034,0.13793103396892548,0.4415600299835205,0.05132867768406868,0.2889803647994995,0.9784626364707947,0.6734408140182495,0.579848051071167,0.2908676862716675,0.031853679567575455,0.4137931168079376,50.35483932495117,47.728084564208984,163.0,0.8535087704658508,0.7162975668907166,167.0,4.0,7.5333333015441895,0.06896551698446274
complex__noise_manipulator__70_1024.pt,-9.769197463989258,0.7969563007354736,2.679915428161621,0.9636023044586182,0.5362803936004639,-8.674922943115234,-11.354838371276855,0.15513981878757477,0.3529411852359772,12.132311820983887,0.6006914377212524,2.7043609619140625,0.9857751131057739,0.5875810980796814,12.725120544433594,10.020759582519531,0.05276208743453026,0.30882352590560913,-60.42354202270508,22.829191207885742,101.05113220214844,0.985143780708313,0.5874204635620117,-36.473724365234375,-137.5248565673828,1.700735092163086,0.1617647111415863,0.5478020310401917,0.05484330281615257,0.2450653314590454,0.8733272552490234,0.8369578719139099,0.7503758668899536,0.5053105354309082,0.005740910302847624,0.20588235557079315,173.0,58.12804412841797,230.0,0.975713312625885,0.5587943196296692,251.0,21.0,6.333333492279053,0.22058823704719543
retro__robotic__12_1024.pt,-8.27199935913086,0.648038923740387,2.5237441062927246,0.9088178277015686,0.8227161765098572,-6.673794269561768,-9.197538375854492,0.6562025547027588,0.5,12.439286231994629,0.22541260719299316,0.7082500457763672,0.9430354833602905,0.7322973012924194,12.662493705749512,11.954243659973145,0.2751730978488922,0.8999999761581421,-80.63248443603516,15.614574432373047,53.89279556274414,0.9397593140602112,0.7588786482810974,-58.92904281616211,-112.82183837890625,20.50213050842285,0.8999999761581421,0.6536040306091309,0.1889076828956604,0.5411574244499207,0.8365556001663208,0.683082640171051,0.980856716632843,0.43969929218292236,0.22019396722316742,0.5,22.91666603088379,26.908796310424805,103.0,0.8034064769744873,0.8889695405960083,104.0,1.0,26.363636016845703,0.8999999761581421
retro__resonant_1__65_1024.pt,-10.53762149810791,0.9197221994400024,3.608334541320801,0.9687485694885254,0.588205873966217,-8.915102005004883,-12.523436546325684,0.4076964259147644,0.2063492089509964,12.26462173461914,0.19614645838737488,0.7967052459716797,0.9778327941894531,0.6343546509742737,12.527691841125488,11.730986595153809,0.04358726739883423,0.4761904776096344,-88.29476165771484,7.969289779663086,36.32122039794922,0.9855788946151733,0.6311713457107544,-78.06900787353516,-114.39022827148438,1.8836506605148315,0.5396825671195984,0.6597037315368652,0.10098420083522797,0.4540022909641266,0.9778062701225281,0.55689537525177,0.8674463629722595,0.41344407200813293,0.03597322106361389,0.1111111119389534,15.184615135192871,6.358784198760986,26.0,0.9705287218093872,0.6935870051383972,28.0,2.0,1.703125,0.4444444477558136
noise__hp_noise__256_1024.pt,-5.808727741241455,0.31404373049736023,1.769284725189209,0.9904613494873047,0.7831236124038696,-5.0666117668151855,-6.8358964920043945,0.3442651033401489,0.6811023354530334,13.40774917602539,0.02765381522476673,0.16574954986572266,0.9919928312301636,0.7821279168128967,13.475138664245605,13.309389114379883,0.029739543795585632,0.6614173054695129,-13.146333694458008,1.0431828498840332,6.043913841247559,0.9864799380302429,0.8282678127288818,-9.940095901489258,-15.984009742736816,1.0978856086730957,0.6377952694892883,0.5006550550460815,0.01468922384083271,0.08885279297828674,0.992221474647522,0.7690308094024658,0.5375147461891174,0.4486619532108307,0.017714055255055428,0.6889764070510864,504.859375,4.1259284019470215,22.0,0.9916552901268005,0.7744466066360474,512.0,490.0,4.454902172088623,0.586614191532135
formant__crispy_form__16_1024.pt,-8.94528865814209,1.153314471244812,4.23555850982666,0.9406730532646179,0.7691164612770081,-6.786797523498535,-11.022356033325195,1.0928715467453003,0.5,11.445457458496094,0.13410381972789764,0.5063047409057617,0.9422773718833923,0.7236191034317017,11.696385383605957,11.190080642700195,0.10514507442712784,0.5,-100.46551513671875,7.707656383514404,24.561019897460938,0.9209197759628296,0.7233840823173523,-88.21754455566406,-112.778564453125,3.684195041656494,0.5714285969734192,0.6374648809432983,0.2144545018672943,0.6192001700401306,0.9227567315101624,0.6379380226135254,0.9034378528594971,0.28423768281936646,0.09832889586687088,0.4285714328289032,15.625,6.701989650726318,26.0,0.8986409306526184,0.8134755492210388,33.0,7.0,5.133333206176758,0.5714285969734192
noise__broken_filter__249_1024.pt,-25.5479736328125,5.2460455894470215,21.0771541595459,0.9403398633003235,0.894640326499939,-10.676223754882812,-31.75337791442871,4.228744983673096,0.5627530217170715,13.140848159790039,0.22102044522762299,1.3657007217407227,0.9926372170448303,0.7476378679275513,13.654840469360352,12.289139747619629,0.163727805018425,0.6356275081634521,-18.312862396240234,6.72756814956665,39.03607940673828,0.9940224289894104,0.7259642481803894,-8.770540237426758,-47.806617736816406,5.110329627990723,0.623481810092926,0.48362889885902405,0.014299346134066582,0.0894683301448822,0.9870139360427856,0.8017593622207642,0.5332425236701965,0.44377419352531433,0.01524270698428154,0.6113360524177551,441.2650451660156,46.73149490356445,274.0,0.9939250349998474,0.7215922474861145,506.0,232.0,34.584678649902344,0.591093122959137
formant__harsh_vowel__256_1024.pt,-6.653872966766357,1.468073844909668,5.0360822677612305,0.9555479288101196,0.5280171036720276,-3.9261245727539062,-8.962206840515137,0.07960886508226395,0.027559055015444756,12.948627471923828,0.09319356828927994,0.3747682571411133,0.962475597858429,0.6092840433120728,13.17408561706543,12.799317359924316,0.004113631322979927,0.06299212574958801,-43.6557502746582,1.8113049268722534,6.568729400634766,0.969964861869812,0.3856320381164551,-40.60445785522461,-47.173187255859375,0.0990823358297348,0.06692913174629211,0.5154741406440735,0.034363653510808945,0.10321110486984253,0.9431370496749878,0.380880206823349,0.5736989378929138,0.4704878330230713,0.0008637566352263093,0.03937007859349251,174.61328125,44.96354675292969,172.0,0.9586578011512756,0.5543981194496155,274.0,102.0,2.552941083908081,0.09055118262767792
basics__saw_harmonics__252_1024.pt,-13.056872367858887,2.139302968978882,7.639436721801758,0.9738672971725464,0.5100774765014648,-9.790510177612305,-17.429946899414062,0.17819225788116455,0.18400000035762787,12.5023775100708,0.07985218614339828,0.4754447937011719,0.9939731955528259,0.5339231491088867,12.65102481842041,12.175580024719238,0.009931446984410286,0.1679999977350235,-60.07101821899414,3.5754668712615967,17.259220123291016,0.9893442988395691,0.6172151565551758,-53.55068588256836,-70.80990600585938,0.48643791675567627,0.25200000405311584,0.5139427781105042,0.055565960705280304,0.2511534094810486,0.9723082780838013,0.6293824911117554,0.6621167659759521,0.41096335649490356,0.00835445523262024,0.10000000149011612,131.77777099609375,16.309940338134766,78.0,0.9817110896110535,0.5828432440757751,170.0,92.0,3.486055850982666,0.2720000147819519
retro__harmonics_3__185_1024.pt,-11.455305099487305,0.8794111013412476,3.9088001251220703,0.9674394726753235,0.5799188613891602,-9.152289390563965,-13.061089515686035,0.09960953146219254,0.40437158942222595,12.57131290435791,0.2227708101272583,0.7620229721069336,0.9729995131492615,0.6310901045799255,12.886112213134766,12.124089241027832,0.01515628956258297,0.6338797807693481,-75.70589447021484,20.710559844970703,60.32908630371094,0.9565263986587524,0.6304680109024048,-48.69731140136719,-109.02639770507812,0.9577057957649231,0.6393442749977112,0.5476580858230591,0.1426749974489212,0.5149887800216675,0.9234122037887573,0.6832823157310486,0.9082755446434021,0.3932867646217346,0.004925749264657497,0.45355191826820374,42.654052734375,42.53527069091797,126.0,0.8918659090995789,0.6892540454864502,128.0,2.0,1.69021737575531,0.26229506731033325
noise__junk_1__129_1024.pt,-9.480554580688477,2.1015737056732178,12.424976348876953,0.9920626282691956,0.6726400852203369,-5.509344577789307,-17.9343204498291,1.7094649076461792,0.6692913174629211,12.647168159484863,0.29231613874435425,1.3577375411987305,0.9823836088180542,0.7182511687278748,13.27048110961914,11.91274356842041,0.1691083461046219,0.5511810779571533,-54.584938049316406,16.911222457885742,65.27217864990234,0.9665599465370178,0.774472177028656,-19.577722549438477,-84.84989929199219,9.715106010437012,0.5354330539703369,0.4592440128326416,0.05572919175028801,0.29120203852653503,0.9893352389335632,0.7051858901977539,0.5637699961662292,0.2725679576396942,0.04372343048453331,0.6220472455024719,121.74418640136719,123.24703979492188,421.0,0.8632081747055054,0.8596700429916382,444.0,23.0,61.8046875,0.5590550899505615
basics__galactica__4_1024.pt,-12.487895965576172,2.055913209915161,4.828780174255371,0.7818467020988464,0.8824954032897949,-10.571038246154785,-15.399818420410156,1.777260184288025,1.0,10.363763809204102,0.6370333433151245,1.3406553268432617,0.7611704468727112,0.8276020288467407,10.872113227844238,9.531457901000977,0.45335450768470764,0.5,-92.63088989257812,13.790677070617676,30.727378845214844,0.7591075301170349,0.8631938099861145,-79.74717712402344,-110.47455596923828,10.242459297180176,0.0,0.49561095237731934,0.007845165207982063,0.017353683710098267,0.7666466236114502,0.80867999792099,0.5025139451026917,0.4851602613925934,0.008767078630626202,0.5,74.0,26.695817947387695,58.0,0.7453087568283081,0.8521702289581299,99.0,41.0,19.33333396911621,0.0
instrument__nylon_bass__64_1024.pt,-22.223888397216797,4.728614807128906,18.781579971313477,0.9396186470985413,0.7348955273628235,-10.301494598388672,-29.08307456970215,0.41758444905281067,0.17741934955120087,7.550515174865723,0.5165271162986755,2.698361396789551,0.8692432045936584,0.8717344403266907,9.828614234924316,7.130252838134766,0.0867934450507164,0.4193548262119293,-139.89254760742188,4.026939392089844,32.29071807861328,0.961540162563324,0.8674795031547546,-113.38420867919922,-145.6749267578125,1.5879418849945068,0.6612903475761414,0.4282747507095337,0.10540034621953964,0.43086376786231995,0.9441275596618652,0.6740552186965942,0.7004522085189819,0.269588440656662,0.013537795282900333,0.11290322244167328,11.796875,2.0172250270843506,12.0,0.9402494430541992,0.8371564745903015,21.0,9.0,0.3174603283405304,0.032258063554763794
vintage__jup_sawpulse__150_1024.pt,-8.2330904006958,0.9407172203063965,3.730813980102539,0.9851144552230835,0.5138445496559143,-7.27756404876709,-11.008378028869629,0.06615424901247025,0.07432432472705841,11.731232643127441,0.9050250053405762,3.238234519958496,0.9786666035652161,0.6051716208457947,12.69743824005127,9.459203720092773,0.024412615224719048,0.1689189225435257,-74.18917846679688,23.52176856994629,76.6504135131836,0.9675597548484802,0.6266366839408875,-44.62522888183594,-121.27564239501953,0.6207324266433716,0.3175675570964813,0.22816304862499237,0.02436935529112816,0.11536721885204315,0.9568595886230469,0.6601648330688477,0.3072807192802429,0.19191350042819977,0.0035474165342748165,0.46621620655059814,95.86000061035156,42.27745056152344,164.0,0.9653853178024292,0.6707813143730164,184.0,20.0,3.261744976043701,0.3986486494541168
vintage__sloppy_square__256_1024.pt,-8.565902709960938,0.10145054012537003,0.3698883056640625,0.9822716116905212,0.5945315361022949,-8.458396911621094,-8.828285217285156,0.012566260062158108,0.21653543412685394,8.199230194091797,0.16778229176998138,0.9309415817260742,0.9901942610740662,0.612168550491333,8.565305709838867,7.634364128112793,0.04208270087838173,0.3818897604942322,-159.45803833007812,0.07959028333425522,0.4486846923828125,0.9882909059524536,0.783774197101593,-159.24119567871094,-159.68988037109375,0.06493907421827316,0.6496062874794006,0.977515697479248,0.005449321586638689,0.03145718574523926,0.9942810535430908,0.6421943306922913,0.9852230548858643,0.953765869140625,0.0021517188288271427,0.25196850299835205,6.8046875,0.7091402411460876,4.0,0.9814370274543762,0.7306947708129883,9.0,5.0,0.1411764770746231,0.027559055015444756
basics__beating_2__111_1024.pt,-11.379935264587402,0.5075690150260925,3.3736257553100586,0.9949178099632263,0.5047579407691956,-10.60783863067627,-13.981464385986328,0.09632552415132523,0.7155963182449341,12.616012573242188,0.06495774537324905,0.5268735885620117,0.9969450831413269,0.5310778617858887,12.670696258544922,12.14382266998291,0.030244680121541023,0.9449541568756104,-73.90055084228516,3.3861920833587646,13.377883911132812,0.9763705134391785,0.589676022529602,-68.5826416015625,-81.96052551269531,0.9268158674240112,0.7706422209739685,0.5303336381912231,0.022855641320347786,0.1995914876461029,0.9967288374900818,0.48031407594680786,0.5725891590118408,0.3729976713657379,0.005670710001140833,0.3761467933654785,277.93695068359375,19.327455520629883,81.0,0.9802795648574829,0.6108556389808655,307.0,226.0,4.718181610107422,0.5688073635101318
instrument__oboe__41_1024.pt,-9.830723762512207,4.54587459564209,19.833738327026367,0.9862979650497437,0.5711471438407898,-7.731401443481445,-27.565139770507812,0.5720478296279907,0.1794871836900711,7.190685749053955,0.11154359579086304,0.4842958450317383,0.9799664616584778,0.5717470645904541,7.333504676818848,6.849208831787109,0.026904989033937454,0.38461539149284363,-159.24417114257812,0.9676695466041565,3.9315948486328125,0.6837116479873657,0.8866108059883118,-155.75985717773438,-159.6914520263672,0.12258605659008026,0.5641025900840759,0.43262979388237,0.04616733640432358,0.18298792839050293,0.9827186465263367,0.5913304686546326,0.46412453055381775,0.2811366021633148,0.004823171533644199,0.28205129504203796,14.536585807800293,1.484883189201355,7.0,0.9835692644119263,0.5613311529159546,16.0,9.0,0.42500001192092896,0.10256410390138626
filter__frequency_fm__148_1024.pt,-8.180477142333984,0.34411388635635376,1.5688557624816895,0.971683919429779,0.6933837532997131,-7.306290149688721,-8.87514591217041,0.24527083337306976,0.8904109597206116,11.810046195983887,1.0330897569656372,3.4198379516601562,0.9722957611083984,0.6215764284133911,13.06261920928955,9.642781257629395,0.05710848420858383,0.7945205569267273,-78.80756378173828,25.850839614868164,80.24295806884766,0.9639580845832825,0.6336804628372192,-45.59242248535156,-125.83538055419922,2.376595973968506,0.8630136847496033,0.4951282739639282,0.020085828378796577,0.11290425062179565,0.9828367829322815,0.5698155164718628,0.553547739982605,0.4406434893608093,0.004664922133088112,0.31506848335266113,110.12837982177734,53.23178482055664,181.0,0.9442390203475952,0.7008610367774963,218.0,37.0,3.9387755393981934,0.6301369667053223
instrument__bell__94_1024.pt,-16.13579559326172,3.4543356895446777,12.073484420776367,0.9612691402435303,0.6230401396751404,-10.819095611572266,-22.892580032348633,0.24711985886096954,0.32608696818351746,10.88564682006836,0.19642457365989685,0.638249397277832,0.9543424844741821,0.6573464870452881,11.183358192443848,10.545108795166016,0.01322174072265625,0.52173912525177,-137.22547912597656,3.9527320861816406,14.771087646484375,0.9559903740882874,0.6689661741256714,-128.5477294921875,-143.31881713867188,0.8251567482948303,0.6630434989929199,0.31629157066345215,0.03848261013627052,0.13270904123783112,0.9606332182884216,0.6250913143157959,0.3815864324569702,0.2488773912191391,0.013050016947090626,0.5978260636329651,44.914894104003906,12.16080379486084,52.0,0.9471437931060791,0.7736658453941345,80.0,28.0,7.5806450843811035,0.695652186870575
vintage__jup_double_pulse__61_1024.pt,-9.779006958007812,1.113095760345459,4.189237594604492,0.9680014848709106,0.6318718791007996,-7.885676383972168,-12.07491397857666,0.2386038899421692,0.2542372941970825,12.268674850463867,0.15850332379341125,1.1730690002441406,0.9497197866439819,0.8660205006599426,13.228947639465332,12.055878639221191,0.05378936231136322,0.4576271176338196,-62.55622100830078,4.793776988983154,34.321075439453125,0.9621003270149231,0.828294038772583,-35.80735778808594,-70.12843322753906,1.7673041820526123,0.4576271176338196,0.16910237073898315,0.04005863890051842,0.2468690425157547,0.9277175664901733,0.841371476650238,0.36784449219703674,0.12097544968128204,0.014609141275286674,0.4576271176338196,91.6229476928711,23.47847557067871,126.0,0.9426662921905518,0.8078835010528564,184.0,58.0,7.266666889190674,0.4576271176338196
retro__resonant_2__65_1024.pt,-10.726964950561523,1.011106014251709,4.164864540100098,0.9632567763328552,0.6181783676147461,-8.46690559387207,-12.631770133972168,0.47966304421424866,0.2063492089509964,12.362550735473633,0.12880542874336243,0.5259122848510742,0.9657698273658752,0.6407432556152344,12.634471893310547,12.108559608459473,0.06330811977386475,0.30158731341362,-80.62784576416016,5.804493427276611,30.264846801757812,0.986107349395752,0.671635627746582,-69.33943176269531,-99.60427856445312,2.8145084381103516,0.4126984179019928,0.6060203909873962,0.08308541774749756,0.36669525504112244,0.9632568955421448,0.6645570993423462,0.8168467283248901,0.4501514732837677,0.028571676462888718,0.1111111119389534,26.430768966674805,10.224005699157715,40.0,0.9703356623649597,0.6497541069984436,45.0,5.0,2.796875,0.3492063581943512
retro__sweep_saw_2__185_1024.pt,-14.181936264038086,1.3335933685302734,6.877098083496094,0.9913473725318909,0.5520601272583008,-12.587274551391602,-19.464372634887695,0.07234569638967514,0.23497267067432404,11.039648056030273,0.31153687834739685,1.385711669921875,0.9737971425056458,0.7169663906097412,11.788838386535645,10.40312671661377,0.1150420680642128,0.5792349576950073,-141.63587951660156,16.266063690185547,68.16539001464844,0.9145298600196838,0.8423367738723755,-89.95663452148438,-158.1220245361328,13.935652732849121,0.6775956153869629,0.5500166416168213,0.04960870370268822,0.17035341262817383,0.9141765236854553,0.6258181929588318,0.6723475456237793,0.5019941329956055,0.004835590720176697,0.5409836173057556,11.821621894836426,9.26515007019043,34.0,0.8982203006744385,0.7510838508605957,37.0,3.0,0.41847825050354004,0.10928961634635925
filter__bit_sweep__16_1024.pt,-8.57038688659668,1.4173545837402344,4.105422496795654,0.873504102230072,0.7255445718765259,-6.217714786529541,-10.323137283325195,0.3994377553462982,0.4285714328289032,12.672249794006348,0.16073065996170044,0.4990682601928711,0.9204245805740356,0.5865976810455322,12.91580581665039,12.41673755645752,0.06884117424488068,0.5,-51.708099365234375,5.895238876342773,22.284252166748047,0.9515931606292725,0.7033072710037231,-41.845035552978516,-64.12928771972656,4.326433181762695,0.5714285969734192,0.49285730719566345,0.08699684590101242,0.30178648233413696,0.9590626955032349,0.6051664352416992,0.5757573843002319,0.27397090196609497,0.03327605500817299,0.5,96.875,33.34241485595703,125.0,0.9186897277832031,0.8230737447738647,172.0,47.0,24.66666603088379,0.6428571343421936
vintage__jun_square_stack__230_1024.pt,-11.704676628112793,1.0277433395385742,4.191266059875488,0.9689007997512817,0.563258171081543,-9.385248184204102,-13.57651424407959,0.07740522921085358,0.10964912176132202,11.38337516784668,0.08126047998666763,0.4075641632080078,0.9797362089157104,0.7200824022293091,11.606721878051758,11.19915771484375,0.033721718937158585,0.5964912176132202,-79.41878509521484,2.4030468463897705,9.881034851074219,0.9717311859130859,0.6782722473144531,-74.0785903930664,-83.95962524414062,0.6699738502502441,0.5657894611358643,0.32286858558654785,0.033119384199380875,0.1563495397567749,0.9710195660591125,0.5231566429138184,0.42115116119384766,0.26480162143707275,0.0034590698778629303,0.2368421107530594,54.78260803222656,3.8470373153686523,21.0,0.984411895275116,0.7424302697181702,66.0,45.0,1.9257642030715942,0.390350878238678
instrument__jazz_buzz__40_1024.pt,-15.998886108398438,3.2037529945373535,10.065906524658203,0.9340766668319702,0.7066870927810669,-10.825138092041016,-20.89104461669922,0.2581001818180084,0.0,11.100027084350586,0.20086660981178284,0.8499670028686523,0.946847140789032,0.6338561773300171,11.618209838867188,10.768242835998535,0.06798279285430908,0.34210526943206787,-96.3134765625,5.5587382316589355,23.097625732421875,0.9157365560531616,0.79486483335495,-80.02085876464844,-103.11848449707031,0.9553461074829102,0.44736841320991516,0.2977715730667114,0.07164206355810165,0.27894777059555054,0.9300149083137512,0.7670002579689026,0.47441616654396057,0.19546838104724884,0.007333940360695124,0.05263157933950424,12.350000381469727,8.232362747192383,37.0,0.8433481454849243,0.8820162415504456,43.0,6.0,1.2051281929016113,0.1315789520740509
noise__modulated_kodiak__64_1024.pt,-5.742158889770508,0.7417490482330322,3.4247541427612305,0.9760082960128784,0.7310439944267273,-4.090227127075195,-7.514981269836426,0.6987262964248657,0.6290322542190552,11.885879516601562,0.41318070888519287,2.4163551330566406,0.9921286702156067,0.6217072606086731,12.453776359558105,10.037421226501465,0.3625980317592621,0.6774193644523621,-77.41416931152344,12.061305046081543,42.53473663330078,0.9569517374038696,0.7559834718704224,-56.16795349121094,-98.70269012451172,8.4598388671875,0.6451612710952759,0.48596757650375366,0.045284099876880646,0.2185772955417633,0.9743621945381165,0.7718511819839478,0.5991621613502502,0.38058486580848694,0.05316353961825371,0.7096773982048035,116.8125,40.9152717590332,151.0,0.9431460499763489,0.7953832745552063,205.0,54.0,28.603174209594727,0.7096773982048035
noise__vinyl_dirt_soft__125_1024.pt,-31.563581466674805,3.8207218647003174,16.507720947265625,0.9683599472045898,0.8420210480690002,-22.00605010986328,-38.513771057128906,3.6737968921661377,0.6178861856460571,12.548379898071289,0.23266726732254028,1.1322832107543945,0.9805788397789001,0.8062317371368408,13.114623069763184,11.982339859008789,0.2372712343931198,0.6260162591934204,-34.790218353271484,8.015496253967285,38.342613220214844,0.9753692150115967,0.8157370090484619,-13.627092361450195,-51.969703674316406,8.702062606811523,0.6747967600822449,0.4495301842689514,0.02373608946800232,0.12152504920959473,0.9885056018829346,0.7351073026657104,0.49479418992996216,0.37326914072036743,0.023914262652397156,0.6341463327407837,234.3679962158203,61.036415100097656,287.0,0.976597785949707,0.8144017457962036,388.0,101.0,63.70161437988281,0.6829268336296082
basics__sub_1__129_1024.pt,-9.598965644836426,0.36480486392974854,1.1409568786621094,0.9363471269607544,0.352835088968277,-8.945722579956055,-10.086679458618164,0.017641521990299225,0.015748031437397003,8.975284576416016,1.695453405380249,5.243147850036621,0.9579544067382812,0.642004668712616,11.211499214172363,5.968351364135742,0.042316533625125885,0.06299212574958801,-150.20945739746094,13.203553199768066,45.396270751953125,0.8256442546844482,0.7787818312644958,-114.48710632324219,-159.8833770751953,0.3660852909088135,0.28346458077430725,0.6735777258872986,0.12258245050907135,0.40465646982192993,0.841014564037323,0.7714253067970276,0.9890177845954895,0.5843613147735596,0.0031613786704838276,0.0,22.612403869628906,14.049749374389648,44.0,0.9490569829940796,0.669894814491272,45.0,1.0,0.34375,0.0
noise__radio_2__251_1024.pt,-10.456131935119629,1.302303433418274,7.597801208496094,0.9920938014984131,0.7710527777671814,-7.461448669433594,-15.059249877929688,1.269906759262085,0.6265060305595398,11.725467681884766,0.2872678339481354,1.1487951278686523,0.9837446212768555,0.6621944308280945,12.141157150268555,10.992362022399902,0.10449628531932831,0.586345374584198,-86.28992462158203,10.121476173400879,35.55397033691406,0.9780322313308716,0.7065415978431702,-73.21290588378906,-108.76687622070312,4.002704620361328,0.586345374584198,0.5070614814758301,0.03148588538169861,0.19770216941833496,0.9918395280838013,0.7721410393714905,0.5960471630096436,0.3983449935913086,0.03243205323815346,0.6305220723152161,138.13943481445312,36.376922607421875,134.0,0.9699264168739319,0.7452733516693115,205.0,71.0,15.303999900817871,0.6144578456878662
harmonics__sines_5__10_1024.pt,-9.349239349365234,0.6776346564292908,1.8447551727294922,0.8234063386917114,0.806344747543335,-8.224254608154297,-10.069009780883789,0.8314613699913025,0.625,7.627553462982178,1.1197630167007446,3.2411813735961914,0.8916283845901489,0.752776026725769,9.187251091003418,5.946069717407227,0.7283720374107361,0.375,-159.67800903320312,0.1316959112882614,0.3894805908203125,0.8722099661827087,0.7893965244293213,-159.47201538085938,-159.8614959716797,0.1031256765127182,0.5,0.7836037874221802,0.23604005575180054,0.6106753945350647,0.9086366891860962,0.6141354441642761,0.9974164962768555,0.38674110174179077,0.13473738729953766,0.125,2.4000000953674316,0.6992058753967285,2.0,0.931106686592102,0.761866569519043,3.0,1.0,0.8888888955116272,0.75
basics__beating_3__110_1024.pt,-11.235488891601562,0.4774349331855774,2.8520450592041016,0.9935868978500366,0.5390658974647522,-10.632795333862305,-13.484840393066406,0.07799779623746872,0.5648148059844971,12.630650520324707,0.06570751965045929,0.5757780075073242,0.9972947835922241,0.5116828083992004,12.678271293640137,12.102493286132812,0.026342375203967094,0.6666666865348816,-73.76162719726562,2.1857264041900635,11.032081604003906,0.986352264881134,0.6138426065444946,-69.5145034790039,-80.54658508300781,0.9112231731414795,0.6481481194496155,0.40168297290802,0.01489689014852047,0.13547396659851074,0.9963698983192444,0.4720008969306946,0.44221067428588867,0.30673670768737793,0.003537204349413514,0.5462962985038757,276.97271728515625,26.215219497680664,96.0,0.9825758934020996,0.5540801286697388,299.0,203.0,5.229357719421387,0.5462962985038757
collection__rust__256_1024.pt,-10.282329559326172,1.6141537427902222,6.726543426513672,0.9752908945083618,0.5374535918235779,-7.004180908203125,-13.730724334716797,0.10580608248710632,0.027559055015444756,12.02106761932373,1.256293535232544,5.052726745605469,0.9868621826171875,0.428893119096756,13.272454261779785,8.219727516174316,0.04754252731800079,0.015748031437397003,-67.70977783203125,29.123470306396484,120.71101379394531,0.9832150936126709,0.5092032551765442,-24.126628875732422,-144.837646484375,1.0791072845458984,0.007874015718698502,0.5469344854354858,0.12136093527078629,0.47955793142318726,0.9586454033851624,0.4113621115684509,0.8419234156608582,0.3623654842376709,0.0042006936855614185,0.019685039296746254,76.234375,66.10905456542969,362.0,0.9090084433555603,0.7781010866165161,374.0,12.0,2.552941083908081,0.05511811003088951
basics__fm_harmonics__256_1024.pt,-9.495843887329102,2.5807077884674072,8.056452751159668,0.9748384952545166,0.5968372225761414,-6.867547035217285,-14.923999786376953,0.03368185833096504,0.12204724550247192,10.138856887817383,1.9368962049484253,7.2508344650268555,0.9806698560714722,0.6193318367004395,12.80433177947998,5.553497314453125,0.0752580463886261,0.586614191532135,-109.41552734375,40.3745231628418,115.29316711425781,0.9322007298469543,0.6739424467086792,-43.63523864746094,-158.92840576171875,2.9831976890563965,0.712598443031311,0.6611934900283813,0.05930473282933235,0.1805964708328247,0.9563511610031128,0.6151379942893982,0.7498443126678467,0.569247841835022,0.0011841601226478815,0.27952754497528076,64.6953125,46.01612091064453,148.0,0.9371927976608276,0.6882477402687073,155.0,7.0,1.3450980186462402,0.24803149700164795
harmonics__synced_sines__256_1024.pt,-8.36170768737793,0.7054129242897034,1.9775824546813965,0.95650714635849,0.6213358640670776,-7.547684192657471,-9.525266647338867,0.00910799391567707,0.19685038924217224,7.197495460510254,0.9614371061325073,3.327183723449707,0.9322581887245178,0.6980891227722168,9.424253463745117,6.09706974029541,0.07155227661132812,0.4645669162273407,-159.3994140625,0.2157476395368576,1.1069488525390625,0.9549899101257324,0.7800537943840027,-158.58518981933594,-159.692138671875,0.08000972867012024,0.6535432934761047,0.5195276737213135,0.03442459553480148,0.13704735040664673,0.9723188877105713,0.5752418041229248,0.5897805690765381,0.45273321866989136,0.003808345878496766,0.04724409431219101,6.25390625,1.2993152141571045,5.0,0.9838385581970215,0.643345296382904,8.0,3.0,0.11764705926179886,0.007874015718698502
complex__bitkart__149_1024.pt,-7.390117168426514,1.0411040782928467,4.918123245239258,0.9828135967254639,0.6526693105697632,-4.934290885925293,-9.85241413116455,0.4606954753398895,0.6326530575752258,11.59207534790039,1.1221944093704224,3.519084930419922,0.9688212275505066,0.5549488663673401,12.90445327758789,9.385368347167969,0.26825425028800964,0.5102040767669678,-93.86654663085938,23.64826011657715,85.38951110839844,0.9533697962760925,0.596446692943573,-46.47773742675781,-131.86724853515625,7.801337242126465,0.5850340127944946,0.5096468925476074,0.06379543244838715,0.26061511039733887,0.9746594429016113,0.690132737159729,0.63566654920578,0.37505143880844116,0.04267702251672745,0.5306122303009033,40.77852249145508,21.839662551879883,118.0,0.9470161199569702,0.7618681192398071,130.0,12.0,16.83783721923828,0.5986394286155701
collection__olive__256_1024.pt,-11.600936889648438,1.7183609008789062,9.260736465454102,0.9834710955619812,0.4828149080276489,-6.573645114898682,-15.834381103515625,0.3743198812007904,0.09842519462108612,10.898398399353027,0.40731948614120483,1.8339033126831055,0.9802452921867371,0.4782474935054779,11.863572120666504,10.029668807983398,0.026480073109269142,0.07874015718698502,-100.4947738647461,6.931230545043945,39.39812469482422,0.9912031888961792,0.4997458755970001,-83.86962127685547,-123.26774597167969,0.5997267961502075,0.11417322605848312,0.5021002888679504,0.07490517199039459,0.2903134524822235,0.959536075592041,0.5103872418403625,0.6742120981216431,0.38389864563941956,0.005656728520989418,0.11811023950576782,66.1484375,16.880706787109375,62.0,0.9576566815376282,0.600487232208252,102.0,40.0,1.7215685844421387,0.18503937125205994
formant__riser__87_1024.pt,-6.377187252044678,0.8476909399032593,3.011733055114746,0.9810501933097839,0.5651988387107849,-5.775721549987793,-8.787454605102539,0.03857503831386566,0.0117647061124444,11.234413146972656,0.1897503286600113,0.5466699600219727,0.9324776530265808,0.6369602680206299,11.521444320678711,10.974774360656738,0.007740930188447237,0.0470588244497776,-119.32386779785156,11.56277084350586,39.73213195800781,0.9427055716514587,0.7048858404159546,-96.37132263183594,-136.10345458984375,0.5381656885147095,0.30588236451148987,0.29996949434280396,0.08233727514743805,0.2999728322029114,0.9572362303733826,0.656985342502594,0.45766496658325195,0.15769213438034058,0.004410186316817999,0.0470588244497776,52.11494064331055,10.631704330444336,53.0,0.9623866677284241,0.7467486262321472,86.0,33.0,2.0116279125213623,0.1411764770746231
collection__amber__256_1024.pt,-13.31271743774414,2.0645976066589355,8.171733856201172,0.9720932245254517,0.38775280117988586,-9.24449348449707,-17.416227340698242,0.11193114519119263,0.019685039296746254,11.028116226196289,0.9938169121742249,3.9495601654052734,0.986397385597229,0.5956743359565735,12.133475303649902,8.183915138244629,0.01627880148589611,0.015748031437397003,-97.48607635498047,24.21279525756836,79.71063995361328,0.9753633737564087,0.6151365637779236,-68.4692611694336,-148.17990112304688,0.35063695907592773,0.26377952098846436,0.6329043507575989,0.1134851798415184,0.44059303402900696,0.963065505027771,0.6825177073478699,0.8826688528060913,0.44207581877708435,0.0018954650731757283,0.023622047156095505,65.26171875,42.63145446777344,131.0,0.9411475658416748,0.6100502610206604,139.0,8.0,0.8352941274642944,0.06299212574958801
retro__echoes__185_1024.pt,-11.062102317810059,1.772754192352295,6.794269561767578,0.9420575499534607,0.6819767951965332,-6.47573184967041,-13.270001411437988,0.18263186514377594,0.2950819730758667,12.274270057678223,0.2400393784046173,0.8879766464233398,0.9612408876419067,0.6804412007331848,12.771817207336426,11.883840560913086,0.03536134585738182,0.562841534614563,-89.27139282226562,15.16753101348877,58.773468017578125,0.9429191946983337,0.7630987167358398,-52.07781982421875,-110.85128784179688,2.224743127822876,0.4972677528858185,0.6866614818572998,0.23425711691379547,0.7230355739593506,0.9651914238929749,0.6467862725257874,0.9856275320053101,0.2625919580459595,0.024549541994929314,0.6120218634605408,12.037837982177734,13.149792671203613,56.0,0.8814364075660706,0.8357672095298767,57.0,1.0,2.0217392444610596,0.24590164422988892
instrument__piano__73_1024.pt,-9.727209091186523,1.0210918188095093,5.008510589599609,0.9849768877029419,0.6632798910140991,-7.790618896484375,-12.799129486083984,0.6831715703010559,0.5211267471313477,10.388689041137695,0.3856862783432007,1.5046863555908203,0.918424665927887,0.6507017016410828,11.448366165161133,9.943679809570312,0.060898199677467346,0.47887325286865234,-111.19132232666016,13.69144344329834,46.772064208984375,0.9142324924468994,0.6426935791969299,-80.42129516601562,-127.193359375,1.7953262329101562,0.3802816867828369,0.5042764544487,0.03969118371605873,0.18493330478668213,0.9754431843757629,0.6937538981437683,0.5969782471656799,0.4120449423789978,0.01901538483798504,0.5352112650871277,49.356163024902344,8.620662689208984,48.0,0.9496689438819885,0.799039900302887,85.0,37.0,2.402777671813965,0.4225352108478546
complex__octa_phase__117_1024.pt,-10.70988941192627,1.2931098937988281,5.521548271179199,0.9258968830108643,0.6520509123802185,-6.615540504455566,-12.137088775634766,0.15931418538093567,0.208695650100708,12.081392288208008,0.1348293572664261,0.5918998718261719,0.9811972379684448,0.6426980495452881,12.34280776977539,11.750907897949219,0.023287568241357803,0.530434787273407,-70.85105895996094,9.507377624511719,33.815521240234375,0.9602764844894409,0.6103898286819458,-53.114715576171875,-86.93023681640625,0.6259074211120605,0.5130434632301331,0.5241867303848267,0.062353938817977905,0.3438628315925598,0.9869764447212219,0.5739019513130188,0.6813308596611023,0.3374680280685425,0.007357712369412184,0.2347826063632965,53.735042572021484,30.757783889770508,112.0,0.929623007774353,0.6155558824539185,129.0,17.0,3.8620688915252686,0.46086955070495605
basics__sync_additive__256_1024.pt,-8.989715576171875,0.4657352566719055,2.6479578018188477,0.9904763102531433,0.7177176475524902,-7.824109077453613,-10.472066879272461,0.4318116307258606,0.712598443031311,12.87663459777832,0.07768799364566803,0.7647008895874023,0.998339831829071,0.5159921050071716,12.974267959594727,12.209567070007324,0.04707753285765648,0.5078740119934082,-42.25988006591797,2.442934036254883,14.507217407226562,0.9936904907226562,0.6270772218704224,-37.9410514831543,-52.44826889038086,1.7875107526779175,0.5157480239868164,0.27235591411590576,0.03762925788760185,0.24866515398025513,0.9916059374809265,0.7295082807540894,0.38473477959632874,0.1360696256160736,0.03179407864809036,0.539370059967041,171.71875,17.098073959350586,108.0,0.9884157776832581,0.7738585472106934,229.0,121.0,15.53725528717041,0.6181102395057678
formant__tuvan__128_1024.pt,-10.182984352111816,1.0215373039245605,3.9209136962890625,0.9510239362716675,0.5081878304481506,-7.867064476013184,-11.787978172302246,0.11149385571479797,0.0793650820851326,9.764178276062012,0.21035073697566986,0.7189779281616211,0.9086293578147888,0.7278348207473755,10.263323783874512,9.54434585571289,0.009379447437822819,0.4047619104385376,-142.8663787841797,2.566938877105713,11.192428588867188,0.9639331698417664,0.6982009410858154,-135.8547821044922,-147.04721069335938,0.852667510509491,0.6904761791229248,0.3945314884185791,0.025905665010213852,0.11335015296936035,0.9581441283226013,0.5015674829483032,0.46629026532173157,0.3529401123523712,0.0027726239059120417,0.1269841343164444,31.0703125,3.1226468086242676,12.0,0.974419891834259,0.6032173037528992,36.0,24.0,0.5433070659637451,0.0317460335791111
noise__crash__254_1024.pt,-9.426630020141602,0.959854781627655,5.2096967697143555,0.9894992113113403,0.7970253825187683,-7.2154083251953125,-12.425105094909668,1.0320098400115967,0.6230158805847168,10.90322494506836,0.20104070007801056,1.2318429946899414,0.9796182513237,0.7613937854766846,11.706477165222168,10.474634170532227,0.11457940936088562,0.658730149269104,-101.93973541259766,4.269720077514648,36.70782470703125,0.979048490524292,0.8223891258239746,-73.59009552001953,-110.29792022705078,2.478386878967285,0.6230158805847168,0.4873510003089905,0.03981020674109459,0.2546255886554718,0.9926421642303467,0.7755350470542908,0.5971348881721497,0.34250929951667786,0.04252871870994568,0.670634925365448,65.42913055419922,12.215816497802734,101.0,0.9586552977561951,0.8410041332244873,149.0,48.0,6.2569169998168945,0.6269841194152832
instrument__strings_1__256_1024.pt,-12.984272003173828,2.491629123687744,21.751461029052734,0.9979560971260071,0.516737699508667,-9.589573860168457,-31.341035842895508,0.20387235283851624,0.12204724550247192,9.154431343078613,0.17944693565368652,0.7896871566772461,0.983713686466217,0.6744673848152161,9.501608848571777,8.711921691894531,0.05643569678068161,0.5196850299835205,-136.07955932617188,5.529045104980469,41.7674560546875,0.9651618003845215,0.753211259841919,-103.4180908203125,-145.185546875,0.9323192834854126,0.6141732335090637,0.5023343563079834,0.046311184763908386,0.20782575011253357,0.9844090938568115,0.6720119118690491,0.5965989828109741,0.38877323269844055,0.0075712488032877445,0.26377952098846436,23.90234375,2.4258077144622803,13.0,0.9828574657440186,0.7889999151229858,31.0,18.0,1.545098066329956,0.3937007784843445
basics__beating_4__111_1024.pt,-11.104442596435547,0.5940454006195068,3.223398208618164,0.9928829669952393,0.5102144479751587,-10.416158676147461,-13.639556884765625,0.12139668315649033,0.6605504751205444,12.632396697998047,0.08096066117286682,0.7544498443603516,0.9974163174629211,0.498304158449173,12.721199989318848,11.966750144958496,0.03499685600399971,0.6605504751205444,-73.920654296875,1.9700126647949219,10.721527099609375,0.990042507648468,0.5647335052490234,-70.22813415527344,-80.94966125488281,0.860586941242218,0.6605504751205444,0.5335575342178345,0.02240283600986004,0.1799108386039734,0.9961583018302917,0.47379302978515625,0.5722430348396301,0.39233219623565674,0.005215361248701811,0.38532111048698425,267.6036071777344,24.2911434173584,87.0,0.9782755970954895,0.5106860399246216,297.0,210.0,5.072727203369141,0.5504587292671204
distortion__clipped_sweep__64_1024.pt,-5.028525352478027,1.328804612159729,4.494907379150391,0.9587043523788452,0.6675291061401367,-3.029067039489746,-7.523974418640137,0.7342950701713562,0.4354838728904724,12.922369003295898,0.45522695779800415,2.8467206954956055,0.9933676719665527,0.5357911586761475,13.449569702148438,10.602849006652832,0.21204517781734467,0.4838709533214569,-38.84600067138672,11.899653434753418,55.821285247802734,0.9830244183540344,0.6021108627319336,-18.683338165283203,-74.50462341308594,4.024471759796143,0.4838709533214569,0.5537703633308411,0.06445959210395813,0.4226396977901459,0.9591562151908875,0.8247643113136292,0.8716333508491516,0.44899365305900574,0.05322612076997757,0.6451612710952759,215.203125,108.76699829101562,410.0,0.9552134275436401,0.7414949536323547,447.0,37.0,49.55555725097656,0.4838709533214569
vintage__minifilter__6_1024.pt,-12.711551666259766,1.2952030897140503,3.5607051849365234,0.7455573678016663,0.8360463380813599,-10.491188049316406,-14.05189323425293,1.596701979637146,0.75,8.784740447998047,0.6817057728767395,1.849440574645996,0.8557818531990051,0.825353741645813,9.632938385009766,7.7834978103637695,0.8898689150810242,0.5,-129.59979248046875,26.586816787719727,63.180389404296875,0.7289205193519592,0.8870521187782288,-92.459228515625,-155.63961791992188,34.31188201904297,1.0,0.6091657876968384,0.11152371019124985,0.2687356472015381,0.7118209600448608,0.9182829856872559,0.7754762768745422,0.5067406296730042,0.16204915940761566,1.0,25.66666603088379,5.537749290466309,16.0,0.8155996799468994,0.882320761680603,35.0,19.0,7.0,0.75
harmonics__spectral_1__24_1024.pt,-11.299235343933105,2.543320655822754,8.95466423034668,0.86357182264328,0.8278898000717163,-4.927347183227539,-13.882011413574219,0.4006747305393219,0.1818181872367859,10.390336036682129,0.41498810052871704,1.1540489196777344,0.9054405093193054,0.6772579550743103,10.97105598449707,9.817007064819336,0.05814071372151375,0.22727273404598236,-156.07681274414062,1.5254915952682495,5.82452392578125,0.9527735710144043,0.7212204933166504,-153.18548583984375,-159.010009765625,0.42202228307724,0.3636363744735718,0.515492856502533,0.09132721275091171,0.3256503939628601,0.9584578275680542,0.5535047054290771,0.6294444799423218,0.30379408597946167,0.04296204447746277,0.40909090638160706,22.83333396911621,7.816741466522217,27.0,0.9534575343132019,0.6909192800521851,34.0,7.0,1.1739130020141602,0.0
complex__transformations__256_1024.pt,-11.447957992553711,1.516228199005127,6.251987934112549,0.9635938405990601,0.4675504267215729,-7.68720006942749,-13.939188003540039,0.1691417247056961,0.05905511975288391,10.201408386230469,1.7511385679244995,5.2562103271484375,0.9628873467445374,0.6150508522987366,12.30184555053711,7.045635223388672,0.022500034421682358,0.07480315119028091,-107.80378723144531,34.0584831237793,100.17396545410156,0.9477814435958862,0.6391147971153259,-56.59992599487305,-156.77389526367188,0.4794516861438751,0.18503937125205994,0.4305962920188904,0.024938680231571198,0.10536593198776245,0.9831865429878235,0.4471181333065033,0.4712454676628113,0.36587953567504883,0.0019595040939748287,0.07874015718698502,83.98828125,59.123897552490234,184.0,0.9378336071968079,0.5545591711997986,192.0,8.0,1.384313702583313,0.09055118262767792
basics__fm_fold__78_1024.pt,-11.058767318725586,0.5921550989151001,2.0245609283447266,0.9543559551239014,0.6594276428222656,-9.98868465423584,-12.013245582580566,0.08981921523809433,0.17105263471603394,9.547218322753906,1.0779765844345093,4.092243194580078,0.9766470193862915,0.635791003704071,11.024044036865234,6.931800842285156,0.05314601585268974,0.0,-150.21144104003906,9.814275741577148,33.587249755859375,0.8721661567687988,0.7703171372413635,-125.86701965332031,-159.4542694091797,0.46231159567832947,0.28947368264198303,0.5475367307662964,0.06652963161468506,0.354491651058197,0.9750286936759949,0.6388322114944458,0.7506531476974487,0.3961614966392517,0.011369858868420124,0.44736841320991516,37.25640869140625,16.248424530029297,50.0,0.9506203532218933,0.6630224585533142,61.0,11.0,1.1688311100006104,0.19736842811107635
instrument__finger_off__108_1024.pt,-29.06649398803711,6.714754581451416,27.487266540527344,0.896665096282959,0.7880160808563232,-8.20611572265625,-35.693382263183594,0.4321824312210083,0.2641509473323822,9.512799263000488,0.21216225624084473,1.8429651260375977,0.9582933783531189,0.8683730363845825,11.077837944030762,9.234872817993164,0.08152135461568832,0.5943396091461182,-112.97716522216797,2.958205223083496,19.940345764160156,0.9805775284767151,0.7441023588180542,-99.98538208007812,-119.92572784423828,1.3125710487365723,0.6037735939025879,0.20684050023555756,0.12600864470005035,0.5117464661598206,0.9317421913146973,0.7517915964126587,0.5570127367973328,0.04526626691222191,0.011846199631690979,0.30188679695129395,9.435185432434082,8.099005699157715,60.0,0.8694788813591003,0.9074167013168335,63.0,3.0,1.0467289686203003,0.18867924809455872
basics__5th_brutal__233_1024.pt,-5.688008785247803,0.9763087630271912,3.716179847717285,0.9849227666854858,0.4162728190422058,-4.726049423217773,-8.442229270935059,0.025915656238794327,0.0476190485060215,12.863768577575684,0.038690824061632156,0.11423397064208984,0.9430094957351685,0.6237083077430725,12.927270889282227,12.813036918640137,0.0036993890535086393,0.649350643157959,-46.509456634521484,0.8508729338645935,4.02777099609375,0.9845782518386841,0.5749364495277405,-44.596405029296875,-48.624176025390625,0.16351129114627838,0.5541125535964966,0.9397525191307068,0.005505954381078482,0.03753507137298584,0.9859035015106201,0.8022639155387878,0.9625412821769714,0.9250062108039856,0.004933762364089489,0.6709956526756287,75.16309356689453,5.883130073547363,32.0,0.9836791753768921,0.6867250800132751,93.0,61.0,2.2974138259887695,0.5584415793418884
harmonics__sines_1__16_1024.pt,-10.482014656066895,0.5566273331642151,2.484832763671875,0.9425928592681885,0.7922421097755432,-8.980226516723633,-11.465059280395508,0.47597840428352356,0.7142857313156128,8.209747314453125,0.8871691823005676,2.6505613327026367,0.9127353429794312,0.7357672452926636,9.46646785736084,6.815906524658203,0.18003660440444946,0.1428571492433548,-159.6810302734375,0.08334001898765564,0.3021240234375,0.9477580189704895,0.703716516494751,-159.55821228027344,-159.86033630371094,0.02974344976246357,0.3571428656578064,0.8897114992141724,0.13533705472946167,0.3103076219558716,0.8974149227142334,0.6960662007331848,0.9884604215621948,0.6781527996063232,0.044260844588279724,0.5,2.375,0.8062257766723633,3.0,0.9386104345321655,0.7768116593360901,4.0,1.0,0.46666666865348816,0.0714285746216774
complex__verbed__256_1024.pt,-9.934324264526367,1.1972324848175049,6.129549026489258,0.9862169027328491,0.7774266004562378,-7.032793998718262,-13.16234302520752,0.8025224804878235,0.6417322754859924,12.337064743041992,0.2039695382118225,0.9371671676635742,0.9814745187759399,0.682548999786377,12.80458927154541,11.867422103881836,0.07776258885860443,0.5984252095222473,-82.28147888183594,14.626254081726074,56.30641555786133,0.9819397330284119,0.5933711528778076,-61.556888580322266,-117.8633041381836,2.5836880207061768,0.6496062874794006,0.548572838306427,0.0631147101521492,0.3198220431804657,0.9850667715072632,0.7255104780197144,0.707022488117218,0.3872004449367523,0.02879372425377369,0.6338582634925842,98.3828125,44.56801223754883,162.0,0.9619433283805847,0.6251528859138489,187.0,25.0,5.819607734680176,0.4724409580230713
filter__sweep_2__256_1024.pt,-13.460773468017578,2.0485668182373047,7.302668571472168,0.9387677907943726,0.6311411261558533,-8.773686408996582,-16.07635498046875,0.057981301099061966,0.11023622006177902,9.559980392456055,1.441786289215088,4.171731948852539,0.9545843601226807,0.6355101466178894,11.587555885314941,7.415823936462402,0.025195470079779625,0.13385826349258423,-124.79261779785156,21.126131057739258,64.38143920898438,0.9499314427375793,0.6499392986297607,-89.4698486328125,-153.85128784179688,0.38943856954574585,0.24803149700164795,0.6991417407989502,0.05512181296944618,0.2767791748046875,0.9627830982208252,0.6990464329719543,0.8932732939720154,0.6164941191673279,0.0034555229358375072,0.05511811003088951,36.90234375,26.92200469970703,87.0,0.9217787384986877,0.6408264636993408,93.0,6.0,0.5843137502670288,0.011811023578047752
formant__vosm__256_1024.pt,-9.539417266845703,1.5509129762649536,7.983606338500977,0.9889989495277405,0.5848607420921326,-6.399374008178711,-14.382980346679688,0.39723101258277893,0.6811023354530334,11.141876220703125,0.26990440487861633,1.3177070617675781,0.9789522290229797,0.6753036379814148,11.880073547363281,10.562366485595703,0.22864238917827606,0.7755905389785767,-81.01655578613281,8.261037826538086,38.55048751831055,0.9792699217796326,0.6348300576210022,-59.857181549072266,-98.40766906738281,5.442617416381836,0.7755905389785767,0.5195808410644531,0.040813982486724854,0.20734453201293945,0.9826288223266602,0.6987801790237427,0.6306465268135071,0.4233019948005676,0.011958888731896877,0.4055117964744568,69.57421875,17.193317413330078,84.0,0.9697979688644409,0.7410416603088379,124.0,40.0,11.678431510925293,0.7440944910049438
harmonics__shrinking_saws__256_1024.pt,-8.437410354614258,0.6210354566574097,2.254824638366699,0.9764235615730286,0.6222038865089417,-7.569438934326172,-9.824263572692871,0.11317276209592819,0.7992125749588013,11.596596717834473,0.1637837439775467,0.6666288375854492,0.974477231502533,0.6510339379310608,11.935487747192383,11.268858909606934,0.048423971980810165,0.4015747904777527,-94.00418090820312,4.051914215087891,18.452308654785156,0.9810579419136047,0.6126987934112549,-84.62067413330078,-103.07298278808594,0.947712242603302,0.28740158677101135,0.5151435136795044,0.03392218425869942,0.14618316292762756,0.9894682765007019,0.5352185368537903,0.5477579832077026,0.4015748202800751,0.002216737950220704,0.4015747904777527,83.203125,5.922849655151367,31.0,0.9786472320556641,0.7562722563743591,102.0,71.0,2.5843136310577393,0.4803149700164795
basics__saw_dual_3__158_1024.pt,-10.480857849121094,2.387044668197632,9.188197135925293,0.9860856533050537,0.5075650215148926,-8.6882963180542,-17.876493453979492,0.08182822167873383,0.03205128386616707,10.893820762634277,0.06820777803659439,0.42374134063720703,0.9201174974441528,0.7326637506484985,11.24388599395752,10.820144653320312,0.008056397549808025,0.32692307233810425,-101.78942108154297,3.188600778579712,13.97442626953125,0.9231021404266357,0.6674695611000061,-91.15345001220703,-105.12787628173828,0.28320279717445374,0.49358972907066345,0.32462042570114136,0.07284998148679733,0.3370444178581238,0.9834935665130615,0.5989758372306824,0.47056111693382263,0.13351671397686005,0.003085880074650049,0.18589743971824646,54.468353271484375,5.950614929199219,39.0,0.9845176339149475,0.7309763431549072,79.0,40.0,2.5222930908203125,0.48076921701431274
complex__xmod_drive__256_1024.pt,-9.975486755371094,1.2887448072433472,5.265265464782715,0.9575722217559814,0.48702001571655273,-6.677461624145508,-11.942727088928223,0.09538403898477554,0.05118110403418541,12.654293060302734,0.2191298007965088,0.9454355239868164,0.9807155728340149,0.29058414697647095,13.080082893371582,12.134647369384766,0.008297987282276154,0.019685039296746254,-41.223445892333984,9.268904685974121,36.95105743408203,0.9748779535293579,0.3722441494464874,-22.9119873046875,-59.86304473876953,0.35270488262176514,0.05511811003088951,0.4572555422782898,0.0830102488398552,0.41114240884780884,0.9918767213821411,0.550639808177948,0.5345602631568909,0.12341786175966263,0.0021622844506055117,0.019685039296746254,188.68359375,104.17570495605469,361.0,0.9379782676696777,0.475593626499176,425.0,64.0,3.760784387588501,0.06692913174629211
vintage__jn6_double_saws__84_1024.pt,-9.551081657409668,0.9190711975097656,4.784760475158691,0.9858535528182983,0.6938901543617249,-7.508042335510254,-12.292802810668945,0.591746985912323,0.5853658318519592,10.61471176147461,1.1259714365005493,3.7039260864257812,0.9510884284973145,0.6030837297439575,12.52345085144043,8.819524765014648,0.10105086117982864,0.3658536672592163,-99.50761413574219,25.51556968688965,81.15958404541016,0.9275045990943909,0.6713920831680298,-50.35643768310547,-131.51602172851562,2.012512683868408,0.3658536672592163,0.2656567394733429,0.057874441146850586,0.20289099216461182,0.9541170001029968,0.6981963515281677,0.37137681245803833,0.1684858202934265,0.02357742376625538,0.4878048896789551,71.0952377319336,47.60951232910156,154.0,0.9224755167961121,0.7183244228363037,166.0,12.0,5.433734893798828,0.4146341383457184
formant__digital_ah__256_1024.pt,-10.953981399536133,0.8404065370559692,3.193584442138672,0.927496075630188,0.39111772179603577,-8.72626781463623,-11.919852256774902,0.03952078893780708,0.011811023578047752,12.76866340637207,0.048992305994033813,0.1804065704345703,0.9581397771835327,0.4590241312980652,12.872349739074707,12.691943168640137,0.0013746037147939205,0.027559055015444756,-51.534217834472656,6.712118148803711,17.265029907226562,0.9121959805488586,0.6608735918998718,-41.3707275390625,-58.63575744628906,0.071510910987854,0.07874015718698502,0.5118453502655029,0.018621521070599556,0.07845494151115417,0.9510900378227234,0.5822446942329407,0.5643686652183533,0.4859137237071991,0.0006047267816029489,0.019685039296746254,113.1875,21.691146850585938,80.0,0.9351155161857605,0.7205659747123718,167.0,87.0,0.7529411911964417,0.13385826349258423
filter__dark_throaty__254_1024.pt,-10.184008598327637,0.4823016822338104,2.8809642791748047,0.9934701919555664,0.5132455825805664,-9.297679901123047,-12.178644180297852,0.04251742735505104,0.1865079402923584,8.809678077697754,1.234544277191162,3.8862991333007812,0.9548085331916809,0.6580849885940552,10.819429397583008,6.933130264282227,0.01890038512647152,0.1984127014875412,-148.17913818359375,12.151982307434082,37.831390380859375,0.8799314498901367,0.7223750352859497,-120.91105651855469,-158.74244689941406,0.2883978486061096,0.5873016119003296,0.6446000933647156,0.022656509652733803,0.08153653144836426,0.9568714499473572,0.6047427654266357,0.6932785511016846,0.6117420196533203,0.0011620643781498075,0.2738095223903656,29.11811065673828,14.93284797668457,49.0,0.952985405921936,0.6744328141212463,57.0,8.0,0.3083004057407379,0.0515873022377491
basics__fm_feedback__255_1024.pt,-9.213883399963379,0.4555341303348541,1.451014518737793,0.967557966709137,0.5255618095397949,-8.617082595825195,-10.068097114562988,0.009942542761564255,0.49802371859550476,7.305180549621582,1.6178497076034546,5.525064468383789,0.8999048471450806,0.7339092493057251,11.347283363342285,5.822218894958496,0.056099869310855865,0.6047430634498596,-156.45767211914062,10.2847900390625,52.90253448486328,0.6372131705284119,0.8537716865539551,-107.00623321533203,-159.9087677001953,0.25880107283592224,0.7114624381065369,0.7947707176208496,0.11276470869779587,0.38978874683380127,0.961517870426178,0.6659629344940186,0.9999232292175293,0.610134482383728,0.0025116249453276396,0.6086956262588501,8.898038864135742,8.603549003601074,35.0,0.9112028479576111,0.767026424407959,36.0,1.0,0.15354330837726593,0.007905138656497002
retro__sweep_saw_1__185_1024.pt,-14.005237579345703,4.181567192077637,14.067728996276855,0.9798486232757568,0.5895856618881226,-10.540299415588379,-24.608028411865234,0.08221812546253204,0.5519125461578369,10.941548347473145,0.47205039858818054,2.176325798034668,0.9824151396751404,0.6518558859825134,11.891727447509766,9.715401649475098,0.053022876381874084,0.5737704634666443,-145.01492309570312,12.608509063720703,47.86206817626953,0.9069624543190002,0.7825549244880676,-110.22469329833984,-158.08676147460938,3.1271004676818848,0.6612021923065186,0.5187381505966187,0.04669659584760666,0.20680251717567444,0.9893327355384827,0.5325585007667542,0.5544041395187378,0.34760162234306335,0.0027817883528769016,0.5191256999969482,9.551351547241211,5.895725250244141,21.0,0.91611647605896,0.7313219904899597,24.0,3.0,0.135869562625885,0.01092896144837141
basics__sync_digital__184_1024.pt,-8.263198852539062,1.1415351629257202,4.183603763580322,0.9816815257072449,0.5942135453224182,-7.086897373199463,-11.270501136779785,0.07258487492799759,0.5714285969734192,12.925176620483398,0.07307619601488113,0.32408809661865234,0.9887222647666931,0.5132278203964233,13.00740909576416,12.683320999145508,0.010393070057034492,0.5659340620040894,-39.23411560058594,2.5262935161590576,12.188499450683594,0.9882861971855164,0.6303617358207703,-35.110145568847656,-47.29864501953125,0.5594030618667603,0.6208791136741638,0.5072700381278992,0.04680771380662918,0.24650368094444275,0.992107093334198,0.5603574514389038,0.5617262125015259,0.31522253155708313,0.007977922447025776,0.5329670310020447,146.6086883544922,30.377031326293945,131.0,0.9694302082061768,0.7137494683265686,220.0,89.0,8.076502799987793,0.34065935015678406
basics__basic_shapes__4_1024.pt,-10.189407348632812,1.045151710510254,2.5386962890625,0.7404252886772156,0.6501381993293762,-8.888946533203125,-11.427642822265625,1.3016605377197266,0.5,9.943191528320312,3.8673319816589355,7.324314117431641,0.669811487197876,0.754604697227478,13.256143569946289,5.931829452514648,2.4417026042938232,0.5,-97.778076171875,69.41108703613281,124.30265808105469,0.5530052185058594,0.6157384514808655,-35.638431549072266,-159.9410858154297,42.81003189086914,0.5,0.887188196182251,0.22562354803085327,0.4512472152709961,0.7924812436103821,0.8649734854698181,1.0000001192092896,0.5487529039382935,0.3008314371109009,0.5,39.5,46.857940673828125,100.0,0.5341126322746277,0.9087096452713013,101.0,1.0,50.0,0.5
filter__nasal__27_1024.pt,-9.221868515014648,0.5619016289710999,2.1464691162109375,0.9509544372558594,0.5941930413246155,-8.120728492736816,-10.267197608947754,0.26098892092704773,0.20000000298023224,11.852846145629883,0.3903981149196625,1.14825439453125,0.8889127373695374,0.7544116377830505,12.540657043457031,11.392402648925781,0.04764626547694206,0.11999999731779099,-68.04991149902344,6.940418720245361,23.618968963623047,0.9284685850143433,0.7425012588500977,-54.8258171081543,-78.44478607177734,1.0147870779037476,0.2800000011920929,0.5285710096359253,0.04017195105552673,0.13679403066635132,0.9346697926521301,0.5517438650131226,0.6054278016090393,0.468633770942688,0.011990010738372803,0.20000000298023224,98.55555725097656,36.406185150146484,127.0,0.9330161809921265,0.724959135055542,166.0,39.0,5.346153736114502,0.11999999731779099
instrument__organ__256_1024.pt,-13.765448570251465,1.1033533811569214,8.82426929473877,0.9806051850318909,0.7475464940071106,-7.26755428314209,-16.09182357788086,0.29587510228157043,0.5078740119934082,13.208956718444824,0.10560955107212067,0.7231340408325195,0.9955712556838989,0.5518425703048706,13.378458023071289,12.65532398223877,0.04189613088965416,0.6535432934761047,-64.21217346191406,3.605147361755371,22.32720184326172,0.9756741523742676,0.7258152961730957,-49.12989807128906,-71.45709991455078,1.3867267370224,0.5433070659637451,0.42167431116104126,0.060952574014663696,0.3066120445728302,0.9823062419891357,0.5020993947982788,0.5854426622390747,0.2788306176662445,0.0072408695705235004,0.3976377844810486,28.3046875,9.067985534667969,105.0,0.953687846660614,0.9053805470466614,124.0,19.0,2.56862735748291,0.4409448802471161
distortion__wow__18_1024.pt,-7.557340621948242,3.049525737762451,9.179216384887695,0.9478715658187866,0.6582759618759155,-4.945413112640381,-14.124629020690918,0.8567089438438416,0.375,12.634819984436035,0.21030229330062866,0.7099771499633789,0.9547897577285767,0.6680479049682617,12.86357593536377,12.15359878540039,0.07370416074991226,0.375,-51.6842155456543,7.158328533172607,25.097949981689453,0.9490595459938049,0.671455979347229,-40.863643646240234,-65.96159362792969,3.6377828121185303,0.5,0.4683549702167511,0.07559788972139359,0.31031933426856995,0.9432090520858765,0.7129390835762024,0.6367228031158447,0.3264034688472748,0.056928712874650955,0.5625,120.33333587646484,63.118003845214844,187.0,0.9078869819641113,0.678741455078125,218.0,31.0,32.882354736328125,0.5
complex__ripped_sync__29_1024.pt,-9.653690338134766,0.8161566853523254,3.9975686073303223,0.9432864189147949,0.7772223353385925,-6.963721752166748,-10.96129035949707,0.6506577730178833,0.6296296119689941,12.20746898651123,0.06509756296873093,0.2575645446777344,0.943604052066803,0.7302991151809692,12.358362197875977,12.100797653198242,0.04294511303305626,0.6296296119689941,-67.92725372314453,5.750117301940918,22.454158782958984,0.974288821220398,0.6344373822212219,-62.068668365478516,-84.5228271484375,2.3671352863311768,0.6666666865348816,0.2966293394565582,0.08432822674512863,0.2578142285346985,0.853795051574707,0.7768440246582031,0.47370973229408264,0.21589551866054535,0.0238953847438097,0.5555555820465088,118.03448486328125,17.957256317138672,97.0,0.9684872031211853,0.72676682472229,175.0,78.0,13.428571701049805,0.5925925970077515
filter__acid_pulse__72_1024.pt,-20.5467472076416,4.205333709716797,13.601471900939941,0.9571949243545532,0.6559263467788696,-14.509469032287598,-28.11094093322754,0.19883489608764648,0.014285714365541935,7.81966495513916,1.2744660377502441,4.301667213439941,0.9248321652412415,0.7296350598335266,10.489068984985352,6.18740177154541,0.07386095821857452,0.20000000298023224,-143.64385986328125,8.195178031921387,35.42889404296875,0.8994000554084778,0.8173779249191284,-116.15362548828125,-151.58251953125,1.259785771369934,0.5428571701049805,0.35210973024368286,0.07066882401704788,0.19917532801628113,0.9269993305206299,0.6816306710243225,0.4578874707221985,0.25871214270591736,0.0036960295401513577,0.4285714328289032,21.23611068725586,14.7538423538208,57.0,0.9047443866729736,0.7880998253822327,63.0,6.0,0.9154929518699646,0.11428571492433548
basics__saw_dual_2__111_1024.pt,-16.315397262573242,0.7082557082176208,4.843128204345703,0.9900491237640381,0.5163537263870239,-13.831064224243164,-18.674192428588867,0.09224393218755722,0.4678899049758911,12.062849998474121,0.5396642088890076,2.01654052734375,0.9792349338531494,0.5830814838409424,12.67822265625,10.66168212890625,0.03243834897875786,0.24770642817020416,-73.8218002319336,14.244858741760254,54.06354904174805,0.9829648733139038,0.5591433644294739,-61.42387771606445,-115.4874267578125,0.7946016192436218,0.3211009204387665,0.5291453003883362,0.034268610179424286,0.2913179397583008,0.9954259395599365,0.4643856883049011,0.626555860042572,0.33523792028427124,0.006727326661348343,0.19266055524349213,219.96395874023438,35.32573699951172,124.0,0.9691888689994812,0.45146551728248596,274.0,150.0,4.318181991577148,0.35779815912246704
harmonics__spectral_3__8_1024.pt,-8.79355239868164,1.0439739227294922,2.734905242919922,0.8284291625022888,0.7819827198982239,-7.335180282592773,-10.070085525512695,1.2088773250579834,0.5,9.223533630371094,1.712850570678711,5.0374345779418945,0.9141436219215393,0.6744466423988342,10.976673126220703,5.939238548278809,1.7711305618286133,0.5,-159.36624145507812,0.38274258375167847,1.2209625244140625,0.8583034873008728,0.8646118640899658,-158.64239501953125,-159.8633575439453,0.4294215738773346,0.5,0.6803107261657715,0.26326751708984375,0.6059261560440063,0.7897562384605408,0.7494727969169617,0.9974139332771301,0.3914877474308014,0.13199388980865479,0.5,5.375,4.172614574432373,12.0,0.7941519021987915,0.8768840432167053,13.0,1.0,5.142857074737549,0.5
collection__aureolin__256_1024.pt,-11.079773902893066,1.131417989730835,4.040236473083496,0.9455047845840454,0.2939855754375458,-8.55710220336914,-12.597338676452637,0.05379708483815193,0.011811023578047752,12.502362251281738,0.20639945566654205,0.7507972717285156,0.8393458724021912,0.7639605402946472,13.114741325378418,12.363944053649902,0.003123062662780285,0.035433072596788406,-53.2403678894043,4.574376106262207,15.67095947265625,0.9709343910217285,0.5205878615379333,-46.20368194580078,-61.87464141845703,0.1292237490415573,0.20472441613674164,0.3831723630428314,0.03706507757306099,0.11582064628601074,0.9047185778617859,0.718989372253418,0.46473070979118347,0.34891006350517273,0.0005119662382639945,0.015748031437397003,148.06640625,27.40143585205078,111.0,0.9842603802680969,0.5095915198326111,183.0,72.0,1.0470588207244873,0.07874015718698502
filter__modern_sweep_1__21_1024.pt,-11.266736030578613,0.7053185105323792,2.6250391006469727,0.9684698581695557,0.6230557560920715,-10.514768600463867,-13.13980770111084,0.3362090587615967,0.2631579041481018,10.068586349487305,2.210825204849243,6.027263641357422,0.9049974679946899,0.6826198101043701,12.9476318359375,6.920368194580078,0.3376081585884094,0.05263157933950424,-128.3533935546875,29.095590591430664,73.29161834716797,0.8284631371498108,0.6681459546089172,-85.96698760986328,-159.25860595703125,4.6683454513549805,0.05263157933950424,0.6140740513801575,0.0497402660548687,0.1761191487312317,0.9367550015449524,0.6117109656333923,0.7081472277641296,0.532028079032898,0.01812455616891384,0.15789473056793213,51.80952453613281,49.840362548828125,163.0,0.7979857921600342,0.7499309182167053,173.0,10.0,15.5,0.15789473056793213
harmonics__biharmonic_steps__70_1024.pt,-7.087845325469971,0.44994521141052246,1.3301615715026855,0.9595799446105957,0.6094872355461121,-6.746527194976807,-8.076688766479492,0.019277703016996384,0.0,7.136207580566406,0.5865536332130432,1.6767826080322266,0.920716404914856,0.672714352607727,8.026544570922852,6.349761962890625,0.024301210418343544,0.0,-159.71690368652344,0.04796344041824341,0.138458251953125,0.9086867570877075,0.6927774548530579,-159.63839721679688,-159.77685546875,0.0021035014651715755,0.0,0.5694596171379089,0.4846416711807251,0.985612690448761,0.8737733960151672,0.691990852355957,0.9941908717155457,0.008578174747526646,0.08454170823097229,0.0,2.0,0.0,0.0,,,2.0,2.0,0.0,0.0
retro__percusive_organ__184_1024.pt,-11.413703918457031,1.5111329555511475,5.871747970581055,0.9669911861419678,0.617597758769989,-8.457914352416992,-14.329662322998047,0.12201471626758575,0.38461539149284363,12.497443199157715,0.21333450078964233,0.8058261871337891,0.977087140083313,0.6888100504875183,12.828969955444336,12.023143768310547,0.03392786532640457,0.5659340620040894,-75.84222412109375,18.50787925720215,65.40409851074219,0.9661823511123657,0.7040141820907593,-44.032779693603516,-109.43688201904297,2.4411962032318115,0.5384615659713745,0.6156182289123535,0.15913693606853485,0.6236653327941895,0.9653820991516113,0.7147757411003113,0.9642906188964844,0.3406253159046173,0.022275473922491074,0.4175824224948883,27.880434036254883,34.817508697509766,177.0,0.8834486603736877,0.8414064645767212,178.0,1.0,4.431694030761719,0.2142857164144516
distortion__jn60_bitter__92_1024.pt,-7.077184200286865,2.036669969558716,7.199808120727539,0.9533064961433411,0.6919695138931274,-3.0577991008758545,-10.257607460021973,0.3078796863555908,0.3333333432674408,12.766845703125,0.6750168800354004,3.6202478408813477,0.9915351867675781,0.563781201839447,13.356588363647461,9.736340522766113,0.07915672659873962,0.5222222208976746,-36.137264251708984,19.283376693725586,99.16185760498047,0.9907246232032776,0.5564117431640625,-18.01128387451172,-117.17314147949219,2.198427200317383,0.4333333373069763,0.32886451482772827,0.05240672826766968,0.24092096090316772,0.9721100330352783,0.7430775761604309,0.461943656206131,0.22102269530296326,0.03044714219868183,0.5555555820465088,311.5108642578125,112.10331726074219,461.0,0.9784934520721436,0.632318377494812,485.0,24.0,18.934066772460938,0.4444444477558136
harmonics__crispy_sines__235_1024.pt,-8.573573112487793,0.7294557690620422,3.391669750213623,0.9772787094116211,0.6923119425773621,-6.700829029083252,-10.092498779296875,0.05439361184835434,0.07725322246551514,12.203895568847656,0.3312801122665405,1.294194221496582,0.9582481384277344,0.6902180314064026,13.021685600280762,11.72749137878418,0.015316237695515156,0.09012875705957413,-79.97403717041016,15.087357521057129,63.39796829223633,0.959296703338623,0.7158150672912598,-38.7636833190918,-102.16165161132812,0.5240387320518494,0.08154506236314774,0.26161566376686096,0.08842945843935013,0.3175050616264343,0.9484061598777771,0.6248039603233337,0.4576875865459442,0.1401825249195099,0.005339035764336586,0.06866952776908875,25.536170959472656,24.8250675201416,103.0,0.8923951983451843,0.7802470922470093,109.0,6.0,0.8205128312110901,0.10300429165363312
formant__real_voice__256_1024.pt,-10.244871139526367,1.4350183010101318,5.809718608856201,0.9731483459472656,0.42354872822761536,-7.208488941192627,-13.018207550048828,0.08141256123781204,0.12992125749588013,10.953176498413086,0.31518545746803284,1.2543401718139648,0.9834942817687988,0.521133303642273,11.398218154907227,10.143877983093262,0.053486257791519165,0.22440944612026215,-104.4607162475586,5.7659101486206055,28.887481689453125,0.9749404191970825,0.5694137215614319,-86.66889190673828,-115.5563735961914,1.2445241212844849,0.22440944612026215,0.34039896726608276,0.04956838861107826,0.19645977020263672,0.9708373546600342,0.5188627243041992,0.4462803900241852,0.24982061982154846,0.003489292459562421,0.20078739523887634,33.97265625,15.174127578735352,56.0,0.9465049505233765,0.6034408211708069,68.0,12.0,1.9725489616394043,0.14173229038715363
filter__sweep_1__32_1024.pt,-13.900738716125488,1.3187505006790161,5.679964065551758,0.9286739826202393,0.7405760288238525,-10.127423286437988,-15.807387351989746,0.6305720210075378,0.4000000059604645,8.240482330322266,0.7539766430854797,2.419452667236328,0.92179274559021,0.731509804725647,9.579012870788574,7.159560203552246,0.08774898946285248,0.06666667014360428,-138.55197143554688,4.5296406745910645,20.351356506347656,0.9573920369148254,0.7403073906898499,-126.35120391845703,-146.7025604248047,1.6554336547851562,0.4000000059604645,0.5637505054473877,0.06588448584079742,0.3594851493835449,0.9776108860969543,0.6427317261695862,0.7429161071777344,0.38343095779418945,0.03998556733131409,0.5333333611488342,18.3125,9.481518745422363,29.0,0.9203063249588013,0.7218775153160095,34.0,5.0,1.3225806951522827,0.20000000298023224
noise__bitter__130_1024.pt,-8.681022644042969,1.6944328546524048,9.710460662841797,0.9899956583976746,0.6657348275184631,-4.968944072723389,-14.679404258728027,1.0929592847824097,0.6875,13.00727367401123,0.15087373554706573,0.7397012710571289,0.9901972413063049,0.5894394516944885,13.21041202545166,12.470710754394531,0.061072275042533875,0.6640625,-41.856346130371094,8.696127891540527,40.10478210449219,0.9870085716247559,0.6519833207130432,-28.271141052246094,-68.37592315673828,5.226879596710205,0.6953125,0.5038665533065796,0.06072930246591568,0.3513585925102234,0.9854084253311157,0.773204505443573,0.6851598620414734,0.33380126953125,0.06515250355005264,0.609375,195.6692352294922,86.44910430908203,355.0,0.9666931629180908,0.7476781010627747,390.0,35.0,46.0155029296875,0.703125
instrument__nylon_guitar__43_1024.pt,-10.249895095825195,0.7763569951057434,3.4410672187805176,0.9204758405685425,0.8055965900421143,-7.726126194000244,-11.167193412780762,0.14017848670482635,0.3414634168148041,8.379240989685059,0.3683687746524811,1.5244026184082031,0.9058709144592285,0.7218388915061951,9.493687629699707,7.969285011291504,0.07429161667823792,0.4146341383457184,-143.1279296875,2.8426342010498047,10.523910522460938,0.9245232343673706,0.6553244590759277,-136.3978271484375,-146.92173767089844,0.810390293598175,0.5121951103210449,0.424228698015213,0.027559712529182434,0.09206658601760864,0.9360702037811279,0.6375778317451477,0.4728695750236511,0.3808029890060425,0.006249117199331522,0.26829269528388977,15.232558250427246,4.633404731750488,18.0,0.8534879684448242,0.8339576125144958,29.0,11.0,1.047619104385376,0.26829269528388977
instrument__strings_2__130_1024.pt,-18.464920043945312,5.7693867683410645,18.70014190673828,0.9461007714271545,0.5929234623908997,-8.234842300415039,-26.93498420715332,0.43116599321365356,0.140625,9.333732604980469,0.4422532916069031,1.648390769958496,0.9642711281776428,0.6470863819122314,10.191133499145508,8.542742729187012,0.08485119044780731,0.625,-128.12911987304688,5.570938587188721,21.024627685546875,0.9638099074363708,0.653385579586029,-116.79727172851562,-137.8218994140625,0.8641993999481201,0.5390625,0.17707523703575134,0.033817145973443985,0.166306734085083,0.9723480343818665,0.6725687980651855,0.273220419883728,0.10691367834806442,0.007989329285919666,0.3515625,17.453845977783203,4.687293529510498,21.0,0.9656566977500916,0.6598618030548096,30.0,9.0,1.3720930814743042,0.3515625
instrument__sarod__94_1024.pt,-14.756531715393066,2.243044137954712,8.318011283874512,0.9605704545974731,0.6855738162994385,-10.492091178894043,-18.810102462768555,0.10585033148527145,0.28260868787765503,10.81690502166748,0.20543184876441956,0.6701374053955078,0.9648885726928711,0.6083567142486572,11.090003967285156,10.419866561889648,0.009903415106236935,0.4021739065647125,-145.99908447265625,1.7726047039031982,8.489776611328125,0.9845446944236755,0.6182999610900879,-143.015625,-151.50540161132812,0.4134744703769684,0.6413043737411499,0.4132850766181946,0.024119358509778976,0.0930924117565155,0.9614042043685913,0.6812049150466919,0.4640338718891144,0.3709414601325989,0.0031299409456551075,0.18478260934352875,54.32978820800781,6.864883899688721,27.0,0.9597563147544861,0.5682492852210999,70.0,43.0,1.2150537967681885,0.27173912525177
noise__redux_noise__256_1024.pt,-12.681690216064453,0.7790053486824036,5.171194076538086,0.9944325089454651,0.7468218803405762,-10.808526039123535,-15.979720115661621,0.8326098322868347,0.6574802994728088,13.047750473022461,0.045464277267456055,0.2549886703491211,0.989301323890686,0.7993625998497009,13.16321086883545,12.908222198486328,0.05106975510716438,0.6299212574958801,-30.945737838745117,1.6343392133712769,10.142501831054688,0.9943596720695496,0.7443507313728333,-27.787841796875,-37.93034362792969,1.8698400259017944,0.6968504190444946,0.48688700795173645,0.04829278215765953,0.2704550623893738,0.989219605922699,0.8057427406311035,0.6125925183296204,0.3421374559402466,0.055937495082616806,0.6811023354530334,375.28125,35.98233413696289,180.0,0.9893835783004761,0.784911036491394,439.0,259.0,41.25490188598633,0.7283464670181274
basics__saw_pw_detune__248_1024.pt,-12.136165618896484,1.3473212718963623,8.32109260559082,0.9959999918937683,0.46833062171936035,-11.127769470214844,-19.448862075805664,0.062108732759952545,0.353658527135849,11.455182075500488,0.9393231868743896,3.7689695358276367,0.98634934425354,0.4323228597640991,12.494473457336426,8.725503921508789,0.0592065192759037,0.05284553021192551,-81.1883316040039,20.67608642578125,89.94831848144531,0.9903618693351746,0.32931455969810486,-62.31258773803711,-152.2609100341797,1.368433952331543,0.8739837408065796,0.4835217297077179,0.042303428053855896,0.15358847379684448,0.9715250134468079,0.2310071736574173,0.557125985622406,0.4035375118255615,0.001222080085426569,0.004065040498971939,96.94757843017578,14.137313842773438,57.0,0.9820519685745239,0.36635491251945496,119.0,62.0,0.7813765406608582,0.10162601619958878
complex__plastic_shimmer__256_1024.pt,-8.814186096191406,0.8878217935562134,2.5737810134887695,0.9353120923042297,0.45498159527778625,-7.298209190368652,-9.871990203857422,0.05150459706783295,0.4291338622570038,12.535192489624023,0.11453410238027573,0.4012413024902344,0.9728288054466248,0.4844328761100769,12.704222679138184,12.30298137664795,0.03631835803389549,0.7440944910049438,-100.90438842773438,17.085420608520508,49.917442321777344,0.9615482687950134,0.3882761597633362,-79.74028778076172,-129.65773010253906,1.0045751333236694,0.712598443031311,0.5990245342254639,0.024654710665345192,0.08282321691513062,0.924724817276001,0.5943624377250671,0.6557129621505737,0.5728897452354431,0.001868695835582912,0.7047244310379028,72.89453125,18.31191062927246,60.0,0.9547457098960876,0.5261449813842773,106.0,46.0,2.968627452850342,0.4566929042339325
harmonics__transistor_saw__256_1024.pt,-12.028341293334961,1.8160260915756226,8.001187324523926,0.9766061305999756,0.647761881351471,-8.039130210876465,-16.04031753540039,0.21190877258777618,0.08267716318368912,12.809208869934082,0.144625723361969,1.003535270690918,0.9958389401435852,0.5831739902496338,13.0536470413208,12.050111770629883,0.009732646867632866,0.08661417663097382,-42.00141143798828,4.243205547332764,21.572315216064453,0.9915125966072083,0.5152448415756226,-36.14812088012695,-57.720436096191406,0.39814841747283936,0.10629921406507492,0.44137099385261536,0.05230919271707535,0.19128039479255676,0.9372804164886475,0.6214348077774048,0.5732098817825317,0.381929486989975,0.0023916042409837246,0.07874015718698502,172.83203125,65.8167953491211,300.0,0.9602984189987183,0.6295835375785828,372.0,72.0,5.5333333015441895,0.14173229038715363
collection__pearl__5_1024.pt,-10.034561157226562,1.7268702983856201,4.2016448974609375,0.8477500677108765,0.8157097101211548,-8.638728141784668,-12.840373039245605,2.268475294113159,0.6666666865348816,11.733720779418945,0.5588546991348267,1.338831901550293,0.8039076328277588,0.8688212037086487,12.335741996765137,10.996910095214844,0.5256621837615967,0.6666666865348816,-87.43354797363281,22.277217864990234,54.507415771484375,0.7359448075294495,0.898969829082489,-57.30120849609375,-111.80862426757812,28.5936222076416,0.6666666865348816,0.4564207196235657,0.13175120949745178,0.32698991894721985,0.8597143888473511,0.7921968698501587,0.5508458018302917,0.2238558828830719,0.15592323243618011,0.6666666865348816,155.1999969482422,86.85735321044922,212.0,0.5851970314979553,0.9577503204345703,299.0,87.0,132.25,1.0
harmonics__vocal_sines__256_1024.pt,-7.7444167137146,0.34727802872657776,1.5259313583374023,0.982249915599823,0.5504355430603027,-7.064157485961914,-8.590088844299316,0.06770239770412445,0.4527558982372284,9.058046340942383,0.2284243106842041,0.9031295776367188,0.9836862683296204,0.5935107469558716,9.345550537109375,8.442420959472656,0.07712399214506149,0.751968502998352,-157.9106903076172,0.30202364921569824,1.469390869140625,0.9747390747070312,0.7341386675834656,-157.03775024414062,-158.50714111328125,0.1855262964963913,0.7834645509719849,0.3607228994369507,0.07802564650774002,0.24668550491333008,0.9368051290512085,0.6850249171257019,0.5096427798271179,0.26295727491378784,0.002919155405834317,0.03937007859349251,24.96875,1.8679442405700684,8.0,0.9832844734191895,0.5911448001861572,28.0,20.0,0.22745098173618317,0.08267716318368912
noise__swept_noise__255_1024.pt,-9.005023002624512,1.065180778503418,5.328758239746094,0.9896135926246643,0.7817911505699158,-7.024639129638672,-12.353397369384766,1.0698904991149902,0.6205533742904663,12.637615203857422,0.8269115090370178,2.394969940185547,0.9677831530570984,0.4465833604335785,13.499357223510742,11.104387283325195,0.0493953637778759,0.6086956262588501,-61.022029876708984,17.171533584594727,54.52568817138672,0.9668157696723938,0.5282787680625916,-37.17638397216797,-91.70207214355469,2.0179195404052734,0.6521739363670349,0.5001748204231262,0.02676263079047203,0.1690032184123993,0.988858163356781,0.8068718314170837,0.5885115265846252,0.41950830817222595,0.027600301429629326,0.6363636255264282,212.34901428222656,74.020263671875,244.0,0.9654408097267151,0.47647586464881897,325.0,81.0,7.618110179901123,0.5652173757553101
harmonics__buzz_bell__173_1024.pt,-8.490195274353027,0.23037861287593842,1.3682737350463867,0.9784451127052307,0.5668653249740601,-7.663455963134766,-9.031729698181152,0.02663431689143181,0.05263157933950424,9.929818153381348,0.3109778165817261,0.9127912521362305,0.955917477607727,0.604361355304718,10.33672046661377,9.423929214477539,0.006326181814074516,0.035087719559669495,-149.6382293701172,7.0707106590271,22.219696044921875,0.9183173179626465,0.7086328864097595,-135.35482788085938,-157.57452392578125,0.3219805061817169,0.5847952961921692,0.2586393654346466,0.12894786894321442,0.40217769145965576,0.9398179054260254,0.5325653553009033,0.48869413137435913,0.08651645481586456,0.0036288381088525057,0.005847953259944916,27.855491638183594,9.706562995910645,34.0,0.9508346319198608,0.6275508999824524,47.0,13.0,0.3488371968269348,0.04093567281961441
instrument__harmonica__87_1024.pt,-12.942797660827637,3.8746135234832764,16.846988677978516,0.9877347946166992,0.5677222013473511,-10.645315170288086,-27.4923038482666,0.5093045234680176,0.364705890417099,9.826974868774414,0.15401442348957062,0.8243570327758789,0.9878655076026917,0.5155461430549622,10.095972061157227,9.271615028381348,0.035716477781534195,0.4470588266849518,-130.48486328125,3.3591220378875732,18.992477416992188,0.9807806015014648,0.6111480593681335,-120.20822143554688,-139.20069885253906,1.0239768028259277,0.48235294222831726,0.48810291290283203,0.09524966776371002,0.47038429975509644,0.9913098812103271,0.5553786754608154,0.5374595522880554,0.06707523763179779,0.00930463895201683,0.38823530077934265,34.54022979736328,11.723365783691406,40.0,0.9789700508117676,0.5923389196395874,43.0,3.0,1.0465116500854492,0.23529411852359772
basics__no_primes__256_1024.pt,-6.852293968200684,0.9036934971809387,4.4348859786987305,0.9864702820777893,0.6365963220596313,-4.819853782653809,-9.254739761352539,0.13786910474300385,0.14960630238056183,13.14013671875,0.0813002958893776,0.29773807525634766,0.9739090204238892,0.6417979598045349,13.274028778076172,12.976290702819824,0.004909990355372429,0.5,-87.06398010253906,15.977319717407227,77.20504760742188,0.985027015209198,0.6742852926254272,-49.711490631103516,-126.91654205322266,3.864614963531494,0.6535432934761047,0.06945621967315674,0.016642000526189804,0.17673376202583313,0.9870906472206116,0.7954354286193848,0.20324432849884033,0.02651057206094265,0.012141375802457333,0.6614173054695129,50.46484375,18.179895401000977,110.0,0.9685534238815308,0.760114848613739,130.0,20.0,2.207843065261841,0.35826772451400757
vintage__logue_saw__166_1024.pt,-8.828399658203125,0.4201825261116028,1.2062454223632812,0.9241965413093567,0.44167640805244446,-8.12508773803711,-9.33133316040039,0.016686642542481422,0.3841463327407837,12.334174156188965,0.2526782155036926,0.8495082855224609,0.9747832417488098,0.5911453366279602,12.574864387512207,11.725356101989746,0.009879938326776028,0.3231707215309143,-50.12512969970703,3.03127121925354,13.808555603027344,0.9858395457267761,0.5767078399658203,-44.974327087402344,-58.78288269042969,0.4987245500087738,0.5182926654815674,0.665802538394928,0.2487632781267166,0.9306929707527161,0.9778593182563782,0.6004988551139832,0.982746958732605,0.05205397307872772,0.015871424227952957,0.48170730471611023,119.54216766357422,27.77127456665039,110.0,0.9628514647483826,0.6711606383323669,182.0,72.0,4.496969699859619,0.5609756112098694
retro__polated__185_1024.pt,-12.851964950561523,1.4957064390182495,5.46174430847168,0.9450292587280273,0.6082494854927063,-9.41207504272461,-14.873819351196289,0.15241390466690063,0.3060109317302704,12.557600975036621,0.32283565402030945,1.2458486557006836,0.9828017950057983,0.4877554774284363,12.990490913391113,11.74464225769043,0.02343151345849037,0.4644808769226074,-63.51582717895508,21.71213722229004,77.14801025390625,0.9786965847015381,0.4860096573829651,-35.546451568603516,-112.69446563720703,1.5566729307174683,0.49180328845977783,0.59916090965271,0.0994030237197876,0.41108328104019165,0.9609067440032959,0.5742520689964294,0.857089638710022,0.4460063576698303,0.010394805110991001,0.437158465385437,88.7459487915039,89.22550201416016,251.0,0.8982056975364685,0.48409682512283325,253.0,2.0,4.081521511077881,0.25136610865592957
filter__jup_sweep__78_1024.pt,-12.291500091552734,2.246628999710083,7.630288124084473,0.8829634785652161,0.6840332746505737,-6.844371795654297,-14.47465991973877,0.2564884126186371,0.21052631735801697,11.003849983215332,1.416654109954834,4.801793098449707,0.9670220613479614,0.6326440572738647,12.937864303588867,8.13607120513916,0.0787956714630127,0.1184210553765297,-90.55937194824219,34.929203033447266,102.38365936279297,0.9423097968101501,0.6539000272750854,-40.940040588378906,-143.32369995117188,1.8654515743255615,0.17105263471603394,0.22161796689033508,0.0677775889635086,0.2507673501968384,0.9681285619735718,0.6522990465164185,0.3375606834888458,0.08679331839084625,0.012927908450365067,0.3815789520740509,77.79486846923828,50.74416732788086,199.0,0.9313583374023438,0.7414321899414062,210.0,11.0,6.207792282104492,0.30263158679008484
collection__beige__256_1024.pt,-12.46122932434082,1.8200421333312988,8.514671325683594,0.9702074527740479,0.6249772906303406,-7.179633617401123,-15.694304466247559,0.09218145906925201,0.035433072596788406,9.357473373413086,0.773917555809021,2.111556053161621,0.9611421823501587,0.5833823084831238,10.030427932739258,7.918871879577637,0.011733641847968102,0.06692913174629211,-146.15478515625,5.71614408493042,17.605972290039062,0.9644331932067871,0.5721506476402283,-139.18386840820312,-156.7898406982422,0.3746029734611511,0.5787401795387268,0.33872175216674805,0.11095786094665527,0.35845625400543213,0.9623481035232544,0.6310930848121643,0.49386700987815857,0.13541074097156525,0.003225218039005995,0.027559055015444756,41.3359375,14.921639442443848,47.0,0.9610437154769897,0.6275495290756226,62.0,15.0,0.5215686559677124,0.05511811003088951
complex__void__256_1024.pt,-15.920660018920898,4.358907222747803,17.31758689880371,0.9722287654876709,0.5560307502746582,-6.869422435760498,-24.187009811401367,0.5212700963020325,0.4527558982372284,12.1189546585083,1.7586265802383423,6.782840728759766,0.9866612553596497,0.5657294392585754,13.714637756347656,6.931797027587891,0.11750198900699615,0.26377952098846436,-75.16062927246094,39.28468704223633,139.10440063476562,0.9752281308174133,0.5231955051422119,-20.034149169921875,-159.1385498046875,3.596748113632202,0.33070865273475647,0.43718892335891724,0.0427933894097805,0.23644623160362244,0.9854084849357605,0.6576037406921387,0.5650461316108704,0.3285999000072479,0.007756594568490982,0.4566929042339325,188.30078125,116.52023315429688,377.0,0.9504551291465759,0.5084229111671448,390.0,13.0,6.360784530639648,0.21653543412685394
basics__beating_1__110_1024.pt,-12.307841300964355,0.3068956136703491,1.6627702713012695,0.9919241070747375,0.5285835862159729,-11.856671333312988,-13.519441604614258,0.07310572266578674,0.6018518805503845,12.587575912475586,0.05893249064683914,0.23358917236328125,0.9838511943817139,0.5344119668006897,12.659683227539062,12.426094055175781,0.009505552239716053,0.6203703880310059,-69.81226348876953,4.403512477874756,18.226253509521484,0.9832797646522522,0.5031759142875671,-63.67624282836914,-81.90249633789062,0.5855103731155396,0.5833333134651184,0.4595576226711273,0.027583831921219826,0.21163183450698853,0.996200680732727,0.4645133912563324,0.4963935613632202,0.2847617268562317,0.006212434731423855,0.5648148059844971,259.2909240722656,21.06971549987793,112.0,0.9910979270935059,0.5652011036872864,288.0,176.0,5.36697244644165,0.6296296119689941
noise__vinyl_dirt_constant__256_1024.pt,-20.148921966552734,4.274873733520508,18.53281593322754,0.9719729423522949,0.8769797086715698,-9.164216995239258,-27.697032928466797,4.220491409301758,0.6811023354530334,12.984082221984863,0.16897648572921753,0.9972515106201172,0.9902709126472473,0.7920317053794861,13.438936233520508,12.44168472290039,0.17170771956443787,0.6732283234596252,-20.173500061035156,6.50260591506958,39.6137809753418,0.9934041500091553,0.7400913834571838,-6.391399383544922,-46.00518035888672,6.121120452880859,0.6338582634925842,0.49090775847435,0.014527857303619385,0.09296849370002747,0.9895498752593994,0.7831158638000488,0.5364269614219666,0.4434584677219391,0.0154183404520154,0.6535432934761047,443.38671875,68.81913757324219,300.0,0.9902461767196655,0.7768069505691528,513.0,213.0,61.843135833740234,0.6338582634925842
distortion__westcost_fold__126_1024.pt,-3.53902530670166,0.7626604437828064,3.699357509613037,0.9866640567779541,0.41002562642097473,-2.2439589500427246,-5.943316459655762,0.09765172004699707,0.08870967477560043,12.478957176208496,0.3772130310535431,1.092728614807129,0.9439181089401245,0.6335849761962891,12.990617752075195,11.897889137268066,0.011057289317250252,0.08870967477560043,-48.15379333496094,10.623425483703613,34.130226135253906,0.9625515341758728,0.6336180567741394,-33.56340789794922,-67.69363403320312,0.48399344086647034,0.17741934955120087,0.4861085116863251,0.039354585111141205,0.16503718495368958,0.9652689099311829,0.6752766966819763,0.5792421102523804,0.4142049252986908,0.0059041050262749195,0.07258064299821854,246.8174591064453,45.94107437133789,173.0,0.9705243706703186,0.5865283608436584,324.0,151.0,5.007999897003174,0.2016129046678543
basics__white_noise__255_1024.pt,-9.74370288848877,0.23593267798423767,1.1930580139160156,0.983989953994751,0.8315629363059998,-9.135472297668457,-10.328530311584473,0.2544459402561188,0.6561264991760254,13.077929496765137,0.025777598842978477,0.1282501220703125,0.9833114743232727,0.8418238162994385,13.14404296875,13.015792846679688,0.027424924075603485,0.6205533742904663,-29.543554306030273,0.9825274348258972,5.615205764770508,0.9824272990226746,0.8430987596511841,-26.17154312133789,-31.7867488861084,1.0852413177490234,0.6679841876029968,0.49415749311447144,0.015449602156877518,0.09902986884117126,0.9883983731269836,0.8115107417106628,0.5484764575958252,0.44944658875465393,0.01815665140748024,0.6640316247940063,370.3529357910156,40.95254898071289,182.0,0.9321283102035522,0.9219018220901489,507.0,325.0,40.71653366088867,0.6047430634498596
collection__charcoal__8_1024.pt,-9.285914421081543,2.8684773445129395,8.8550386428833,0.9141972661018372,0.6906715631484985,-5.817780494689941,-14.672819137573242,2.165510892868042,0.6666666865348816,12.891284942626953,0.632470965385437,1.8452978134155273,0.9353318810462952,0.7183407545089722,13.182706832885742,11.337409019470215,0.5715168714523315,0.6666666865348816,-50.994483947753906,37.01477813720703,112.62854766845703,0.9350817203521729,0.7237799763679504,-28.91697120666504,-141.54551696777344,33.00716781616211,0.6666666865348816,0.5344119668006897,0.3296842575073242,0.9910156726837158,0.8965232372283936,0.7021052241325378,0.999285876750946,0.008270199410617352,0.23094414174556732,0.5,156.875,107.6773452758789,335.0,0.791885495185852,0.8404091000556946,381.0,46.0,80.85713958740234,0.6666666865348816
complex__kicked__4_1024.pt,-7.553268909454346,4.94683837890625,10.65965747833252,0.7899478077888489,0.8650313019752502,-4.212786674499512,-14.872444152832031,3.5532190799713135,0.0,10.015974044799805,1.834539771080017,4.170295715332031,0.6773001551628113,0.7916899919509888,12.326963424682617,8.156667709350586,1.9778426885604858,0.5,-112.02029418945312,26.461381912231445,49.92210388183594,0.616083025932312,0.6460974812507629,-87.389892578125,-137.31199645996094,17.85235023498535,0.5,0.4685618281364441,0.16959623992443085,0.40588632225990295,0.7627026438713074,0.8965253829956055,0.6542056798934937,0.2483193576335907,0.24600660800933838,1.0,36.0,28.530685424804688,54.0,0.5324414968490601,0.7556740045547485,65.0,11.0,33.0,0.5
distortion__dp_fold__230_1024.pt,-5.099849224090576,0.5444274544715881,2.015245199203491,0.9583413004875183,0.6207057237625122,-3.93074107170105,-5.945986270904541,0.037925202399492264,0.048245612531900406,10.57771110534668,0.49932047724723816,1.9116506576538086,0.985131025314331,0.5877901315689087,11.063004493713379,9.15135383605957,0.02134201116859913,0.6140350699424744,-106.12901306152344,16.006948471069336,53.88067626953125,0.9781485199928284,0.5994576811790466,-89.78192138671875,-143.66259765625,0.4669853150844574,0.5131579041481018,0.6728085875511169,0.04930293932557106,0.18668466806411743,0.9611148238182068,0.6030592322349548,0.7841997146606445,0.5975150465965271,0.0027212919667363167,0.14035087823867798,45.326087951660156,15.641807556152344,49.0,0.96971595287323,0.6132893562316895,64.0,15.0,0.9868995547294617,0.22368420660495758
instrument__trombone__174_1024.pt,-11.128131866455078,1.609615445137024,7.986650466918945,0.9920079112052917,0.5304192304611206,-10.261285781860352,-18.247936248779297,0.06263864785432816,0.4244185984134674,7.380556106567383,0.28221604228019714,1.1937265396118164,0.9842211008071899,0.5295172333717346,7.761074066162109,6.567347526550293,0.02254127711057663,0.49418604373931885,-158.57041931152344,0.6336399912834167,3.90435791015625,0.9165263772010803,0.8059159517288208,-155.1922607421875,-159.09661865234375,0.11108336597681046,0.6627907156944275,0.5144673585891724,0.007814191281795502,0.030844122171401978,0.9867680072784424,0.5774319171905518,0.5208460092544556,0.4900018870830536,0.0007113374886102974,0.4011628031730652,16.339080810546875,2.0751686096191406,10.0,0.9924062490463257,0.5613139867782593,17.0,7.0,0.1791907548904419,0.011627906933426857
basics__sub_3__122_1024.pt,-8.208599090576172,0.6679026484489441,2.0992050170898438,0.9361193776130676,0.6367529034614563,-7.021617889404297,-9.12082290649414,0.04715463146567345,0.10000000149011612,9.659700393676758,1.033301591873169,3.1316757202148438,0.96723473072052,0.6070812940597534,10.615362167358398,7.483686447143555,0.037212349474430084,0.3333333432674408,-132.38514709472656,14.856436729431152,42.24347686767578,0.9378202557563782,0.6434586048126221,-111.6935806274414,-153.9370574951172,1.0646445751190186,0.5916666388511658,0.47001633048057556,0.06861380487680435,0.20535215735435486,0.9698261618614197,0.5722732543945312,0.5248593091964722,0.3195071518421173,0.0020605081226676702,0.32499998807907104,24.721311569213867,10.158465385437012,31.0,0.9592110514640808,0.6226056218147278,37.0,6.0,0.5206611752510071,0.10833333432674408
complex__ring_mod__256_1024.pt,-11.328801155090332,1.8440004587173462,6.073655128479004,0.9633867740631104,0.5413477420806885,-8.394967079162598,-14.468622207641602,0.12005835026502609,0.11417322605848312,10.952765464782715,0.3754369020462036,1.3678455352783203,0.971278190612793,0.48132094740867615,11.589343070983887,10.221497535705566,0.02159237116575241,0.31889763474464417,-95.31428527832031,13.06003189086914,45.96321105957031,0.965670108795166,0.5958561301231384,-72.92193603515625,-118.88514709472656,0.7101917862892151,0.3897637724876404,0.7268800735473633,0.1268787831068039,0.40193629264831543,0.9646573066711426,0.38878345489501953,0.9130741357803345,0.511137843132019,0.003944029100239277,0.08267716318368912,52.53515625,25.198637008666992,104.0,0.9597849249839783,0.5380396842956543,117.0,13.0,1.2705882787704468,0.17716535925865173
complex__bitten_filter__256_1024.pt,-8.880414962768555,1.5707952976226807,7.936957359313965,0.9871188402175903,0.5862482190132141,-5.136465072631836,-13.0734224319458,0.24657481908798218,0.6377952694892883,12.78123664855957,0.1443355679512024,0.5577278137207031,0.9796295166015625,0.6131922602653503,13.02070140838623,12.462973594665527,0.03696572035551071,0.6496062874794006,-48.192657470703125,5.328823089599609,24.53030014038086,0.9856814742088318,0.6577109694480896,-37.6800422668457,-62.21034240722656,1.4039382934570312,0.5787401795387268,0.5015647411346436,0.08142594248056412,0.45686817169189453,0.9946117997169495,0.49379444122314453,0.586472749710083,0.12960456311702728,0.014025162905454636,0.6023622155189514,102.46484375,35.462528228759766,165.0,0.9774386286735535,0.7029681205749512,197.0,32.0,8.588234901428223,0.5511810779571533
harmonics__crystal_shifter__173_1024.pt,-11.734172821044922,0.38826894760131836,1.6028547286987305,0.8668906688690186,0.7530150413513184,-10.41332721710205,-12.016181945800781,0.011674432083964348,0.017543859779834747,10.821995735168457,0.06350380927324295,0.24296188354492188,0.9581308364868164,0.707589328289032,10.972562789916992,10.72960090637207,0.002002810360863805,0.12280701845884323,-140.68673706054688,8.385061264038086,25.47663116455078,0.9414420127868652,0.6654435992240906,-126.34403228759766,-151.82066345214844,0.40572720766067505,0.5730994343757629,0.5889334082603455,0.021579405292868614,0.06913697719573975,0.9259801506996155,0.6951667666435242,0.6306098699569702,0.5614728927612305,0.0009608105756342411,0.02923976629972458,30.676300048828125,12.380562782287598,40.0,0.9449917674064636,0.6427843570709229,53.0,13.0,0.4767441749572754,0.07017543911933899
basics__pulse_dual__256_1024.pt,-11.66018295288086,0.5845773220062256,2.641355514526367,0.9710816144943237,0.63570237159729,-10.192964553833008,-12.834320068359375,0.034818824380636215,0.586614191532135,12.201142311096191,0.03105766326189041,0.2807607650756836,0.9966641664505005,0.6457627415657043,12.30772590637207,12.026965141296387,0.022360218688845634,0.6574802994728088,-67.89131164550781,3.0591533184051514,19.300540924072266,0.9935244917869568,0.6674777269363403,-60.217952728271484,-79.51849365234375,1.8585388660430908,0.625984251499176,0.6648874878883362,0.12177665531635284,0.6465882062911987,0.9926040768623352,0.5840995907783508,0.8286168575286865,0.1820286512374878,0.006821430288255215,0.586614191532135,136.58203125,16.863033294677734,113.0,0.994085967540741,0.5932306051254272,182.0,69.0,5.407843112945557,0.5275590419769287
basics__quad_saw__119_1024.pt,-9.877056121826172,1.1632704734802246,6.639516830444336,0.986894428730011,0.6750656962394714,-6.622951507568359,-13.262468338012695,0.059339072555303574,0.1367521435022354,11.636637687683105,1.235724925994873,4.315865516662598,0.9782949686050415,0.5821987986564636,12.719034194946289,8.403168678283691,0.04760901257395744,0.24786324799060822,-71.5430679321289,24.33124351501465,106.5748519897461,0.987637460231781,0.5918446779251099,-46.063819885253906,-152.638671875,1.0643233060836792,0.3162393271923065,0.5825833678245544,0.05183284729719162,0.3548913896083832,0.9933228492736816,0.523853063583374,0.7088062763214111,0.35391488671302795,0.006572327576577663,0.12820513546466827,75.15126037597656,42.92931365966797,167.0,0.9357126355171204,0.6203181743621826,190.0,23.0,3.245762825012207,0.4017094075679779
harmonics__transistor_square__256_1024.pt,-12.153465270996094,2.5968945026397705,9.834518432617188,0.9683252573013306,0.6228291988372803,-7.096948623657227,-16.931467056274414,0.22331275045871735,0.05118110403418541,12.92712116241455,0.12443450838327408,0.42614269256591797,0.9507120251655579,0.6592444181442261,13.172938346862793,12.746795654296875,0.004470675718039274,0.07480315119028091,-40.37134552001953,4.922979354858398,15.692802429199219,0.9552078247070312,0.4160652160644531,-32.20567321777344,-47.898475646972656,0.25990524888038635,0.09055118262767792,0.19957596063613892,0.14018099009990692,0.5714269876480103,0.9357017278671265,0.7213133573532104,0.6062476634979248,0.03482066094875336,0.002556748688220978,0.04330708831548691,167.8984375,70.90898132324219,263.0,0.9475151896476746,0.5287131667137146,332.0,69.0,4.572548866271973,0.11417322605848312
collection__sapphire__256_1024.pt,-10.762105941772461,1.7263778448104858,6.63653564453125,0.9695695638656616,0.5029522180557251,-7.160447120666504,-13.796982765197754,0.20002546906471252,0.4842519760131836,9.988590240478516,0.6443100571632385,2.2216920852661133,0.9679552316665649,0.4336601793766022,11.091313362121582,8.869621276855469,0.09129069000482559,0.6220472455024719,-150.45652770996094,6.030564308166504,19.69085693359375,0.9359907507896423,0.5898400545120239,-138.1629638671875,-157.85382080078125,0.4754331707954407,0.586614191532135,0.5200246572494507,0.08165577799081802,0.3127675950527191,0.9519171714782715,0.4952344000339508,0.7293468713760376,0.4165792763233185,0.004277242347598076,0.29133859276771545,46.66796875,24.425539016723633,73.0,0.9321841597557068,0.5271815657615662,89.0,16.0,2.6549019813537598,0.3858267664909363
basics__pulse_pw__185_1024.pt,-10.271964073181152,1.9271758794784546,10.658595085144043,0.9943930506706238,0.4980373978614807,-9.02225399017334,-19.680849075317383,0.09505573660135269,0.4754098355770111,12.844226837158203,0.029459461569786072,0.11561965942382812,0.956214964389801,0.5563355088233948,12.914641380310059,12.79902172088623,0.00424979580566287,0.5901639461517334,-45.380889892578125,2.250300407409668,10.036834716796875,0.9211231470108032,0.7407429814338684,-37.74079132080078,-47.777626037597656,0.13589203357696533,0.5245901346206665,0.4683743119239807,0.02954912930727005,0.18056511878967285,0.9831618666648865,0.6784231066703796,0.5764633417129517,0.3958982229232788,0.002780602779239416,0.568306028842926,81.97837829589844,11.291088104248047,42.0,0.9764123558998108,0.609685480594635,99.0,57.0,1.8260869979858398,0.2568306028842926
vintage__sub3_shapes__167_1024.pt,-11.964029312133789,1.8095237016677856,6.941404342651367,0.977521538734436,0.6014093160629272,-9.290925979614258,-16.232330322265625,0.10632804781198502,0.09696969389915466,10.312490463256836,1.0941954851150513,4.194708824157715,0.9741743803024292,0.5686162710189819,12.198843002319336,8.004134178161621,0.11566859483718872,0.30909091234207153,-92.520751953125,21.208999633789062,77.8121566772461,0.9758239984512329,0.5072996616363525,-65.1332015991211,-142.9453582763672,1.674630045890808,0.3393939435482025,0.6253140568733215,0.13394245505332947,0.46928679943084717,0.8975558280944824,0.7574395537376404,0.9773719310760498,0.5080851316452026,0.00648523960262537,0.2181818187236786,68.32335662841797,44.724761962890625,194.0,0.9512214660644531,0.7358236312866211,197.0,3.0,2.4879517555236816,0.20000000298023224
filter__super_phased__58_1024.pt,-12.594245910644531,2.281020402908325,10.0493745803833,0.9790272116661072,0.645194947719574,-8.607169151306152,-18.656543731689453,0.7872969508171082,0.4642857015132904,12.02637767791748,0.847637951374054,2.6533689498901367,0.9676340222358704,0.6172449588775635,12.776423454284668,10.123054504394531,0.0612800158560276,0.2142857164144516,-90.00978088378906,25.25099754333496,86.72596740722656,0.9706319570541382,0.6388353109359741,-61.13650894165039,-147.8624725341797,6.441013336181641,0.6071428656578064,0.5939748287200928,0.022046327590942383,0.11252391338348389,0.9870830178260803,0.6574021577835083,0.6310659646987915,0.5185420513153076,0.012632193975150585,0.5357142686843872,125.60344696044922,35.81381607055664,154.0,0.9613062143325806,0.7279092669487,213.0,59.0,5.964912414550781,0.3571428656578064
vintage__sloppy_saw__128_1024.pt,-12.35601806640625,0.059593912214040756,0.25506591796875,0.979605495929718,0.7155343294143677,-12.245805740356445,-12.500871658325195,0.027841627597808838,0.3968254029750824,6.762182235717773,0.38688230514526367,1.811248779296875,0.9479544162750244,0.8020009994506836,8.067853927612305,6.25660514831543,0.160422220826149,0.4841269850730896,-159.36471557617188,0.10807424038648605,0.5507049560546875,0.9675489664077759,0.8375571370124817,-159.00526428222656,-159.55596923828125,0.09354791045188904,0.6428571343421936,0.6559036374092102,0.00835859589278698,0.03804349899291992,0.967738926410675,0.7332903742790222,0.6794149875640869,0.641371488571167,0.0021614390425384045,0.3492063581943512,12.4296875,1.4290770292282104,6.0,0.9754366278648376,0.6639406085014343,15.0,9.0,0.27559053897857666,0.0317460335791111
formant__fof__254_1024.pt,-9.030943870544434,0.46684059500694275,1.8625144958496094,0.9711874723434448,0.6534667015075684,-8.052206039428711,-9.91472053527832,0.08298110216856003,0.1944444477558136,10.314212799072266,0.18420664966106415,0.7619905471801758,0.9788806438446045,0.6306980848312378,10.680091857910156,9.91810131072998,0.06897803395986557,0.7817460298538208,-118.6632308959961,5.806611061096191,29.57135009765625,0.9843447208404541,0.7043237686157227,-103.89665222167969,-133.46800231933594,3.0846877098083496,0.726190447807312,0.4904649555683136,0.0466458797454834,0.15391027927398682,0.9546167254447937,0.634101927280426,0.5755753517150879,0.4216650724411011,0.003926995676010847,0.1468254029750824,37.606300354003906,4.426219940185547,19.0,0.9587680101394653,0.698200523853302,50.0,31.0,0.7707509994506836,0.1944444477558136
basics__sub_2__255_1024.pt,-12.431805610656738,1.5667731761932373,5.519525527954102,0.9773934483528137,0.6195361018180847,-10.38231372833252,-15.901839256286621,0.021753214299678802,0.011857707053422928,7.037771701812744,1.0872516632080078,4.06239128112793,0.8903538584709167,0.7568173408508301,10.247118949890137,6.184727668762207,0.06919727474451065,0.5573122501373291,-152.82852172851562,8.91759967803955,34.80656433105469,0.8630732893943787,0.7779784798622131,-124.35960388183594,-159.16616821289062,0.3475039005279541,0.6798418760299683,0.6690536737442017,0.12498792260885239,0.3877091407775879,0.9272345304489136,0.6916330456733704,0.9144877195358276,0.5267785787582397,0.0015587250236421824,0.007905138656497002,32.66274642944336,37.51750183105469,145.0,0.8813682198524475,0.7681519389152527,147.0,2.0,0.5708661675453186,0.0
formant__unaligned_form__116_1024.pt,-8.64760684967041,0.9258095622062683,4.816829204559326,0.9891175627708435,0.5857638716697693,-7.1295037269592285,-11.946332931518555,0.16514170169830322,0.38596490025520325,10.231350898742676,0.4832695722579956,1.553659439086914,0.9385077953338623,0.6779545545578003,11.10051441192627,9.546854972839355,0.04851290583610535,0.6315789222717285,-131.96792602539062,15.840815544128418,43.408172607421875,0.9385771751403809,0.5460871458053589,-111.44837951660156,-154.85655212402344,1.0494205951690674,0.6140350699424744,0.5393683314323425,0.05111018940806389,0.18616700172424316,0.9626070857048035,0.4799453616142273,0.6337051391601562,0.4475381374359131,0.005654492415487766,0.17543859779834747,55.19827651977539,18.33420181274414,59.0,0.9377621412277222,0.6322118639945984,91.0,32.0,1.5130435228347778,0.3245614171028137
harmonics__sines_bunch__100_1024.pt,-4.719522476196289,1.5291807651519775,8.847005844116211,0.9918436408042908,0.6759131550788879,-2.42372465133667,-11.270730972290039,1.495798110961914,0.6734693646430969,10.525108337402344,0.7290515303611755,5.003728866577148,0.9950609803199768,0.6123194098472595,11.632935523986816,6.629206657409668,0.7863053679466248,0.6326530575752258,-159.56932067871094,0.08806166797876358,0.583740234375,0.9869873523712158,0.7450475096702576,-159.25595092773438,-159.83969116210938,0.09550260007381439,0.6326530575752258,0.8703149557113647,0.18800754845142365,0.8633639216423035,0.9899484515190125,0.6927008628845215,0.9919113516807556,0.12854741513729095,0.14449167251586914,0.6530612111091614,5.300000190734863,1.760968565940857,7.0,0.9661361575126648,0.8355327248573303,9.0,2.0,2.1313130855560303,0.5204081535339355
distortion__brutal_metal__235_1024.pt,-9.200105667114258,0.38013291358947754,1.835519790649414,0.9823021292686462,0.4776940643787384,-8.32646656036377,-10.161986351013184,0.03869770094752312,0.29184550046920776,12.893424034118652,0.25965774059295654,0.9097995758056641,0.9791380167007446,0.6581436991691589,13.195265769958496,12.285466194152832,0.06479687988758087,0.6223176121711731,-39.71959686279297,8.855321884155273,33.241859436035156,0.9790944457054138,0.6476080417633057,-27.38669204711914,-60.6285514831543,1.736161470413208,0.540772557258606,0.5555383563041687,0.01913224719464779,0.08356863260269165,0.9755852818489075,0.6420604586601257,0.6004806160926819,0.5169119834899902,0.00386024615727365,0.3648068606853485,142.544677734375,43.15616226196289,186.0,0.9692461490631104,0.6756211519241333,249.0,63.0,4.722222328186035,0.4892703890800476
vintage__jx10_sync__127_1024.pt,-6.358452320098877,1.1524434089660645,4.2694854736328125,0.9470131993293762,0.6533160209655762,-3.8868296146392822,-8.156314849853516,0.0793016254901886,0.04800000041723251,12.37871265411377,0.5079056024551392,3.3549022674560547,0.9957684874534607,0.5384482741355896,12.627965927124023,9.273063659667969,0.02922244369983673,0.4000000059604645,-59.362850189208984,14.408978462219238,79.1937255859375,0.9936957359313965,0.5471424460411072,-52.94609069824219,-132.1398162841797,0.8538589477539062,0.5759999752044678,0.5040160417556763,0.040582094341516495,0.28264492750167847,0.9907220005989075,0.5310680270195007,0.6441280841827393,0.3614831566810608,0.005743698682636023,0.17599999904632568,109.29133605957031,19.994091033935547,127.0,0.9928015470504761,0.5640279054641724,150.0,23.0,5.238095283508301,0.5199999809265137
formant__yahie__142_1024.pt,-12.892038345336914,0.8187222480773926,3.302011489868164,0.9381094574928284,0.7660320401191711,-10.62205696105957,-13.924068450927734,0.2831456661224365,0.23571428656578064,11.342451095581055,0.09919390082359314,0.3631858825683594,0.9409052729606628,0.6965834498405457,11.576387405395508,11.213201522827148,0.007721292320638895,0.4714285731315613,-88.73224639892578,1.9693121910095215,9.846168518066406,0.9833577275276184,0.6559550762176514,-84.08244323730469,-93.9286117553711,1.3039922714233398,0.6071428656578064,0.2999875843524933,0.021027807146310806,0.08682963252067566,0.9631485939025879,0.6820014119148254,0.35030683875083923,0.2634772062301636,0.006644497625529766,0.2571428716182709,88.408447265625,4.58358907699585,30.0,0.9918018579483032,0.6836153864860535,101.0,71.0,2.2269504070281982,0.3214285671710968
collection__copper__17_1024.pt,-9.919109344482422,2.307264804840088,7.7787251472473145,0.892063319683075,0.6895039081573486,-5.383002758026123,-13.161727905273438,1.3559439182281494,0.20000000298023224,12.376913070678711,0.8157351613044739,2.9088382720947266,0.9645637273788452,0.6359591484069824,13.164632797241211,10.255794525146484,0.560543417930603,0.3333333432674408,-64.73115539550781,37.397979736328125,129.86412048339844,0.9602541923522949,0.6445620059967041,-27.75681495666504,-157.62094116210938,24.895891189575195,0.3333333432674408,0.611662745475769,0.09512600302696228,0.3573116362094879,0.9599510431289673,0.6467903852462769,0.7407417297363281,0.3834300935268402,0.056097328662872314,0.46666666865348816,134.88235473632812,89.4726791381836,269.0,0.8612777590751648,0.7825589179992676,305.0,36.0,47.375,0.3333333432674408
filter__acid_saw__46_1024.pt,-16.067041397094727,1.7004669904708862,5.466008186340332,0.9511558413505554,0.5951990485191345,-13.682608604431152,-19.148616790771484,0.1576891988515854,0.022727273404598236,6.048851490020752,0.2099882960319519,0.7469453811645508,0.9519397616386414,0.601168692111969,6.427844047546387,5.680898666381836,0.03832679241895676,0.34090909361839294,-159.3536376953125,0.24248158931732178,0.84844970703125,0.9243825078010559,0.7397907972335815,-158.82672119140625,-159.6751708984375,0.05523681640625,0.7272727489471436,0.2570608854293823,0.06235445290803909,0.1834035962820053,0.9483609199523926,0.6595519185066223,0.33202120661735535,0.14861761033535004,0.004122341517359018,0.13636364042758942,20.869565963745117,11.044573783874512,39.0,0.889691948890686,0.7832085490226746,48.0,9.0,0.8666666746139526,0.0
collection__cobalt__16_1024.pt,-9.089885711669922,2.229231834411621,7.987121105194092,0.9625887274742126,0.5736855268478394,-6.830088138580322,-14.817209243774414,1.3355236053466797,0.3571428656578064,11.466419219970703,1.2322496175765991,3.900463104248047,0.948063313961029,0.6178383827209473,12.804948806762695,8.904485702514648,0.6714996695518494,0.3571428656578064,-77.15018463134766,29.364261627197266,79.55803680419922,0.8991883993148804,0.5857554078102112,-41.09748077392578,-120.655517578125,11.486132621765137,0.2857142984867096,0.45636850595474243,0.11416590958833694,0.4083474576473236,0.9585016965866089,0.6877009868621826,0.5883613228797913,0.18001386523246765,0.11040972173213959,0.7857142686843872,82.0625,73.93643188476562,248.0,0.813186764717102,0.756915271282196,262.0,14.0,26.33333396911621,0.2142857164144516
complex__bitten_sync__255_1024.pt,-7.3045525550842285,0.9014268517494202,4.712254047393799,0.9923549890518188,0.5193872451782227,-6.024318218231201,-10.736572265625,0.12316931039094925,0.47826087474823,12.883111000061035,0.08838170021772385,0.626408576965332,0.9959986805915833,0.5874537229537964,13.055238723754883,12.42883014678955,0.03877517953515053,0.5810276865959167,-42.8891716003418,6.72353982925415,41.77724075317383,0.9951836466789246,0.5416402220726013,-32.59318161010742,-74.37042236328125,1.5835292339324951,0.5098814368247986,0.4979291558265686,0.06178693100810051,0.44536125659942627,0.9957667589187622,0.470529705286026,0.6211938858032227,0.1758326292037964,0.010374465025961399,0.48221343755722046,122.12548828125,60.300167083740234,247.0,0.9733851552009583,0.6218708157539368,258.0,11.0,8.838582992553711,0.5019763112068176
noise__helicopter__256_1024.pt,-18.46209144592285,1.62043035030365,8.879995346069336,0.9896338582038879,0.7527467608451843,-14.586448669433594,-23.46644401550293,1.6003583669662476,0.7204724550247192,11.286529541015625,0.17728258669376373,0.8438348770141602,0.9833945631980896,0.7897762060165405,11.69295597076416,10.84912109375,0.11710698902606964,0.6102362275123596,-75.55342864990234,5.084334850311279,30.195865631103516,0.9892564415931702,0.7693755030632019,-60.46352767944336,-90.65939331054688,4.228646278381348,0.6417322754859924,0.5355944633483887,0.042609259486198425,0.26099997758865356,0.9901778101921082,0.7786547541618347,0.660685658454895,0.39968568086624146,0.04015256464481354,0.6535432934761047,79.265625,21.184709548950195,124.0,0.9815541505813599,0.7915815711021423,156.0,32.0,16.890195846557617,0.7440944910049438
noise__bad_bits__20_1024.pt,-9.904520034790039,1.6960562467575073,6.685072898864746,0.9559484124183655,0.7034234404563904,-6.827310562133789,-13.512383460998535,1.9731594324111938,0.5555555820465088,13.052932739257812,0.25009170174598694,0.882232666015625,0.9535576105117798,0.7125283479690552,13.38995361328125,12.507720947265625,0.17288795113563538,0.6666666865348816,-38.60435104370117,8.681041717529297,28.632658004760742,0.9480662941932678,0.688798189163208,-26.667749404907227,-55.30040740966797,6.966646671295166,0.6666666865348816,0.4469485878944397,0.04021091386675835,0.19109371304512024,0.9708358645439148,0.6332563757896423,0.5283490419387817,0.3372553288936615,0.032246943563222885,0.6666666865348816,156.39999389648438,75.31016540527344,238.0,0.9031811356544495,0.7908535599708557,295.0,57.0,60.105262756347656,0.7777777910232544
basics__saw_dual_1__235_1024.pt,-13.044659614562988,0.1718153953552246,0.7938241958618164,0.9649805426597595,0.570181131362915,-12.542638778686523,-13.33646297454834,0.020364748314023018,0.553648054599762,12.32713508605957,0.4938856065273285,2.2284841537475586,0.9893577694892883,0.4007198214530945,12.912044525146484,10.683560371398926,0.040245577692985535,0.5321888327598572,-40.186004638671875,3.403268337249756,11.877227783203125,0.9760032296180725,0.548908531665802,-35.73229217529297,-47.609519958496094,0.22908343374729156,0.2446351945400238,0.4494699239730835,0.017012592405080795,0.14583706855773926,0.99752277135849,0.41987505555152893,0.4777885377407074,0.33195146918296814,0.0018030747305601835,0.5064377784729004,120.68085479736328,16.82680320739746,63.0,0.9588879346847534,0.5986941456794739,158.0,95.0,2.76068377494812,0.4849785268306732
noise__swepdustry__16_1024.pt,-14.397459983825684,2.4426181316375732,7.3944091796875,0.9372274279594421,0.69538414478302,-11.635251998901367,-19.029661178588867,1.3658663034439087,0.5714285969734192,13.527091026306152,0.20542612671852112,0.5353097915649414,0.8677479028701782,0.6991519331932068,13.809606552124023,13.274296760559082,0.06465307623147964,0.3571428656578064,-13.741491317749023,3.6549055576324463,11.231908798217773,0.8927556872367859,0.809755802154541,-7.46306848526001,-18.694976806640625,2.6458897590637207,0.4285714328289032,0.5135196447372437,0.01048298180103302,0.038919150829315186,0.9530704021453857,0.7461169362068176,0.5290669202804565,0.49014776945114136,0.011196279898285866,0.5714285969734192,485.875,32.877296447753906,128.0,0.970680832862854,0.6262176632881165,512.0,384.0,15.133333206176758,0.4285714328289032
formant__aeiou__256_1024.pt,-9.196075439453125,1.771994948387146,7.6035051345825195,0.9786617755889893,0.5425704121589661,-5.600955009460449,-13.204460144042969,0.23412176966667175,0.17322835326194763,8.846504211425781,0.5005035400390625,2.2387466430664062,0.9843297004699707,0.5955207943916321,9.698686599731445,7.459939956665039,0.03780069574713707,0.19291338324546814,-142.40966796875,8.719595909118652,38.79828643798828,0.9537811875343323,0.6339216828346252,-115.85892486572266,-154.65721130371094,0.9349724054336548,0.26377952098846436,0.4415455162525177,0.07958053797483444,0.341727077960968,0.9841234087944031,0.5321671962738037,0.5682680010795593,0.2265409231185913,0.006693795323371887,0.10629921406507492,58.76953125,25.686603546142578,115.0,0.9759753942489624,0.6956830620765686,120.0,5.0,3.7960784435272217,0.20078739523887634
retro__harmonics_1__184_1024.pt,-9.765049934387207,0.7581329941749573,3.147242546081543,0.9694520831108093,0.5507475733757019,-8.010624885559082,-11.157867431640625,0.15038467943668365,0.3241758346557617,12.54879379272461,0.26242706179618835,1.3177366256713867,0.9913525581359863,0.5751308798789978,12.84447956085205,11.526742935180664,0.018862823024392128,0.5549450516700745,-97.42022705078125,17.108373641967773,80.64559936523438,0.9844114780426025,0.7007680535316467,-63.02522277832031,-143.6708221435547,12.426350593566895,0.6428571343421936,0.27502506971359253,0.12744738161563873,0.44977766275405884,0.9719275236129761,0.5527287721633911,0.47206124663352966,0.02228357084095478,0.02315841242671013,0.6373626589775085,42.4782600402832,20.137222290039062,86.0,0.9572655558586121,0.7419230937957764,98.0,12.0,8.754097938537598,0.3791208863258362
distortion__malice__32_1024.pt,-7.304896831512451,1.5307542085647583,6.250962257385254,0.9805092811584473,0.583003580570221,-5.960736274719238,-12.211698532104492,0.565889298915863,0.6666666865348816,13.169130325317383,0.1722775548696518,0.7894306182861328,0.9839904308319092,0.6023604273796082,13.33137321472168,12.541942596435547,0.06859324127435684,0.7333333492279053,-30.71248435974121,6.911173343658447,24.378890991210938,0.9692705273628235,0.5767840147018433,-22.82925033569336,-47.2081413269043,1.980517864227295,0.5666666626930237,0.5049902200698853,0.025827471166849136,0.1239037811756134,0.9453374743461609,0.7846184372901917,0.5872751474380493,0.4633713662624359,0.030318403616547585,0.6666666865348816,356.8125,128.88165283203125,395.0,0.9544543623924255,0.6450096368789673,487.0,92.0,32.51612854003906,0.5333333611488342
harmonics__sines_4__10_1024.pt,-10.097895622253418,0.6627258062362671,1.9504270553588867,0.930661141872406,0.6788041591644287,-9.51528549194336,-11.465712547302246,0.4047839939594269,0.25,8.975728034973145,1.6268640756607056,4.626716613769531,0.9195791482925415,0.7228391170501709,10.568187713623047,5.941471099853516,0.5140796303749084,0.0,-158.65704345703125,1.1027323007583618,2.9847869873046875,0.8294253349304199,0.819718599319458,-156.89373779296875,-159.87852478027344,0.3316429853439331,0.0,0.5778291821479797,0.1743137091398239,0.6304559707641602,0.8714680671691895,0.8280251026153564,0.9974129796028137,0.3669569790363312,0.11721984297037125,0.375,9.600000381469727,7.805980682373047,20.0,0.8216931819915771,0.8013618588447571,21.0,1.0,2.222222328186035,0.0
filter__modern_sweep_2__256_1024.pt,-9.71982479095459,1.0132014751434326,4.3499016761779785,0.9565145373344421,0.6358610391616821,-6.8022589683532715,-11.15216064453125,0.12228479236364365,0.30708661675453186,12.338668823242188,0.28181180357933044,0.9470138549804688,0.9698098301887512,0.6109017133712769,12.741570472717285,11.794556617736816,0.012881073169410229,0.25984251499176025,-61.295555114746094,9.242857933044434,29.76409912109375,0.9738835692405701,0.54920893907547,-51.163238525390625,-80.92733764648438,0.464141309261322,0.33070865273475647,0.5385634303092957,0.02191181853413582,0.1583189070224762,0.9930530786514282,0.5617615580558777,0.6096525192260742,0.451333612203598,0.0035745969507843256,0.15748031437397003,129.3359375,25.556941986083984,106.0,0.9831843972206116,0.5241286158561707,167.0,61.0,3.709803819656372,0.3976377844810486
distortion__freak__256_1024.pt,-5.917451858520508,0.7558038234710693,2.2325048446655273,0.9372442960739136,0.4064554274082184,-4.611508846282959,-6.844013690948486,0.026781711727380753,0.11811023950576782,12.139324188232422,0.5223666429519653,1.8093156814575195,0.9780191779136658,0.5810325145721436,12.735709190368652,10.926393508911133,0.02080272138118744,0.22834645211696625,-66.58615112304688,11.830204963684082,44.01666259765625,0.9755187630653381,0.5978627800941467,-48.236915588378906,-92.25357818603516,0.5150400996208191,0.30314961075782776,0.7159695625305176,0.04644172266125679,0.17313432693481445,0.9544607400894165,0.7070823311805725,0.8245633244514465,0.6514289975166321,0.002397056668996811,0.17322835326194763,71.56640625,8.971604347229004,48.0,0.9785944223403931,0.6489586234092712,101.0,53.0,1.4313725233078003,0.31496062874794006
harmonics__sines_2__8_1024.pt,-7.202576637268066,0.5288492441177368,1.6567444801330566,0.805435299873352,0.8738418817520142,-6.092718124389648,-7.749462604522705,0.3612009584903717,0.1666666716337204,9.8414945602417,0.6644482612609863,1.7630672454833984,0.8268671631813049,0.7844362854957581,10.810739517211914,9.047672271728516,0.27790722250938416,0.5,-158.93426513671875,0.17848823964595795,0.57086181640625,0.9024035334587097,0.6690756678581238,-158.66976928710938,-159.24063110351562,0.1809125691652298,0.5,0.29179441928863525,0.0955953449010849,0.2921069860458374,0.9338487982749939,0.723072350025177,0.3544835150241852,0.062376536428928375,0.09164666384458542,0.5,11.125,1.8850919008255005,6.0,0.9276344776153564,0.7239692211151123,13.0,7.0,2.2857143878936768,0.6666666865348816
distortion__phased__178_1024.pt,-4.581543445587158,1.5748076438903809,5.050999164581299,0.9442305564880371,0.6144956350326538,-1.7672878503799438,-6.818286895751953,0.08911581337451935,0.20454545319080353,11.274261474609375,1.7447664737701416,5.714737892150879,0.9679990410804749,0.6177510619163513,13.30234146118164,7.587603569030762,0.060227274894714355,0.4886363744735718,-81.54402160644531,42.0964469909668,141.4037628173828,0.9610053896903992,0.6492476463317871,-17.5841121673584,-158.9878692626953,1.7213214635849,0.5113636255264282,0.3592073321342468,0.14295198023319244,0.5028558373451233,0.9694854021072388,0.5123388767242432,0.5746989846229553,0.07184313982725143,0.008663916029036045,0.20454545319080353,129.0842742919922,135.09532165527344,483.0,0.8819937109947205,0.7592969536781311,493.0,10.0,4.864406585693359,0.21022726595401764
collection__squash__32_1024.pt,-10.774609565734863,1.0956443548202515,5.240151405334473,0.981904149055481,0.6066635251045227,-9.11623477935791,-14.356386184692383,0.37878575921058655,0.30000001192092896,7.538248538970947,0.9783399701118469,3.2691783905029297,0.9419602751731873,0.7168975472450256,9.168781280517578,5.899602890014648,0.1191631406545639,0.30000001192092896,-158.33746337890625,2.83162784576416,10.7122802734375,0.6642158627510071,0.894444465637207,-149.15011596679688,-159.86239624023438,0.574615478515625,0.4333333373069763,0.6498898863792419,0.15297099947929382,0.46736738085746765,0.9021846652030945,0.7418898940086365,0.929481029510498,0.4621136486530304,0.025180913507938385,0.4333333373069763,9.8125,4.482492923736572,20.0,0.9467646479606628,0.7575178742408752,22.0,2.0,1.0967742204666138,0.10000000149011612
noise__brown_noise__256_1024.pt,-9.446062088012695,1.1207382678985596,7.230199813842773,0.9931156039237976,0.7654219269752502,-6.569907188415527,-13.8001070022583,1.221293330192566,0.6614173054695129,11.180106163024902,0.6645975112915039,3.993978500366211,0.9924367070198059,0.7524535059928894,12.627985954284668,8.634007453918457,0.670717716217041,0.6299212574958801,-105.7372055053711,9.86251163482666,52.26811981201172,0.9747346043586731,0.862638533115387,-72.65023040771484,-124.91835021972656,10.4475736618042,0.6062992215156555,0.6320832967758179,0.10499285161495209,0.6275063753128052,0.9912347197532654,0.7874063849449158,0.8990540504455566,0.27154767513275146,0.11118348687887192,0.6889764070510864,12.2421875,3.0312001705169678,22.0,0.98122239112854,0.8622198700904846,28.0,6.0,3.0470588207244873,0.5039370059967041
collection__ruby__242_1024.pt,-9.242212295532227,1.5885664224624634,7.18880558013916,0.98075270652771,0.42670005559921265,-6.0314130783081055,-13.220218658447266,0.08215991407632828,0.11249999701976776,12.499652862548828,0.5206414461135864,1.605691909790039,0.9490432739257812,0.6409852504730225,13.3539400100708,11.748248100280762,0.013632445596158504,0.1458333283662796,-44.79561233520508,15.607671737670898,49.74983215332031,0.9542972445487976,0.6659832000732422,-17.991775512695312,-67.74160766601562,0.40409210324287415,0.15000000596046448,0.6254264712333679,0.14166663587093353,0.3929292857646942,0.9432889223098755,0.6058789491653442,0.8240993618965149,0.4311700761318207,0.0026532714255154133,0.05833333358168602,205.5,115.25804901123047,423.0,0.9374538064002991,0.7183597683906555,494.0,71.0,3.6224067211151123,0.15416666865348816
vintage__sys8_comb__92_1024.pt,-10.390388488769531,0.8289857506752014,3.375241279602051,0.948468804359436,0.5960025191307068,-8.278656005859375,-11.653897285461426,0.17367497086524963,0.5666666626930237,12.157552719116211,0.3568490743637085,1.409865379333496,0.9676741361618042,0.6362321972846985,12.821385383605957,11.411520004272461,0.07878834754228592,0.5333333611488342,-62.74869918823242,11.880617141723633,44.172298431396484,0.9633965492248535,0.634505033493042,-41.47239303588867,-85.64469146728516,2.093524217605591,0.6000000238418579,0.587242603302002,0.04934777691960335,0.19032737612724304,0.9787554144859314,0.6347428560256958,0.6523646712303162,0.4620372951030731,0.00968099944293499,0.5555555820465088,84.53260803222656,40.63789367675781,150.0,0.925249457359314,0.6484073996543884,183.0,33.0,7.912087917327881,0.5333333611488342
retro__sweep_random__185_1024.pt,-13.333935737609863,1.3958371877670288,5.465968132019043,0.9342601299285889,0.5415178537368774,-9.562220573425293,-15.028188705444336,0.08389905095100403,0.4262295067310333,12.725300788879395,0.25362035632133484,0.8809337615966797,0.9795292019844055,0.5787022709846497,12.937277793884277,12.056344032287598,0.00913840252906084,0.5300546288490295,-43.368751525878906,14.794589042663574,54.34297180175781,0.9852091670036316,0.5737449526786804,-33.099273681640625,-87.44224548339844,0.6211870312690735,0.5901639461517334,0.4729471206665039,0.0647704228758812,0.234980970621109,0.9732974767684937,0.6317946910858154,0.574664294719696,0.33968332409858704,0.0025016849394887686,0.5409836173057556,214.54054260253906,97.76585388183594,339.0,0.969373345375061,0.590964674949646,355.0,16.0,4.6902174949646,0.4480874240398407
harmonics__strong_seventh__63_1024.pt,-10.018684387207031,0.21069109439849854,0.5566530227661133,0.8682452440261841,0.5785986185073853,-9.668116569519043,-10.224769592285156,0.013469542376697063,0.032786883413791656,8.389764785766602,1.5527805089950562,5.283957481384277,0.8872605562210083,0.7714178562164307,12.11975383758545,6.835796356201172,0.08522512018680573,0.0,-151.69003295898438,19.885072708129883,84.4967269897461,0.5895180106163025,0.8845835328102112,-75.35424041748047,-159.85096740722656,1.3679094314575195,0.37704917788505554,0.8056309819221497,0.08258401602506638,0.28041136264801025,0.9724419116973877,0.6204755902290344,0.888074517250061,0.6076631546020508,0.004522764123976231,0.0,11.777777671813965,10.264948844909668,44.0,0.8510422706604004,0.8465789556503296,48.0,4.0,0.7096773982048035,0.0
vintage__brds_dual_saw__234_1024.pt,-11.491580963134766,0.9372596144676208,2.859013557434082,0.960135281085968,0.594527006149292,-10.193679809570312,-13.052693367004395,0.04292099177837372,0.5905172228813171,12.61231803894043,0.32457777857780457,1.2704286575317383,0.9862128496170044,0.599313497543335,12.98112678527832,11.710698127746582,0.04546089097857475,0.5818965435028076,-54.11052703857422,5.705903053283691,21.618148803710938,0.9849128127098083,0.661452054977417,-48.079193115234375,-69.69734191894531,1.2626988887786865,0.4482758641242981,0.37554362416267395,0.011620360426604748,0.07247573137283325,0.9925166964530945,0.5454407930374146,0.40436673164367676,0.3318910002708435,0.002072658622637391,0.5862069129943848,47.64529800415039,2.9015016555786133,15.0,0.9852623343467712,0.7527256608009338,55.0,40.0,1.4120172262191772,0.24137930572032928
