loss_fn	wavetable	mod_type	reference	ref_amount	mod_sig	amount	is_reference	ref_shift	distance
mse	brightness_real__harmonics__synced_sines__256_1024	amp	amp_1.00hz_0.10	0.1	amp_1.00hz_0.10	0.1	True	0	0.0
mse	brightness_real__harmonics__synced_sines__256_1024	amp	amp_1.00hz_0.10	0.1	amp_1.00hz_0.30	0.3	False	0	0.004928922280669212
mse	brightness_real__harmonics__synced_sines__256_1024	amp	amp_1.00hz_0.10	0.1	amp_1.00hz_0.50	0.5	False	0	0.01677895151078701
mse	brightness_real__harmonics__synced_sines__256_1024	amp	amp_1.00hz_0.10	0.1	amp_1.00hz_0.70	0.7	False	0	0.025923186913132668
mse	brightness_real__harmonics__synced_sines__256_1024	amp	amp_1.00hz_0.10	0.1	amp_1.00hz_0.90	0.9	False	0	0.030446503311395645
mse	brightness_real__harmonics__synced_sines__256_1024	freq	freq_0.25hz	0.25	freq_0.25hz	0.25	True	0	0.0
mse	brightness_real__harmonics__synced_sines__256_1024	freq	freq_0.25hz	0.25	freq_0.50hz	0.5	False	0	0.032954972237348557
mse	brightness_real__harmonics__synced_sines__256_1024	freq	freq_0.25hz	0.25	freq_1.00hz	1.0	False	0	0.03274540975689888
mse	brightness_real__harmonics__synced_sines__256_1024	freq	freq_0.25hz	0.25	freq_2.00hz	2.0	False	0	0.03227248415350914
mse	brightness_real__harmonics__synced_sines__256_1024	freq	freq_0.25hz	0.25	freq_4.00hz	4.0	False	0	0.0323152095079422
mse	brightness_real__harmonics__synced_sines__256_1024	reg	reg_1.00hz_0.000	0.0	reg_1.00hz_0.000	0.0	True	0	0.0
mse	brightness_real__harmonics__synced_sines__256_1024	reg	reg_1.00hz_0.000	0.0	reg_1.00hz_0.125	0.125	False	0	0.02577890269458294
mse	brightness_real__harmonics__synced_sines__256_1024	reg	reg_1.00hz_0.000	0.0	reg_1.00hz_0.250	0.25	False	0	0.032280512154102325
mse	brightness_real__harmonics__synced_sines__256_1024	reg	reg_1.00hz_0.000	0.0	reg_1.00hz_0.375	0.375	False	0	0.03461990877985954
mse	brightness_real__harmonics__synced_sines__256_1024	reg	reg_1.00hz_0.000	0.0	reg_1.00hz_0.500	0.5	False	0	0.03567693009972572
mse	brightness_synthetic__256_1024	amp	amp_1.00hz_0.10	0.1	amp_1.00hz_0.10	0.1	True	0	0.0
mse	brightness_synthetic__256_1024	amp	amp_1.00hz_0.10	0.1	amp_1.00hz_0.30	0.3	False	0	0.0022072794381529093
mse	brightness_synthetic__256_1024	amp	amp_1.00hz_0.10	0.1	amp_1.00hz_0.50	0.5	False	0	0.006660316605120897
mse	brightness_synthetic__256_1024	amp	amp_1.00hz_0.10	0.1	amp_1.00hz_0.70	0.7	False	0	0.012367768213152885
mse	brightness_synthetic__256_1024	amp	amp_1.00hz_0.10	0.1	amp_1.00hz_0.90	0.9	False	0	0.018005577847361565
mse	brightness_synthetic__256_1024	freq	freq_0.25hz	0.25	freq_0.25hz	0.25	True	0	0.0
mse	brightness_synthetic__256_1024	freq	freq_0.25hz	0.25	freq_0.50hz	0.5	False	0	0.025374600663781166
mse	brightness_synthetic__256_1024	freq	freq_0.25hz	0.25	freq_1.00hz	1.0	False	0	0.024818915873765945
mse	brightness_synthetic__256_1024	freq	freq_0.25hz	0.25	freq_2.00hz	2.0	False	0	0.024759607389569283
mse	brightness_synthetic__256_1024	freq	freq_0.25hz	0.25	freq_4.00hz	4.0	False	0	0.025000974535942078
mse	brightness_synthetic__256_1024	reg	reg_1.00hz_0.000	0.0	reg_1.00hz_0.000	0.0	True	0	0.0
mse	brightness_synthetic__256_1024	reg	reg_1.00hz_0.000	0.0	reg_1.00hz_0.125	0.125	False	0	0.012053796090185642
mse	brightness_synthetic__256_1024	reg	reg_1.00hz_0.000	0.0	reg_1.00hz_0.250	0.25	False	0	0.02323937602341175
mse	brightness_synthetic__256_1024	reg	reg_1.00hz_0.000	0.0	reg_1.00hz_0.375	0.375	False	0	0.028397686779499054
mse	brightness_synthetic__256_1024	reg	reg_1.00hz_0.000	0.0	reg_1.00hz_0.500	0.5	False	0	0.03051956556737423
mse	richness_real__filter__acid_saw__46_1024__inverted	amp	amp_1.00hz_0.10	0.1	amp_1.00hz_0.10	0.1	True	0	0.0
mse	richness_real__filter__acid_saw__46_1024__inverted	amp	amp_1.00hz_0.10	0.1	amp_1.00hz_0.30	0.3	False	0	0.0024686900433152914
mse	richness_real__filter__acid_saw__46_1024__inverted	amp	amp_1.00hz_0.10	0.1	amp_1.00hz_0.50	0.5	False	0	0.007935636676847935
mse	richness_real__filter__acid_saw__46_1024__inverted	amp	amp_1.00hz_0.10	0.1	amp_1.00hz_0.70	0.7	False	0	0.01294616051018238
mse	richness_real__filter__acid_saw__46_1024__inverted	amp	amp_1.00hz_0.10	0.1	amp_1.00hz_0.90	0.9	False	0	0.01677882671356201
mse	richness_real__filter__acid_saw__46_1024__inverted	freq	freq_0.25hz	0.25	freq_0.25hz	0.25	True	0	0.0
mse	richness_real__filter__acid_saw__46_1024__inverted	freq	freq_0.25hz	0.25	freq_0.50hz	0.5	False	0	0.02118312567472458
mse	richness_real__filter__acid_saw__46_1024__inverted	freq	freq_0.25hz	0.25	freq_1.00hz	1.0	False	0	0.02044575847685337
mse	richness_real__filter__acid_saw__46_1024__inverted	freq	freq_0.25hz	0.25	freq_2.00hz	2.0	False	0	0.02127966471016407
mse	richness_real__filter__acid_saw__46_1024__inverted	freq	freq_0.25hz	0.25	freq_4.00hz	4.0	False	0	0.02133270353078842
mse	richness_real__filter__acid_saw__46_1024__inverted	reg	reg_1.00hz_0.000	0.0	reg_1.00hz_0.000	0.0	True	0	0.0
mse	richness_real__filter__acid_saw__46_1024__inverted	reg	reg_1.00hz_0.000	0.0	reg_1.00hz_0.125	0.125	False	0	0.01340510044246912
mse	richness_real__filter__acid_saw__46_1024__inverted	reg	reg_1.00hz_0.000	0.0	reg_1.00hz_0.250	0.25	False	0	0.02025126852095127
mse	richness_real__filter__acid_saw__46_1024__inverted	reg	reg_1.00hz_0.000	0.0	reg_1.00hz_0.375	0.375	False	0	0.023437511175870895
mse	richness_real__filter__acid_saw__46_1024__inverted	reg	reg_1.00hz_0.000	0.0	reg_1.00hz_0.500	0.5	False	0	0.02472064085304737
mse	richness_synthetic__256_1024	amp	amp_1.00hz_0.10	0.1	amp_1.00hz_0.10	0.1	True	0	0.0
mse	richness_synthetic__256_1024	amp	amp_1.00hz_0.10	0.1	amp_1.00hz_0.30	0.3	False	0	0.000205886535695754
mse	richness_synthetic__256_1024	amp	amp_1.00hz_0.10	0.1	amp_1.00hz_0.50	0.5	False	0	0.0008412530878558755
mse	richness_synthetic__256_1024	amp	amp_1.00hz_0.10	0.1	amp_1.00hz_0.70	0.7	False	0	0.0019282621797174215
mse	richness_synthetic__256_1024	amp	amp_1.00hz_0.10	0.1	amp_1.00hz_0.90	0.9	False	0	0.003396301530301571
mse	richness_synthetic__256_1024	freq	freq_0.25hz	0.25	freq_0.25hz	0.25	True	0	0.0
mse	richness_synthetic__256_1024	freq	freq_0.25hz	0.25	freq_0.50hz	0.5	False	0	0.00715878838673234
mse	richness_synthetic__256_1024	freq	freq_0.25hz	0.25	freq_1.00hz	1.0	False	0	0.007832835428416729
mse	richness_synthetic__256_1024	freq	freq_0.25hz	0.25	freq_2.00hz	2.0	False	0	0.007678759749978781
mse	richness_synthetic__256_1024	freq	freq_0.25hz	0.25	freq_4.00hz	4.0	False	0	0.007655720692127943
mse	richness_synthetic__256_1024	reg	reg_1.00hz_0.000	0.0	reg_1.00hz_0.000	0.0	True	0	0.0
mse	richness_synthetic__256_1024	reg	reg_1.00hz_0.000	0.0	reg_1.00hz_0.125	0.125	False	0	0.0018588053062558174
mse	richness_synthetic__256_1024	reg	reg_1.00hz_0.000	0.0	reg_1.00hz_0.250	0.25	False	0	0.005599807482212782
mse	richness_synthetic__256_1024	reg	reg_1.00hz_0.000	0.0	reg_1.00hz_0.375	0.375	False	0	0.0087956003844738
mse	richness_synthetic__256_1024	reg	reg_1.00hz_0.000	0.0	reg_1.00hz_0.500	0.5	False	0	0.010211550630629063
mse	warmth_real__vintage__logue_saw__166_1024	amp	amp_1.00hz_0.10	0.1	amp_1.00hz_0.10	0.1	True	0	0.0
mse	warmth_real__vintage__logue_saw__166_1024	amp	amp_1.00hz_0.10	0.1	amp_1.00hz_0.30	0.3	False	0	0.003975971601903439
mse	warmth_real__vintage__logue_saw__166_1024	amp	amp_1.00hz_0.10	0.1	amp_1.00hz_0.50	0.5	False	0	0.008712947368621826
mse	warmth_real__vintage__logue_saw__166_1024	amp	amp_1.00hz_0.10	0.1	amp_1.00hz_0.70	0.7	False	0	0.013616110198199749
mse	warmth_real__vintage__logue_saw__166_1024	amp	amp_1.00hz_0.10	0.1	amp_1.00hz_0.90	0.9	False	0	0.017725970596075058
mse	warmth_real__vintage__logue_saw__166_1024	freq	freq_0.25hz	0.25	freq_0.25hz	0.25	True	0	0.0
mse	warmth_real__vintage__logue_saw__166_1024	freq	freq_0.25hz	0.25	freq_0.50hz	0.5	False	0	0.027359724044799805
mse	warmth_real__vintage__logue_saw__166_1024	freq	freq_0.25hz	0.25	freq_1.00hz	1.0	False	0	0.023993337526917458
mse	warmth_real__vintage__logue_saw__166_1024	freq	freq_0.25hz	0.25	freq_2.00hz	2.0	False	0	0.024502364918589592
mse	warmth_real__vintage__logue_saw__166_1024	freq	freq_0.25hz	0.25	freq_4.00hz	4.0	False	0	0.024591289460659027
mse	warmth_real__vintage__logue_saw__166_1024	reg	reg_1.00hz_0.000	0.0	reg_1.00hz_0.000	0.0	True	0	0.0
mse	warmth_real__vintage__logue_saw__166_1024	reg	reg_1.00hz_0.000	0.0	reg_1.00hz_0.125	0.125	False	0	0.015274038538336754
mse	warmth_real__vintage__logue_saw__166_1024	reg	reg_1.00hz_0.000	0.0	reg_1.00hz_0.250	0.25	False	0	0.02323978766798973
mse	warmth_real__vintage__logue_saw__166_1024	reg	reg_1.00hz_0.000	0.0	reg_1.00hz_0.375	0.375	False	0	0.02739730104804039
mse	warmth_real__vintage__logue_saw__166_1024	reg	reg_1.00hz_0.000	0.0	reg_1.00hz_0.500	0.5	False	0	0.02967371791601181
mse	warmth_synthetic__256_1024	amp	amp_1.00hz_0.10	0.1	amp_1.00hz_0.10	0.1	True	0	0.0
mse	warmth_synthetic__256_1024	amp	amp_1.00hz_0.10	0.1	amp_1.00hz_0.30	0.3	False	0	5.3353243856690824e-05
mse	warmth_synthetic__256_1024	amp	amp_1.00hz_0.10	0.1	amp_1.00hz_0.50	0.5	False	0	0.00022578705102205276
mse	warmth_synthetic__256_1024	amp	amp_1.00hz_0.10	0.1	amp_1.00hz_0.70	0.7	False	0	0.0005631161038763821
mse	warmth_synthetic__256_1024	amp	amp_1.00hz_0.10	0.1	amp_1.00hz_0.90	0.9	False	0	0.0011757146567106247
mse	warmth_synthetic__256_1024	freq	freq_0.25hz	0.25	freq_0.25hz	0.25	True	0	0.0
mse	warmth_synthetic__256_1024	freq	freq_0.25hz	0.25	freq_0.50hz	0.5	False	0	0.003866708604618907
mse	warmth_synthetic__256_1024	freq	freq_0.25hz	0.25	freq_1.00hz	1.0	False	0	0.004084088373929262
mse	warmth_synthetic__256_1024	freq	freq_0.25hz	0.25	freq_2.00hz	2.0	False	0	0.004023300483822823
mse	warmth_synthetic__256_1024	freq	freq_0.25hz	0.25	freq_4.00hz	4.0	False	0	0.0040246546268463135
mse	warmth_synthetic__256_1024	reg	reg_1.00hz_0.000	0.0	reg_1.00hz_0.000	0.0	True	0	0.0
mse	warmth_synthetic__256_1024	reg	reg_1.00hz_0.000	0.0	reg_1.00hz_0.125	0.125	False	0	0.0008011846803128719
mse	warmth_synthetic__256_1024	reg	reg_1.00hz_0.000	0.0	reg_1.00hz_0.250	0.25	False	0	0.0026634270325303078
mse	warmth_synthetic__256_1024	reg	reg_1.00hz_0.000	0.0	reg_1.00hz_0.375	0.375	False	0	0.004685584455728531
mse	warmth_synthetic__256_1024	reg	reg_1.00hz_0.000	0.0	reg_1.00hz_0.500	0.5	False	0	0.005597260780632496
mss	brightness_real__harmonics__synced_sines__256_1024	amp	amp_1.00hz_0.10	0.1	amp_1.00hz_0.10	0.1	True	0	0.0
mss	brightness_real__harmonics__synced_sines__256_1024	amp	amp_1.00hz_0.10	0.1	amp_1.00hz_0.30	0.3	False	0	0.6591756939888
mss	brightness_real__harmonics__synced_sines__256_1024	amp	amp_1.00hz_0.10	0.1	amp_1.00hz_0.50	0.5	False	0	0.9654293060302734
mss	brightness_real__harmonics__synced_sines__256_1024	amp	amp_1.00hz_0.10	0.1	amp_1.00hz_0.70	0.7	False	0	1.2142829895019531
mss	brightness_real__harmonics__synced_sines__256_1024	amp	amp_1.00hz_0.10	0.1	amp_1.00hz_0.90	0.9	False	0	1.4200679063796997
mss	brightness_real__harmonics__synced_sines__256_1024	freq	freq_0.25hz	0.25	freq_0.25hz	0.25	True	0	0.0
mss	brightness_real__harmonics__synced_sines__256_1024	freq	freq_0.25hz	0.25	freq_0.50hz	0.5	False	0	1.6416692733764648
mss	brightness_real__harmonics__synced_sines__256_1024	freq	freq_0.25hz	0.25	freq_1.00hz	1.0	False	0	1.6666122674942017
mss	brightness_real__harmonics__synced_sines__256_1024	freq	freq_0.25hz	0.25	freq_2.00hz	2.0	False	0	1.8762654066085815
mss	brightness_real__harmonics__synced_sines__256_1024	freq	freq_0.25hz	0.25	freq_4.00hz	4.0	False	0	2.344823122024536
mss	brightness_real__harmonics__synced_sines__256_1024	reg	reg_1.00hz_0.000	0.0	reg_1.00hz_0.000	0.0	True	0	0.0
mss	brightness_real__harmonics__synced_sines__256_1024	reg	reg_1.00hz_0.000	0.0	reg_1.00hz_0.125	0.125	False	0	1.2970740795135498
mss	brightness_real__harmonics__synced_sines__256_1024	reg	reg_1.00hz_0.000	0.0	reg_1.00hz_0.250	0.25	False	0	1.6297554969787598
mss	brightness_real__harmonics__synced_sines__256_1024	reg	reg_1.00hz_0.000	0.0	reg_1.00hz_0.375	0.375	False	0	1.791865348815918
mss	brightness_real__harmonics__synced_sines__256_1024	reg	reg_1.00hz_0.000	0.0	reg_1.00hz_0.500	0.5	False	0	1.8523963689804077
mss	brightness_synthetic__256_1024	amp	amp_1.00hz_0.10	0.1	amp_1.00hz_0.10	0.1	True	0	0.0
mss	brightness_synthetic__256_1024	amp	amp_1.00hz_0.10	0.1	amp_1.00hz_0.30	0.3	False	0	0.6319562196731567
mss	brightness_synthetic__256_1024	amp	amp_1.00hz_0.10	0.1	amp_1.00hz_0.50	0.5	False	0	0.888138473033905
mss	brightness_synthetic__256_1024	amp	amp_1.00hz_0.10	0.1	amp_1.00hz_0.70	0.7	False	0	1.108588695526123
mss	brightness_synthetic__256_1024	amp	amp_1.00hz_0.10	0.1	amp_1.00hz_0.90	0.9	False	0	1.2928885221481323
mss	brightness_synthetic__256_1024	freq	freq_0.25hz	0.25	freq_0.25hz	0.25	True	0	0.0
mss	brightness_synthetic__256_1024	freq	freq_0.25hz	0.25	freq_0.50hz	0.5	False	0	1.5013726949691772
mss	brightness_synthetic__256_1024	freq	freq_0.25hz	0.25	freq_1.00hz	1.0	False	0	1.47556734085083
mss	brightness_synthetic__256_1024	freq	freq_0.25hz	0.25	freq_2.00hz	2.0	False	0	1.4789142608642578
mss	brightness_synthetic__256_1024	freq	freq_0.25hz	0.25	freq_4.00hz	4.0	False	0	1.5032339096069336
mss	brightness_synthetic__256_1024	reg	reg_1.00hz_0.000	0.0	reg_1.00hz_0.000	0.0	True	0	0.0
mss	brightness_synthetic__256_1024	reg	reg_1.00hz_0.000	0.0	reg_1.00hz_0.125	0.125	False	0	1.0468435287475586
mss	brightness_synthetic__256_1024	reg	reg_1.00hz_0.000	0.0	reg_1.00hz_0.250	0.25	False	0	1.4037704467773438
mss	brightness_synthetic__256_1024	reg	reg_1.00hz_0.000	0.0	reg_1.00hz_0.375	0.375	False	0	1.5788100957870483
mss	brightness_synthetic__256_1024	reg	reg_1.00hz_0.000	0.0	reg_1.00hz_0.500	0.5	False	0	1.6536465883255005
mss	richness_real__filter__acid_saw__46_1024__inverted	amp	amp_1.00hz_0.10	0.1	amp_1.00hz_0.10	0.1	True	0	0.0
mss	richness_real__filter__acid_saw__46_1024__inverted	amp	amp_1.00hz_0.10	0.1	amp_1.00hz_0.30	0.3	False	0	0.44513508677482605
mss	richness_real__filter__acid_saw__46_1024__inverted	amp	amp_1.00hz_0.10	0.1	amp_1.00hz_0.50	0.5	False	0	0.5625147223472595
mss	richness_real__filter__acid_saw__46_1024__inverted	amp	amp_1.00hz_0.10	0.1	amp_1.00hz_0.70	0.7	False	0	0.6708894371986389
mss	richness_real__filter__acid_saw__46_1024__inverted	amp	amp_1.00hz_0.10	0.1	amp_1.00hz_0.90	0.9	False	0	0.7981073260307312
mss	richness_real__filter__acid_saw__46_1024__inverted	freq	freq_0.25hz	0.25	freq_0.25hz	0.25	True	0	0.0
mss	richness_real__filter__acid_saw__46_1024__inverted	freq	freq_0.25hz	0.25	freq_0.50hz	0.5	False	0	1.1280282735824585
mss	richness_real__filter__acid_saw__46_1024__inverted	freq	freq_0.25hz	0.25	freq_1.00hz	1.0	False	0	1.0648937225341797
mss	richness_real__filter__acid_saw__46_1024__inverted	freq	freq_0.25hz	0.25	freq_2.00hz	2.0	False	0	1.074360728263855
mss	richness_real__filter__acid_saw__46_1024__inverted	freq	freq_0.25hz	0.25	freq_4.00hz	4.0	False	0	1.0782182216644287
mss	richness_real__filter__acid_saw__46_1024__inverted	reg	reg_1.00hz_0.000	0.0	reg_1.00hz_0.000	0.0	True	0	0.0
mss	richness_real__filter__acid_saw__46_1024__inverted	reg	reg_1.00hz_0.000	0.0	reg_1.00hz_0.125	0.125	False	0	0.7197292447090149
mss	richness_real__filter__acid_saw__46_1024__inverted	reg	reg_1.00hz_0.000	0.0	reg_1.00hz_0.250	0.25	False	0	0.9907963871955872
mss	richness_real__filter__acid_saw__46_1024__inverted	reg	reg_1.00hz_0.000	0.0	reg_1.00hz_0.375	0.375	False	0	1.1646877527236938
mss	richness_real__filter__acid_saw__46_1024__inverted	reg	reg_1.00hz_0.000	0.0	reg_1.00hz_0.500	0.5	False	0	1.2421637773513794
mss	richness_synthetic__256_1024	amp	amp_1.00hz_0.10	0.1	amp_1.00hz_0.10	0.1	True	0	0.0
mss	richness_synthetic__256_1024	amp	amp_1.00hz_0.10	0.1	amp_1.00hz_0.30	0.3	False	0	0.3962198793888092
mss	richness_synthetic__256_1024	amp	amp_1.00hz_0.10	0.1	amp_1.00hz_0.50	0.5	False	0	0.517375648021698
mss	richness_synthetic__256_1024	amp	amp_1.00hz_0.10	0.1	amp_1.00hz_0.70	0.7	False	0	0.6417304277420044
mss	richness_synthetic__256_1024	amp	amp_1.00hz_0.10	0.1	amp_1.00hz_0.90	0.9	False	0	0.7650091648101807
mss	richness_synthetic__256_1024	freq	freq_0.25hz	0.25	freq_0.25hz	0.25	True	0	0.0
mss	richness_synthetic__256_1024	freq	freq_0.25hz	0.25	freq_0.50hz	0.5	False	0	1.0053672790527344
mss	richness_synthetic__256_1024	freq	freq_0.25hz	0.25	freq_1.00hz	1.0	False	0	1.0020962953567505
mss	richness_synthetic__256_1024	freq	freq_0.25hz	0.25	freq_2.00hz	2.0	False	0	0.997348964214325
mss	richness_synthetic__256_1024	freq	freq_0.25hz	0.25	freq_4.00hz	4.0	False	0	0.9976086616516113
mss	richness_synthetic__256_1024	reg	reg_1.00hz_0.000	0.0	reg_1.00hz_0.000	0.0	True	0	0.0
mss	richness_synthetic__256_1024	reg	reg_1.00hz_0.000	0.0	reg_1.00hz_0.125	0.125	False	0	0.6404023766517639
mss	richness_synthetic__256_1024	reg	reg_1.00hz_0.000	0.0	reg_1.00hz_0.250	0.25	False	0	0.9092453122138977
mss	richness_synthetic__256_1024	reg	reg_1.00hz_0.000	0.0	reg_1.00hz_0.375	0.375	False	0	1.0676698684692383
mss	richness_synthetic__256_1024	reg	reg_1.00hz_0.000	0.0	reg_1.00hz_0.500	0.5	False	0	1.1329556703567505
mss	warmth_real__vintage__logue_saw__166_1024	amp	amp_1.00hz_0.10	0.1	amp_1.00hz_0.10	0.1	True	0	0.0
mss	warmth_real__vintage__logue_saw__166_1024	amp	amp_1.00hz_0.10	0.1	amp_1.00hz_0.30	0.3	False	0	0.7252694964408875
mss	warmth_real__vintage__logue_saw__166_1024	amp	amp_1.00hz_0.10	0.1	amp_1.00hz_0.50	0.5	False	0	0.8888044357299805
mss	warmth_real__vintage__logue_saw__166_1024	amp	amp_1.00hz_0.10	0.1	amp_1.00hz_0.70	0.7	False	0	1.027895212173462
mss	warmth_real__vintage__logue_saw__166_1024	amp	amp_1.00hz_0.10	0.1	amp_1.00hz_0.90	0.9	False	0	1.1179639101028442
mss	warmth_real__vintage__logue_saw__166_1024	freq	freq_0.25hz	0.25	freq_0.25hz	0.25	True	0	0.0
mss	warmth_real__vintage__logue_saw__166_1024	freq	freq_0.25hz	0.25	freq_0.50hz	0.5	False	0	1.3115549087524414
mss	warmth_real__vintage__logue_saw__166_1024	freq	freq_0.25hz	0.25	freq_1.00hz	1.0	False	0	1.297141671180725
mss	warmth_real__vintage__logue_saw__166_1024	freq	freq_0.25hz	0.25	freq_2.00hz	2.0	False	0	1.3016804456710815
mss	warmth_real__vintage__logue_saw__166_1024	freq	freq_0.25hz	0.25	freq_4.00hz	4.0	False	0	1.296589732170105
mss	warmth_real__vintage__logue_saw__166_1024	reg	reg_1.00hz_0.000	0.0	reg_1.00hz_0.000	0.0	True	0	0.0
mss	warmth_real__vintage__logue_saw__166_1024	reg	reg_1.00hz_0.000	0.0	reg_1.00hz_0.125	0.125	False	0	1.0461570024490356
mss	warmth_real__vintage__logue_saw__166_1024	reg	reg_1.00hz_0.000	0.0	reg_1.00hz_0.250	0.25	False	0	1.2344621419906616
mss	warmth_real__vintage__logue_saw__166_1024	reg	reg_1.00hz_0.000	0.0	reg_1.00hz_0.375	0.375	False	0	1.3547253608703613
mss	warmth_real__vintage__logue_saw__166_1024	reg	reg_1.00hz_0.000	0.0	reg_1.00hz_0.500	0.5	False	0	1.4109214544296265
mss	warmth_synthetic__256_1024	amp	amp_1.00hz_0.10	0.1	amp_1.00hz_0.10	0.1	True	0	0.0
mss	warmth_synthetic__256_1024	amp	amp_1.00hz_0.10	0.1	amp_1.00hz_0.30	0.3	False	0	0.18945181369781494
mss	warmth_synthetic__256_1024	amp	amp_1.00hz_0.10	0.1	amp_1.00hz_0.50	0.5	False	0	0.2872586250305176
mss	warmth_synthetic__256_1024	amp	amp_1.00hz_0.10	0.1	amp_1.00hz_0.70	0.7	False	0	0.39452648162841797
mss	warmth_synthetic__256_1024	amp	amp_1.00hz_0.10	0.1	amp_1.00hz_0.90	0.9	False	0	0.5178740620613098
mss	warmth_synthetic__256_1024	freq	freq_0.25hz	0.25	freq_0.25hz	0.25	True	0	0.0
mss	warmth_synthetic__256_1024	freq	freq_0.25hz	0.25	freq_0.50hz	0.5	False	0	0.6895260810852051
mss	warmth_synthetic__256_1024	freq	freq_0.25hz	0.25	freq_1.00hz	1.0	False	0	0.7207188606262207
mss	warmth_synthetic__256_1024	freq	freq_0.25hz	0.25	freq_2.00hz	2.0	False	0	0.7198276519775391
mss	warmth_synthetic__256_1024	freq	freq_0.25hz	0.25	freq_4.00hz	4.0	False	0	0.7212457656860352
mss	warmth_synthetic__256_1024	reg	reg_1.00hz_0.000	0.0	reg_1.00hz_0.000	0.0	True	0	0.0
mss	warmth_synthetic__256_1024	reg	reg_1.00hz_0.000	0.0	reg_1.00hz_0.125	0.125	False	0	0.45262908935546875
mss	warmth_synthetic__256_1024	reg	reg_1.00hz_0.000	0.0	reg_1.00hz_0.250	0.25	False	0	0.6756019592285156
mss	warmth_synthetic__256_1024	reg	reg_1.00hz_0.000	0.0	reg_1.00hz_0.375	0.375	False	0	0.770041286945343
mss	warmth_synthetic__256_1024	reg	reg_1.00hz_0.000	0.0	reg_1.00hz_0.500	0.5	False	0	0.8069925308227539
mss_rev	brightness_real__harmonics__synced_sines__256_1024	amp	amp_1.00hz_0.10	0.1	amp_1.00hz_0.10	0.1	True	0	0.0
mss_rev	brightness_real__harmonics__synced_sines__256_1024	amp	amp_1.00hz_0.10	0.1	amp_1.00hz_0.30	0.3	False	0	153.1139373779297
mss_rev	brightness_real__harmonics__synced_sines__256_1024	amp	amp_1.00hz_0.10	0.1	amp_1.00hz_0.50	0.5	False	0	236.2185821533203
mss_rev	brightness_real__harmonics__synced_sines__256_1024	amp	amp_1.00hz_0.10	0.1	amp_1.00hz_0.70	0.7	False	0	295.5816345214844
mss_rev	brightness_real__harmonics__synced_sines__256_1024	amp	amp_1.00hz_0.10	0.1	amp_1.00hz_0.90	0.9	False	0	351.83056640625
mss_rev	brightness_real__harmonics__synced_sines__256_1024	freq	freq_0.25hz	0.25	freq_0.25hz	0.25	True	0	0.0
mss_rev	brightness_real__harmonics__synced_sines__256_1024	freq	freq_0.25hz	0.25	freq_0.50hz	0.5	False	0	485.02685546875
mss_rev	brightness_real__harmonics__synced_sines__256_1024	freq	freq_0.25hz	0.25	freq_1.00hz	1.0	False	0	462.9029846191406
mss_rev	brightness_real__harmonics__synced_sines__256_1024	freq	freq_0.25hz	0.25	freq_2.00hz	2.0	False	0	463.492431640625
mss_rev	brightness_real__harmonics__synced_sines__256_1024	freq	freq_0.25hz	0.25	freq_4.00hz	4.0	False	0	460.9622497558594
mss_rev	brightness_real__harmonics__synced_sines__256_1024	reg	reg_1.00hz_0.000	0.0	reg_1.00hz_0.000	0.0	True	0	0.0
mss_rev	brightness_real__harmonics__synced_sines__256_1024	reg	reg_1.00hz_0.000	0.0	reg_1.00hz_0.125	0.125	False	0	305.36688232421875
mss_rev	brightness_real__harmonics__synced_sines__256_1024	reg	reg_1.00hz_0.000	0.0	reg_1.00hz_0.250	0.25	False	0	432.5711364746094
mss_rev	brightness_real__harmonics__synced_sines__256_1024	reg	reg_1.00hz_0.000	0.0	reg_1.00hz_0.375	0.375	False	0	498.17462158203125
mss_rev	brightness_real__harmonics__synced_sines__256_1024	reg	reg_1.00hz_0.000	0.0	reg_1.00hz_0.500	0.5	False	0	525.3302001953125
mss_rev	brightness_synthetic__256_1024	amp	amp_1.00hz_0.10	0.1	amp_1.00hz_0.10	0.1	True	0	0.0
mss_rev	brightness_synthetic__256_1024	amp	amp_1.00hz_0.10	0.1	amp_1.00hz_0.30	0.3	False	0	177.92208862304688
mss_rev	brightness_synthetic__256_1024	amp	amp_1.00hz_0.10	0.1	amp_1.00hz_0.50	0.5	False	0	296.0169372558594
mss_rev	brightness_synthetic__256_1024	amp	amp_1.00hz_0.10	0.1	amp_1.00hz_0.70	0.7	False	0	389.99639892578125
mss_rev	brightness_synthetic__256_1024	amp	amp_1.00hz_0.10	0.1	amp_1.00hz_0.90	0.9	False	0	464.4734191894531
mss_rev	brightness_synthetic__256_1024	freq	freq_0.25hz	0.25	freq_0.25hz	0.25	True	0	0.0
mss_rev	brightness_synthetic__256_1024	freq	freq_0.25hz	0.25	freq_0.50hz	0.5	False	0	636.420654296875
mss_rev	brightness_synthetic__256_1024	freq	freq_0.25hz	0.25	freq_1.00hz	1.0	False	0	600.3316650390625
mss_rev	brightness_synthetic__256_1024	freq	freq_0.25hz	0.25	freq_2.00hz	2.0	False	0	602.25732421875
mss_rev	brightness_synthetic__256_1024	freq	freq_0.25hz	0.25	freq_4.00hz	4.0	False	0	605.22265625
mss_rev	brightness_synthetic__256_1024	reg	reg_1.00hz_0.000	0.0	reg_1.00hz_0.000	0.0	True	0	0.0
mss_rev	brightness_synthetic__256_1024	reg	reg_1.00hz_0.000	0.0	reg_1.00hz_0.125	0.125	False	0	376.4513854980469
mss_rev	brightness_synthetic__256_1024	reg	reg_1.00hz_0.000	0.0	reg_1.00hz_0.250	0.25	False	0	556.7140502929688
mss_rev	brightness_synthetic__256_1024	reg	reg_1.00hz_0.000	0.0	reg_1.00hz_0.375	0.375	False	0	653.794677734375
mss_rev	brightness_synthetic__256_1024	reg	reg_1.00hz_0.000	0.0	reg_1.00hz_0.500	0.5	False	0	694.13232421875
mss_rev	richness_real__filter__acid_saw__46_1024__inverted	amp	amp_1.00hz_0.10	0.1	amp_1.00hz_0.10	0.1	True	0	0.0
mss_rev	richness_real__filter__acid_saw__46_1024__inverted	amp	amp_1.00hz_0.10	0.1	amp_1.00hz_0.30	0.3	False	0	90.26873779296875
mss_rev	richness_real__filter__acid_saw__46_1024__inverted	amp	amp_1.00hz_0.10	0.1	amp_1.00hz_0.50	0.5	False	0	163.63499450683594
mss_rev	richness_real__filter__acid_saw__46_1024__inverted	amp	amp_1.00hz_0.10	0.1	amp_1.00hz_0.70	0.7	False	0	225.82583618164062
mss_rev	richness_real__filter__acid_saw__46_1024__inverted	amp	amp_1.00hz_0.10	0.1	amp_1.00hz_0.90	0.9	False	0	294.619140625
mss_rev	richness_real__filter__acid_saw__46_1024__inverted	freq	freq_0.25hz	0.25	freq_0.25hz	0.25	True	0	0.0
mss_rev	richness_real__filter__acid_saw__46_1024__inverted	freq	freq_0.25hz	0.25	freq_0.50hz	0.5	False	0	439.1026611328125
mss_rev	richness_real__filter__acid_saw__46_1024__inverted	freq	freq_0.25hz	0.25	freq_1.00hz	1.0	False	0	420.68878173828125
mss_rev	richness_real__filter__acid_saw__46_1024__inverted	freq	freq_0.25hz	0.25	freq_2.00hz	2.0	False	0	420.48370361328125
mss_rev	richness_real__filter__acid_saw__46_1024__inverted	freq	freq_0.25hz	0.25	freq_4.00hz	4.0	False	0	422.0386657714844
mss_rev	richness_real__filter__acid_saw__46_1024__inverted	reg	reg_1.00hz_0.000	0.0	reg_1.00hz_0.000	0.0	True	0	0.0
mss_rev	richness_real__filter__acid_saw__46_1024__inverted	reg	reg_1.00hz_0.000	0.0	reg_1.00hz_0.125	0.125	False	0	256.0653076171875
mss_rev	richness_real__filter__acid_saw__46_1024__inverted	reg	reg_1.00hz_0.000	0.0	reg_1.00hz_0.250	0.25	False	0	382.46722412109375
mss_rev	richness_real__filter__acid_saw__46_1024__inverted	reg	reg_1.00hz_0.000	0.0	reg_1.00hz_0.375	0.375	False	0	456.28424072265625
mss_rev	richness_real__filter__acid_saw__46_1024__inverted	reg	reg_1.00hz_0.000	0.0	reg_1.00hz_0.500	0.5	False	0	491.81585693359375
mss_rev	richness_synthetic__256_1024	amp	amp_1.00hz_0.10	0.1	amp_1.00hz_0.10	0.1	True	0	0.0
mss_rev	richness_synthetic__256_1024	amp	amp_1.00hz_0.10	0.1	amp_1.00hz_0.30	0.3	False	0	84.2840805053711
mss_rev	richness_synthetic__256_1024	amp	amp_1.00hz_0.10	0.1	amp_1.00hz_0.50	0.5	False	0	159.44357299804688
mss_rev	richness_synthetic__256_1024	amp	amp_1.00hz_0.10	0.1	amp_1.00hz_0.70	0.7	False	0	228.3472900390625
mss_rev	richness_synthetic__256_1024	amp	amp_1.00hz_0.10	0.1	amp_1.00hz_0.90	0.9	False	0	289.207763671875
mss_rev	richness_synthetic__256_1024	freq	freq_0.25hz	0.25	freq_0.25hz	0.25	True	0	0.0
mss_rev	richness_synthetic__256_1024	freq	freq_0.25hz	0.25	freq_0.50hz	0.5	False	0	416.6915283203125
mss_rev	richness_synthetic__256_1024	freq	freq_0.25hz	0.25	freq_1.00hz	1.0	False	0	402.5886535644531
mss_rev	richness_synthetic__256_1024	freq	freq_0.25hz	0.25	freq_2.00hz	2.0	False	0	398.6741027832031
mss_rev	richness_synthetic__256_1024	freq	freq_0.25hz	0.25	freq_4.00hz	4.0	False	0	398.33148193359375
mss_rev	richness_synthetic__256_1024	reg	reg_1.00hz_0.000	0.0	reg_1.00hz_0.000	0.0	True	0	0.0
mss_rev	richness_synthetic__256_1024	reg	reg_1.00hz_0.000	0.0	reg_1.00hz_0.125	0.125	False	0	218.46524047851562
mss_rev	richness_synthetic__256_1024	reg	reg_1.00hz_0.000	0.0	reg_1.00hz_0.250	0.25	False	0	357.8275451660156
mss_rev	richness_synthetic__256_1024	reg	reg_1.00hz_0.000	0.0	reg_1.00hz_0.375	0.375	False	0	431.0732116699219
mss_rev	richness_synthetic__256_1024	reg	reg_1.00hz_0.000	0.0	reg_1.00hz_0.500	0.5	False	0	460.070556640625
mss_rev	warmth_real__vintage__logue_saw__166_1024	amp	amp_1.00hz_0.10	0.1	amp_1.00hz_0.10	0.1	True	0	0.0
mss_rev	warmth_real__vintage__logue_saw__166_1024	amp	amp_1.00hz_0.10	0.1	amp_1.00hz_0.30	0.3	False	0	228.22555541992188
mss_rev	warmth_real__vintage__logue_saw__166_1024	amp	amp_1.00hz_0.10	0.1	amp_1.00hz_0.50	0.5	False	0	288.9924011230469
mss_rev	warmth_real__vintage__logue_saw__166_1024	amp	amp_1.00hz_0.10	0.1	amp_1.00hz_0.70	0.7	False	0	329.0977478027344
mss_rev	warmth_real__vintage__logue_saw__166_1024	amp	amp_1.00hz_0.10	0.1	amp_1.00hz_0.90	0.9	False	0	358.114990234375
mss_rev	warmth_real__vintage__logue_saw__166_1024	freq	freq_0.25hz	0.25	freq_0.25hz	0.25	True	0	0.0
mss_rev	warmth_real__vintage__logue_saw__166_1024	freq	freq_0.25hz	0.25	freq_0.50hz	0.5	False	0	427.5489196777344
mss_rev	warmth_real__vintage__logue_saw__166_1024	freq	freq_0.25hz	0.25	freq_1.00hz	1.0	False	0	424.1443176269531
mss_rev	warmth_real__vintage__logue_saw__166_1024	freq	freq_0.25hz	0.25	freq_2.00hz	2.0	False	0	427.66522216796875
mss_rev	warmth_real__vintage__logue_saw__166_1024	freq	freq_0.25hz	0.25	freq_4.00hz	4.0	False	0	427.9444580078125
mss_rev	warmth_real__vintage__logue_saw__166_1024	reg	reg_1.00hz_0.000	0.0	reg_1.00hz_0.000	0.0	True	0	0.0
mss_rev	warmth_real__vintage__logue_saw__166_1024	reg	reg_1.00hz_0.000	0.0	reg_1.00hz_0.125	0.125	False	0	344.5218505859375
mss_rev	warmth_real__vintage__logue_saw__166_1024	reg	reg_1.00hz_0.000	0.0	reg_1.00hz_0.250	0.25	False	0	402.51507568359375
mss_rev	warmth_real__vintage__logue_saw__166_1024	reg	reg_1.00hz_0.000	0.0	reg_1.00hz_0.375	0.375	False	0	441.8671569824219
mss_rev	warmth_real__vintage__logue_saw__166_1024	reg	reg_1.00hz_0.000	0.0	reg_1.00hz_0.500	0.5	False	0	455.5113220214844
mss_rev	warmth_synthetic__256_1024	amp	amp_1.00hz_0.10	0.1	amp_1.00hz_0.10	0.1	True	0	0.0
mss_rev	warmth_synthetic__256_1024	amp	amp_1.00hz_0.10	0.1	amp_1.00hz_0.30	0.3	False	0	54.399051666259766
mss_rev	warmth_synthetic__256_1024	amp	amp_1.00hz_0.10	0.1	amp_1.00hz_0.50	0.5	False	0	108.59675598144531
mss_rev	warmth_synthetic__256_1024	amp	amp_1.00hz_0.10	0.1	amp_1.00hz_0.70	0.7	False	0	166.57757568359375
mss_rev	warmth_synthetic__256_1024	amp	amp_1.00hz_0.10	0.1	amp_1.00hz_0.90	0.9	False	0	231.38645935058594
mss_rev	warmth_synthetic__256_1024	freq	freq_0.25hz	0.25	freq_0.25hz	0.25	True	0	0.0
mss_rev	warmth_synthetic__256_1024	freq	freq_0.25hz	0.25	freq_0.50hz	0.5	False	0	333.25
mss_rev	warmth_synthetic__256_1024	freq	freq_0.25hz	0.25	freq_1.00hz	1.0	False	0	348.362060546875
mss_rev	warmth_synthetic__256_1024	freq	freq_0.25hz	0.25	freq_2.00hz	2.0	False	0	348.171630859375
mss_rev	warmth_synthetic__256_1024	freq	freq_0.25hz	0.25	freq_4.00hz	4.0	False	0	348.6737976074219
mss_rev	warmth_synthetic__256_1024	reg	reg_1.00hz_0.000	0.0	reg_1.00hz_0.000	0.0	True	0	0.0
mss_rev	warmth_synthetic__256_1024	reg	reg_1.00hz_0.000	0.0	reg_1.00hz_0.125	0.125	False	0	199.06777954101562
mss_rev	warmth_synthetic__256_1024	reg	reg_1.00hz_0.000	0.0	reg_1.00hz_0.250	0.25	False	0	321.14208984375
mss_rev	warmth_synthetic__256_1024	reg	reg_1.00hz_0.000	0.0	reg_1.00hz_0.375	0.375	False	0	372.5951843261719
mss_rev	warmth_synthetic__256_1024	reg	reg_1.00hz_0.000	0.0	reg_1.00hz_0.500	0.5	False	0	390.2249755859375
mfcc	brightness_real__harmonics__synced_sines__256_1024	amp	amp_1.00hz_0.10	0.1	amp_1.00hz_0.10	0.1	True	0	0.0
mfcc	brightness_real__harmonics__synced_sines__256_1024	amp	amp_1.00hz_0.10	0.1	amp_1.00hz_0.30	0.3	False	0	1.1568759679794312
mfcc	brightness_real__harmonics__synced_sines__256_1024	amp	amp_1.00hz_0.10	0.1	amp_1.00hz_0.50	0.5	False	0	1.8930742740631104
mfcc	brightness_real__harmonics__synced_sines__256_1024	amp	amp_1.00hz_0.10	0.1	amp_1.00hz_0.70	0.7	False	0	2.633641242980957
mfcc	brightness_real__harmonics__synced_sines__256_1024	amp	amp_1.00hz_0.10	0.1	amp_1.00hz_0.90	0.9	False	0	3.25465726852417
mfcc	brightness_real__harmonics__synced_sines__256_1024	freq	freq_0.25hz	0.25	freq_0.25hz	0.25	True	0	0.0
mfcc	brightness_real__harmonics__synced_sines__256_1024	freq	freq_0.25hz	0.25	freq_0.50hz	0.5	False	0	4.071968078613281
mfcc	brightness_real__harmonics__synced_sines__256_1024	freq	freq_0.25hz	0.25	freq_1.00hz	1.0	False	0	4.033946990966797
mfcc	brightness_real__harmonics__synced_sines__256_1024	freq	freq_0.25hz	0.25	freq_2.00hz	2.0	False	0	4.441819190979004
mfcc	brightness_real__harmonics__synced_sines__256_1024	freq	freq_0.25hz	0.25	freq_4.00hz	4.0	False	0	4.935691833496094
mfcc	brightness_real__harmonics__synced_sines__256_1024	reg	reg_1.00hz_0.000	0.0	reg_1.00hz_0.000	0.0	True	0	0.0
mfcc	brightness_real__harmonics__synced_sines__256_1024	reg	reg_1.00hz_0.000	0.0	reg_1.00hz_0.125	0.125	False	0	2.446263074874878
mfcc	brightness_real__harmonics__synced_sines__256_1024	reg	reg_1.00hz_0.000	0.0	reg_1.00hz_0.250	0.25	False	0	3.510270595550537
mfcc	brightness_real__harmonics__synced_sines__256_1024	reg	reg_1.00hz_0.000	0.0	reg_1.00hz_0.375	0.375	False	0	4.049912929534912
mfcc	brightness_real__harmonics__synced_sines__256_1024	reg	reg_1.00hz_0.000	0.0	reg_1.00hz_0.500	0.5	False	0	4.344136714935303
mfcc	brightness_synthetic__256_1024	amp	amp_1.00hz_0.10	0.1	amp_1.00hz_0.10	0.1	True	0	0.0
mfcc	brightness_synthetic__256_1024	amp	amp_1.00hz_0.10	0.1	amp_1.00hz_0.30	0.3	False	0	1.000311255455017
mfcc	brightness_synthetic__256_1024	amp	amp_1.00hz_0.10	0.1	amp_1.00hz_0.50	0.5	False	0	1.814387559890747
mfcc	brightness_synthetic__256_1024	amp	amp_1.00hz_0.10	0.1	amp_1.00hz_0.70	0.7	False	0	2.6048548221588135
mfcc	brightness_synthetic__256_1024	amp	amp_1.00hz_0.10	0.1	amp_1.00hz_0.90	0.9	False	0	3.3265483379364014
mfcc	brightness_synthetic__256_1024	freq	freq_0.25hz	0.25	freq_0.25hz	0.25	True	0	0.0
mfcc	brightness_synthetic__256_1024	freq	freq_0.25hz	0.25	freq_0.50hz	0.5	False	0	4.659512519836426
mfcc	brightness_synthetic__256_1024	freq	freq_0.25hz	0.25	freq_1.00hz	1.0	False	0	4.205788612365723
mfcc	brightness_synthetic__256_1024	freq	freq_0.25hz	0.25	freq_2.00hz	2.0	False	0	4.255825042724609
mfcc	brightness_synthetic__256_1024	freq	freq_0.25hz	0.25	freq_4.00hz	4.0	False	0	4.298608779907227
mfcc	brightness_synthetic__256_1024	reg	reg_1.00hz_0.000	0.0	reg_1.00hz_0.000	0.0	True	0	0.0
mfcc	brightness_synthetic__256_1024	reg	reg_1.00hz_0.000	0.0	reg_1.00hz_0.125	0.125	False	0	2.4476122856140137
mfcc	brightness_synthetic__256_1024	reg	reg_1.00hz_0.000	0.0	reg_1.00hz_0.250	0.25	False	0	3.928272008895874
mfcc	brightness_synthetic__256_1024	reg	reg_1.00hz_0.000	0.0	reg_1.00hz_0.375	0.375	False	0	4.712362289428711
mfcc	brightness_synthetic__256_1024	reg	reg_1.00hz_0.000	0.0	reg_1.00hz_0.500	0.5	False	0	5.090165138244629
mfcc	richness_real__filter__acid_saw__46_1024__inverted	amp	amp_1.00hz_0.10	0.1	amp_1.00hz_0.10	0.1	True	0	0.0
mfcc	richness_real__filter__acid_saw__46_1024__inverted	amp	amp_1.00hz_0.10	0.1	amp_1.00hz_0.30	0.3	False	0	0.48267680406570435
mfcc	richness_real__filter__acid_saw__46_1024__inverted	amp	amp_1.00hz_0.10	0.1	amp_1.00hz_0.50	0.5	False	0	0.8491019606590271
mfcc	richness_real__filter__acid_saw__46_1024__inverted	amp	amp_1.00hz_0.10	0.1	amp_1.00hz_0.70	0.7	False	0	1.1892553567886353
mfcc	richness_real__filter__acid_saw__46_1024__inverted	amp	amp_1.00hz_0.10	0.1	amp_1.00hz_0.90	0.9	False	0	1.538069248199463
mfcc	richness_real__filter__acid_saw__46_1024__inverted	freq	freq_0.25hz	0.25	freq_0.25hz	0.25	True	0	0.0
mfcc	richness_real__filter__acid_saw__46_1024__inverted	freq	freq_0.25hz	0.25	freq_0.50hz	0.5	False	0	2.2384109497070312
mfcc	richness_real__filter__acid_saw__46_1024__inverted	freq	freq_0.25hz	0.25	freq_1.00hz	1.0	False	0	2.2248919010162354
mfcc	richness_real__filter__acid_saw__46_1024__inverted	freq	freq_0.25hz	0.25	freq_2.00hz	2.0	False	0	2.21848201751709
mfcc	richness_real__filter__acid_saw__46_1024__inverted	freq	freq_0.25hz	0.25	freq_4.00hz	4.0	False	0	2.2339560985565186
mfcc	richness_real__filter__acid_saw__46_1024__inverted	reg	reg_1.00hz_0.000	0.0	reg_1.00hz_0.000	0.0	True	0	0.0
mfcc	richness_real__filter__acid_saw__46_1024__inverted	reg	reg_1.00hz_0.000	0.0	reg_1.00hz_0.125	0.125	False	0	1.2596325874328613
mfcc	richness_real__filter__acid_saw__46_1024__inverted	reg	reg_1.00hz_0.000	0.0	reg_1.00hz_0.250	0.25	False	0	2.02117919921875
mfcc	richness_real__filter__acid_saw__46_1024__inverted	reg	reg_1.00hz_0.000	0.0	reg_1.00hz_0.375	0.375	False	0	2.4781277179718018
mfcc	richness_real__filter__acid_saw__46_1024__inverted	reg	reg_1.00hz_0.000	0.0	reg_1.00hz_0.500	0.5	False	0	2.670644998550415
mfcc	richness_synthetic__256_1024	amp	amp_1.00hz_0.10	0.1	amp_1.00hz_0.10	0.1	True	0	0.0
mfcc	richness_synthetic__256_1024	amp	amp_1.00hz_0.10	0.1	amp_1.00hz_0.30	0.3	False	0	1.1484860181808472
mfcc	richness_synthetic__256_1024	amp	amp_1.00hz_0.10	0.1	amp_1.00hz_0.50	0.5	False	0	2.1540334224700928
mfcc	richness_synthetic__256_1024	amp	amp_1.00hz_0.10	0.1	amp_1.00hz_0.70	0.7	False	0	2.867659091949463
mfcc	richness_synthetic__256_1024	amp	amp_1.00hz_0.10	0.1	amp_1.00hz_0.90	0.9	False	0	3.4441065788269043
mfcc	richness_synthetic__256_1024	freq	freq_0.25hz	0.25	freq_0.25hz	0.25	True	0	0.0
mfcc	richness_synthetic__256_1024	freq	freq_0.25hz	0.25	freq_0.50hz	0.5	False	0	4.540812015533447
mfcc	richness_synthetic__256_1024	freq	freq_0.25hz	0.25	freq_1.00hz	1.0	False	0	4.56470251083374
mfcc	richness_synthetic__256_1024	freq	freq_0.25hz	0.25	freq_2.00hz	2.0	False	0	4.407006740570068
mfcc	richness_synthetic__256_1024	freq	freq_0.25hz	0.25	freq_4.00hz	4.0	False	0	4.2645978927612305
mfcc	richness_synthetic__256_1024	reg	reg_1.00hz_0.000	0.0	reg_1.00hz_0.000	0.0	True	0	0.0
mfcc	richness_synthetic__256_1024	reg	reg_1.00hz_0.000	0.0	reg_1.00hz_0.125	0.125	False	0	2.5399553775787354
mfcc	richness_synthetic__256_1024	reg	reg_1.00hz_0.000	0.0	reg_1.00hz_0.250	0.25	False	0	3.934481620788574
mfcc	richness_synthetic__256_1024	reg	reg_1.00hz_0.000	0.0	reg_1.00hz_0.375	0.375	False	0	4.874658584594727
mfcc	richness_synthetic__256_1024	reg	reg_1.00hz_0.000	0.0	reg_1.00hz_0.500	0.5	False	0	5.29615592956543
mfcc	warmth_real__vintage__logue_saw__166_1024	amp	amp_1.00hz_0.10	0.1	amp_1.00hz_0.10	0.1	True	0	0.0
mfcc	warmth_real__vintage__logue_saw__166_1024	amp	amp_1.00hz_0.10	0.1	amp_1.00hz_0.30	0.3	False	0	0.6742604970932007
mfcc	warmth_real__vintage__logue_saw__166_1024	amp	amp_1.00hz_0.10	0.1	amp_1.00hz_0.50	0.5	False	0	0.8103047013282776
mfcc	warmth_real__vintage__logue_saw__166_1024	amp	amp_1.00hz_0.10	0.1	amp_1.00hz_0.70	0.7	False	0	0.8935217261314392
mfcc	warmth_real__vintage__logue_saw__166_1024	amp	amp_1.00hz_0.10	0.1	amp_1.00hz_0.90	0.9	False	0	0.9273241758346558
mfcc	warmth_real__vintage__logue_saw__166_1024	freq	freq_0.25hz	0.25	freq_0.25hz	0.25	True	0	0.0
mfcc	warmth_real__vintage__logue_saw__166_1024	freq	freq_0.25hz	0.25	freq_0.50hz	0.5	False	0	1.0859577655792236
mfcc	warmth_real__vintage__logue_saw__166_1024	freq	freq_0.25hz	0.25	freq_1.00hz	1.0	False	0	1.0328549146652222
mfcc	warmth_real__vintage__logue_saw__166_1024	freq	freq_0.25hz	0.25	freq_2.00hz	2.0	False	0	1.0436439514160156
mfcc	warmth_real__vintage__logue_saw__166_1024	freq	freq_0.25hz	0.25	freq_4.00hz	4.0	False	0	1.027750849723816
mfcc	warmth_real__vintage__logue_saw__166_1024	reg	reg_1.00hz_0.000	0.0	reg_1.00hz_0.000	0.0	True	0	0.0
mfcc	warmth_real__vintage__logue_saw__166_1024	reg	reg_1.00hz_0.000	0.0	reg_1.00hz_0.125	0.125	False	0	0.8582308888435364
mfcc	warmth_real__vintage__logue_saw__166_1024	reg	reg_1.00hz_0.000	0.0	reg_1.00hz_0.250	0.25	False	0	0.971634030342102
mfcc	warmth_real__vintage__logue_saw__166_1024	reg	reg_1.00hz_0.000	0.0	reg_1.00hz_0.375	0.375	False	0	1.0766574144363403
mfcc	warmth_real__vintage__logue_saw__166_1024	reg	reg_1.00hz_0.000	0.0	reg_1.00hz_0.500	0.5	False	0	1.124470591545105
mfcc	warmth_synthetic__256_1024	amp	amp_1.00hz_0.10	0.1	amp_1.00hz_0.10	0.1	True	0	0.0
mfcc	warmth_synthetic__256_1024	amp	amp_1.00hz_0.10	0.1	amp_1.00hz_0.30	0.3	False	0	0.06944593042135239
mfcc	warmth_synthetic__256_1024	amp	amp_1.00hz_0.10	0.1	amp_1.00hz_0.50	0.5	False	0	0.09982715547084808
mfcc	warmth_synthetic__256_1024	amp	amp_1.00hz_0.10	0.1	amp_1.00hz_0.70	0.7	False	0	0.14804702997207642
mfcc	warmth_synthetic__256_1024	amp	amp_1.00hz_0.10	0.1	amp_1.00hz_0.90	0.9	False	0	0.21521490812301636
mfcc	warmth_synthetic__256_1024	freq	freq_0.25hz	0.25	freq_0.25hz	0.25	True	0	0.0
mfcc	warmth_synthetic__256_1024	freq	freq_0.25hz	0.25	freq_0.50hz	0.5	False	0	0.32052546739578247
mfcc	warmth_synthetic__256_1024	freq	freq_0.25hz	0.25	freq_1.00hz	1.0	False	0	0.3856664001941681
mfcc	warmth_synthetic__256_1024	freq	freq_0.25hz	0.25	freq_2.00hz	2.0	False	0	0.39166247844696045
mfcc	warmth_synthetic__256_1024	freq	freq_0.25hz	0.25	freq_4.00hz	4.0	False	0	0.38835254311561584
mfcc	warmth_synthetic__256_1024	reg	reg_1.00hz_0.000	0.0	reg_1.00hz_0.000	0.0	True	0	0.0
mfcc	warmth_synthetic__256_1024	reg	reg_1.00hz_0.000	0.0	reg_1.00hz_0.125	0.125	False	0	0.22676490247249603
mfcc	warmth_synthetic__256_1024	reg	reg_1.00hz_0.000	0.0	reg_1.00hz_0.250	0.25	False	0	0.345581591129303
mfcc	warmth_synthetic__256_1024	reg	reg_1.00hz_0.000	0.0	reg_1.00hz_0.375	0.375	False	0	0.41177189350128174
mfcc	warmth_synthetic__256_1024	reg	reg_1.00hz_0.000	0.0	reg_1.00hz_0.500	0.5	False	0	0.4389091432094574
scat1d	brightness_real__harmonics__synced_sines__256_1024	amp	amp_1.00hz_0.10	0.1	amp_1.00hz_0.10	0.1	True	0	0.0
scat1d	brightness_real__harmonics__synced_sines__256_1024	amp	amp_1.00hz_0.10	0.1	amp_1.00hz_0.30	0.3	False	0	0.0010773182148113847
scat1d	brightness_real__harmonics__synced_sines__256_1024	amp	amp_1.00hz_0.10	0.1	amp_1.00hz_0.50	0.5	False	0	0.0021559696178883314
scat1d	brightness_real__harmonics__synced_sines__256_1024	amp	amp_1.00hz_0.10	0.1	amp_1.00hz_0.70	0.7	False	0	0.0030179638415575027
scat1d	brightness_real__harmonics__synced_sines__256_1024	amp	amp_1.00hz_0.10	0.1	amp_1.00hz_0.90	0.9	False	0	0.003798968158662319
scat1d	brightness_real__harmonics__synced_sines__256_1024	freq	freq_0.25hz	0.25	freq_0.25hz	0.25	True	0	0.0
scat1d	brightness_real__harmonics__synced_sines__256_1024	freq	freq_0.25hz	0.25	freq_0.50hz	0.5	False	0	0.003801207523792982
scat1d	brightness_real__harmonics__synced_sines__256_1024	freq	freq_0.25hz	0.25	freq_1.00hz	1.0	False	0	0.004222757648676634
scat1d	brightness_real__harmonics__synced_sines__256_1024	freq	freq_0.25hz	0.25	freq_2.00hz	2.0	False	0	0.005168984178453684
scat1d	brightness_real__harmonics__synced_sines__256_1024	freq	freq_0.25hz	0.25	freq_4.00hz	4.0	False	0	0.005872384645044804
scat1d	brightness_real__harmonics__synced_sines__256_1024	reg	reg_1.00hz_0.000	0.0	reg_1.00hz_0.000	0.0	True	0	0.0
scat1d	brightness_real__harmonics__synced_sines__256_1024	reg	reg_1.00hz_0.000	0.0	reg_1.00hz_0.125	0.125	False	0	0.001208796165883541
scat1d	brightness_real__harmonics__synced_sines__256_1024	reg	reg_1.00hz_0.000	0.0	reg_1.00hz_0.250	0.25	False	0	0.0022120815701782703
scat1d	brightness_real__harmonics__synced_sines__256_1024	reg	reg_1.00hz_0.000	0.0	reg_1.00hz_0.375	0.375	False	0	0.002923177322372794
scat1d	brightness_real__harmonics__synced_sines__256_1024	reg	reg_1.00hz_0.000	0.0	reg_1.00hz_0.500	0.5	False	0	0.0033672566059976816
scat1d	brightness_synthetic__256_1024	amp	amp_1.00hz_0.10	0.1	amp_1.00hz_0.10	0.1	True	0	0.0
scat1d	brightness_synthetic__256_1024	amp	amp_1.00hz_0.10	0.1	amp_1.00hz_0.30	0.3	False	0	0.0010184281272813678
scat1d	brightness_synthetic__256_1024	amp	amp_1.00hz_0.10	0.1	amp_1.00hz_0.50	0.5	False	0	0.001914446009323001
scat1d	brightness_synthetic__256_1024	amp	amp_1.00hz_0.10	0.1	amp_1.00hz_0.70	0.7	False	0	0.0027743305545300245
scat1d	brightness_synthetic__256_1024	amp	amp_1.00hz_0.10	0.1	amp_1.00hz_0.90	0.9	False	0	0.0035146160516887903
scat1d	brightness_synthetic__256_1024	freq	freq_0.25hz	0.25	freq_0.25hz	0.25	True	0	0.0
scat1d	brightness_synthetic__256_1024	freq	freq_0.25hz	0.25	freq_0.50hz	0.5	False	0	0.00384781532920897
scat1d	brightness_synthetic__256_1024	freq	freq_0.25hz	0.25	freq_1.00hz	1.0	False	0	0.004018559120595455
scat1d	brightness_synthetic__256_1024	freq	freq_0.25hz	0.25	freq_2.00hz	2.0	False	0	0.004851624369621277
scat1d	brightness_synthetic__256_1024	freq	freq_0.25hz	0.25	freq_4.00hz	4.0	False	0	0.005655545275658369
scat1d	brightness_synthetic__256_1024	reg	reg_1.00hz_0.000	0.0	reg_1.00hz_0.000	0.0	True	0	0.0
scat1d	brightness_synthetic__256_1024	reg	reg_1.00hz_0.000	0.0	reg_1.00hz_0.125	0.125	False	0	0.0011143859010189772
scat1d	brightness_synthetic__256_1024	reg	reg_1.00hz_0.000	0.0	reg_1.00hz_0.250	0.25	False	0	0.0020939998794347048
scat1d	brightness_synthetic__256_1024	reg	reg_1.00hz_0.000	0.0	reg_1.00hz_0.375	0.375	False	0	0.0028088008984923363
scat1d	brightness_synthetic__256_1024	reg	reg_1.00hz_0.000	0.0	reg_1.00hz_0.500	0.5	False	0	0.003267768071964383
scat1d	richness_real__filter__acid_saw__46_1024__inverted	amp	amp_1.00hz_0.10	0.1	amp_1.00hz_0.10	0.1	True	0	0.0
scat1d	richness_real__filter__acid_saw__46_1024__inverted	amp	amp_1.00hz_0.10	0.1	amp_1.00hz_0.30	0.3	False	0	0.0004615472862496972
scat1d	richness_real__filter__acid_saw__46_1024__inverted	amp	amp_1.00hz_0.10	0.1	amp_1.00hz_0.50	0.5	False	0	0.0009797316743060946
scat1d	richness_real__filter__acid_saw__46_1024__inverted	amp	amp_1.00hz_0.10	0.1	amp_1.00hz_0.70	0.7	False	0	0.0014849691651761532
scat1d	richness_real__filter__acid_saw__46_1024__inverted	amp	amp_1.00hz_0.10	0.1	amp_1.00hz_0.90	0.9	False	0	0.002105346880853176
scat1d	richness_real__filter__acid_saw__46_1024__inverted	freq	freq_0.25hz	0.25	freq_0.25hz	0.25	True	0	0.0
scat1d	richness_real__filter__acid_saw__46_1024__inverted	freq	freq_0.25hz	0.25	freq_0.50hz	0.5	False	0	0.002720394404605031
scat1d	richness_real__filter__acid_saw__46_1024__inverted	freq	freq_0.25hz	0.25	freq_1.00hz	1.0	False	0	0.002802185947075486
scat1d	richness_real__filter__acid_saw__46_1024__inverted	freq	freq_0.25hz	0.25	freq_2.00hz	2.0	False	0	0.00318988598883152
scat1d	richness_real__filter__acid_saw__46_1024__inverted	freq	freq_0.25hz	0.25	freq_4.00hz	4.0	False	0	0.0036990083754062653
scat1d	richness_real__filter__acid_saw__46_1024__inverted	reg	reg_1.00hz_0.000	0.0	reg_1.00hz_0.000	0.0	True	0	0.0
scat1d	richness_real__filter__acid_saw__46_1024__inverted	reg	reg_1.00hz_0.000	0.0	reg_1.00hz_0.125	0.125	False	0	0.0008473311900161207
scat1d	richness_real__filter__acid_saw__46_1024__inverted	reg	reg_1.00hz_0.000	0.0	reg_1.00hz_0.250	0.25	False	0	0.0015894253738224506
scat1d	richness_real__filter__acid_saw__46_1024__inverted	reg	reg_1.00hz_0.000	0.0	reg_1.00hz_0.375	0.375	False	0	0.0021279030479490757
scat1d	richness_real__filter__acid_saw__46_1024__inverted	reg	reg_1.00hz_0.000	0.0	reg_1.00hz_0.500	0.5	False	0	0.0024149222299456596
scat1d	richness_synthetic__256_1024	amp	amp_1.00hz_0.10	0.1	amp_1.00hz_0.10	0.1	True	0	0.0
scat1d	richness_synthetic__256_1024	amp	amp_1.00hz_0.10	0.1	amp_1.00hz_0.30	0.3	False	0	0.00031101825879886746
scat1d	richness_synthetic__256_1024	amp	amp_1.00hz_0.10	0.1	amp_1.00hz_0.50	0.5	False	0	0.0006696023629046977
scat1d	richness_synthetic__256_1024	amp	amp_1.00hz_0.10	0.1	amp_1.00hz_0.70	0.7	False	0	0.0010618598898872733
scat1d	richness_synthetic__256_1024	amp	amp_1.00hz_0.10	0.1	amp_1.00hz_0.90	0.9	False	0	0.0014498761156573892
scat1d	richness_synthetic__256_1024	freq	freq_0.25hz	0.25	freq_0.25hz	0.25	True	0	0.0
scat1d	richness_synthetic__256_1024	freq	freq_0.25hz	0.25	freq_0.50hz	0.5	False	0	0.0021988714579492807
scat1d	richness_synthetic__256_1024	freq	freq_0.25hz	0.25	freq_1.00hz	1.0	False	0	0.002147480146959424
scat1d	richness_synthetic__256_1024	freq	freq_0.25hz	0.25	freq_2.00hz	2.0	False	0	0.0024407864548265934
scat1d	richness_synthetic__256_1024	freq	freq_0.25hz	0.25	freq_4.00hz	4.0	False	0	0.0027462663128972054
scat1d	richness_synthetic__256_1024	reg	reg_1.00hz_0.000	0.0	reg_1.00hz_0.000	0.0	True	0	0.0
scat1d	richness_synthetic__256_1024	reg	reg_1.00hz_0.000	0.0	reg_1.00hz_0.125	0.125	False	0	0.0006712300237268209
scat1d	richness_synthetic__256_1024	reg	reg_1.00hz_0.000	0.0	reg_1.00hz_0.250	0.25	False	0	0.0012838554102927446
scat1d	richness_synthetic__256_1024	reg	reg_1.00hz_0.000	0.0	reg_1.00hz_0.375	0.375	False	0	0.0017423518002033234
scat1d	richness_synthetic__256_1024	reg	reg_1.00hz_0.000	0.0	reg_1.00hz_0.500	0.5	False	0	0.0019847594667226076
scat1d	warmth_real__vintage__logue_saw__166_1024	amp	amp_1.00hz_0.10	0.1	amp_1.00hz_0.10	0.1	True	0	0.0
scat1d	warmth_real__vintage__logue_saw__166_1024	amp	amp_1.00hz_0.10	0.1	amp_1.00hz_0.30	0.3	False	0	0.000986792496405542
scat1d	warmth_real__vintage__logue_saw__166_1024	amp	amp_1.00hz_0.10	0.1	amp_1.00hz_0.50	0.5	False	0	0.0015953388065099716
scat1d	warmth_real__vintage__logue_saw__166_1024	amp	amp_1.00hz_0.10	0.1	amp_1.00hz_0.70	0.7	False	0	0.0019980198703706264
scat1d	warmth_real__vintage__logue_saw__166_1024	amp	amp_1.00hz_0.10	0.1	amp_1.00hz_0.90	0.9	False	0	0.0023780986666679382
scat1d	warmth_real__vintage__logue_saw__166_1024	freq	freq_0.25hz	0.25	freq_0.25hz	0.25	True	0	0.0
scat1d	warmth_real__vintage__logue_saw__166_1024	freq	freq_0.25hz	0.25	freq_0.50hz	0.5	False	0	0.0026030028238892555
scat1d	warmth_real__vintage__logue_saw__166_1024	freq	freq_0.25hz	0.25	freq_1.00hz	1.0	False	0	0.0028368784114718437
scat1d	warmth_real__vintage__logue_saw__166_1024	freq	freq_0.25hz	0.25	freq_2.00hz	2.0	False	0	0.003325608093291521
scat1d	warmth_real__vintage__logue_saw__166_1024	freq	freq_0.25hz	0.25	freq_4.00hz	4.0	False	0	0.0038711370434612036
scat1d	warmth_real__vintage__logue_saw__166_1024	reg	reg_1.00hz_0.000	0.0	reg_1.00hz_0.000	0.0	True	0	0.0
scat1d	warmth_real__vintage__logue_saw__166_1024	reg	reg_1.00hz_0.000	0.0	reg_1.00hz_0.125	0.125	False	0	0.0008386346162296832
scat1d	warmth_real__vintage__logue_saw__166_1024	reg	reg_1.00hz_0.000	0.0	reg_1.00hz_0.250	0.25	False	0	0.0015260415384545922
scat1d	warmth_real__vintage__logue_saw__166_1024	reg	reg_1.00hz_0.000	0.0	reg_1.00hz_0.375	0.375	False	0	0.002023391192778945
scat1d	warmth_real__vintage__logue_saw__166_1024	reg	reg_1.00hz_0.000	0.0	reg_1.00hz_0.500	0.5	False	0	0.002303309040144086
scat1d	warmth_synthetic__256_1024	amp	amp_1.00hz_0.10	0.1	amp_1.00hz_0.10	0.1	True	0	0.0
scat1d	warmth_synthetic__256_1024	amp	amp_1.00hz_0.10	0.1	amp_1.00hz_0.30	0.3	False	0	0.00015393168723676354
scat1d	warmth_synthetic__256_1024	amp	amp_1.00hz_0.10	0.1	amp_1.00hz_0.50	0.5	False	0	0.00033721388899721205
scat1d	warmth_synthetic__256_1024	amp	amp_1.00hz_0.10	0.1	amp_1.00hz_0.70	0.7	False	0	0.0005663768970407546
scat1d	warmth_synthetic__256_1024	amp	amp_1.00hz_0.10	0.1	amp_1.00hz_0.90	0.9	False	0	0.0008514057844877243
scat1d	warmth_synthetic__256_1024	freq	freq_0.25hz	0.25	freq_0.25hz	0.25	True	0	0.0
scat1d	warmth_synthetic__256_1024	freq	freq_0.25hz	0.25	freq_0.50hz	0.5	False	0	0.0012325067073106766
scat1d	warmth_synthetic__256_1024	freq	freq_0.25hz	0.25	freq_1.00hz	1.0	False	0	0.0012797975214198232
scat1d	warmth_synthetic__256_1024	freq	freq_0.25hz	0.25	freq_2.00hz	2.0	False	0	0.0013628065353259444
scat1d	warmth_synthetic__256_1024	freq	freq_0.25hz	0.25	freq_4.00hz	4.0	False	0	0.0015214892337098718
scat1d	warmth_synthetic__256_1024	reg	reg_1.00hz_0.000	0.0	reg_1.00hz_0.000	0.0	True	0	0.0
scat1d	warmth_synthetic__256_1024	reg	reg_1.00hz_0.000	0.0	reg_1.00hz_0.125	0.125	False	0	0.00037343386793509126
scat1d	warmth_synthetic__256_1024	reg	reg_1.00hz_0.000	0.0	reg_1.00hz_0.250	0.25	False	0	0.0006942256586626172
scat1d	warmth_synthetic__256_1024	reg	reg_1.00hz_0.000	0.0	reg_1.00hz_0.375	0.375	False	0	0.0009151579579338431
scat1d	warmth_synthetic__256_1024	reg	reg_1.00hz_0.000	0.0	reg_1.00hz_0.500	0.5	False	0	0.0010343126486986876
jtfs	brightness_real__harmonics__synced_sines__256_1024	amp	amp_1.00hz_0.10	0.1	amp_1.00hz_0.10	0.1	True	0	0.0
jtfs	brightness_real__harmonics__synced_sines__256_1024	amp	amp_1.00hz_0.10	0.1	amp_1.00hz_0.30	0.3	False	0	0.00046730024041607976
jtfs	brightness_real__harmonics__synced_sines__256_1024	amp	amp_1.00hz_0.10	0.1	amp_1.00hz_0.50	0.5	False	0	0.0008651451789774001
jtfs	brightness_real__harmonics__synced_sines__256_1024	amp	amp_1.00hz_0.10	0.1	amp_1.00hz_0.70	0.7	False	0	0.0012489700457081199
jtfs	brightness_real__harmonics__synced_sines__256_1024	amp	amp_1.00hz_0.10	0.1	amp_1.00hz_0.90	0.9	False	0	0.0015738698421046138
jtfs	brightness_real__harmonics__synced_sines__256_1024	freq	freq_0.25hz	0.25	freq_0.25hz	0.25	True	0	0.0
jtfs	brightness_real__harmonics__synced_sines__256_1024	freq	freq_0.25hz	0.25	freq_0.50hz	0.5	False	0	0.0015024002641439438
jtfs	brightness_real__harmonics__synced_sines__256_1024	freq	freq_0.25hz	0.25	freq_1.00hz	1.0	False	0	0.001905592973344028
jtfs	brightness_real__harmonics__synced_sines__256_1024	freq	freq_0.25hz	0.25	freq_2.00hz	2.0	False	0	0.00246060430072248
jtfs	brightness_real__harmonics__synced_sines__256_1024	freq	freq_0.25hz	0.25	freq_4.00hz	4.0	False	0	0.0028466142248362303
jtfs	brightness_real__harmonics__synced_sines__256_1024	reg	reg_1.00hz_0.000	0.0	reg_1.00hz_0.000	0.0	True	0	0.0
jtfs	brightness_real__harmonics__synced_sines__256_1024	reg	reg_1.00hz_0.000	0.0	reg_1.00hz_0.125	0.125	False	0	0.0006150924600660801
jtfs	brightness_real__harmonics__synced_sines__256_1024	reg	reg_1.00hz_0.000	0.0	reg_1.00hz_0.250	0.25	False	0	0.001147198025137186
jtfs	brightness_real__harmonics__synced_sines__256_1024	reg	reg_1.00hz_0.000	0.0	reg_1.00hz_0.375	0.375	False	0	0.0015354604693129659
jtfs	brightness_real__harmonics__synced_sines__256_1024	reg	reg_1.00hz_0.000	0.0	reg_1.00hz_0.500	0.5	False	0	0.0017615973483771086
jtfs	brightness_synthetic__256_1024	amp	amp_1.00hz_0.10	0.1	amp_1.00hz_0.10	0.1	True	0	0.0
jtfs	brightness_synthetic__256_1024	amp	amp_1.00hz_0.10	0.1	amp_1.00hz_0.30	0.3	False	0	0.00036703309160657227
jtfs	brightness_synthetic__256_1024	amp	amp_1.00hz_0.10	0.1	amp_1.00hz_0.50	0.5	False	0	0.0006917206919752061
jtfs	brightness_synthetic__256_1024	amp	amp_1.00hz_0.10	0.1	amp_1.00hz_0.70	0.7	False	0	0.0010418230667710304
jtfs	brightness_synthetic__256_1024	amp	amp_1.00hz_0.10	0.1	amp_1.00hz_0.90	0.9	False	0	0.001366095500998199
jtfs	brightness_synthetic__256_1024	freq	freq_0.25hz	0.25	freq_0.25hz	0.25	True	0	0.0
jtfs	brightness_synthetic__256_1024	freq	freq_0.25hz	0.25	freq_0.50hz	0.5	False	0	0.0014490887988358736
jtfs	brightness_synthetic__256_1024	freq	freq_0.25hz	0.25	freq_1.00hz	1.0	False	0	0.0017761749913915992
jtfs	brightness_synthetic__256_1024	freq	freq_0.25hz	0.25	freq_2.00hz	2.0	False	0	0.0022922430653125048
jtfs	brightness_synthetic__256_1024	freq	freq_0.25hz	0.25	freq_4.00hz	4.0	False	0	0.0026590200141072273
jtfs	brightness_synthetic__256_1024	reg	reg_1.00hz_0.000	0.0	reg_1.00hz_0.000	0.0	True	0	0.0
jtfs	brightness_synthetic__256_1024	reg	reg_1.00hz_0.000	0.0	reg_1.00hz_0.125	0.125	False	0	0.0005395052721723914
jtfs	brightness_synthetic__256_1024	reg	reg_1.00hz_0.000	0.0	reg_1.00hz_0.250	0.25	False	0	0.0010277435649186373
jtfs	brightness_synthetic__256_1024	reg	reg_1.00hz_0.000	0.0	reg_1.00hz_0.375	0.375	False	0	0.0013936012983322144
jtfs	brightness_synthetic__256_1024	reg	reg_1.00hz_0.000	0.0	reg_1.00hz_0.500	0.5	False	0	0.0015983956400305033
jtfs	richness_real__filter__acid_saw__46_1024__inverted	amp	amp_1.00hz_0.10	0.1	amp_1.00hz_0.10	0.1	True	0	0.0
jtfs	richness_real__filter__acid_saw__46_1024__inverted	amp	amp_1.00hz_0.10	0.1	amp_1.00hz_0.30	0.3	False	0	0.00019564779358915985
jtfs	richness_real__filter__acid_saw__46_1024__inverted	amp	amp_1.00hz_0.10	0.1	amp_1.00hz_0.50	0.5	False	0	0.0003988233511336148
jtfs	richness_real__filter__acid_saw__46_1024__inverted	amp	amp_1.00hz_0.10	0.1	amp_1.00hz_0.70	0.7	False	0	0.0005922303535044193
jtfs	richness_real__filter__acid_saw__46_1024__inverted	amp	amp_1.00hz_0.10	0.1	amp_1.00hz_0.90	0.9	False	0	0.0008331055869348347
jtfs	richness_real__filter__acid_saw__46_1024__inverted	freq	freq_0.25hz	0.25	freq_0.25hz	0.25	True	0	0.0
jtfs	richness_real__filter__acid_saw__46_1024__inverted	freq	freq_0.25hz	0.25	freq_0.50hz	0.5	False	0	0.0010658277897164226
jtfs	richness_real__filter__acid_saw__46_1024__inverted	freq	freq_0.25hz	0.25	freq_1.00hz	1.0	False	0	0.001124002505093813
jtfs	richness_real__filter__acid_saw__46_1024__inverted	freq	freq_0.25hz	0.25	freq_2.00hz	2.0	False	0	0.0013180160894989967
jtfs	richness_real__filter__acid_saw__46_1024__inverted	freq	freq_0.25hz	0.25	freq_4.00hz	4.0	False	0	0.0015571039402857423
jtfs	richness_real__filter__acid_saw__46_1024__inverted	reg	reg_1.00hz_0.000	0.0	reg_1.00hz_0.000	0.0	True	0	0.0
jtfs	richness_real__filter__acid_saw__46_1024__inverted	reg	reg_1.00hz_0.000	0.0	reg_1.00hz_0.125	0.125	False	0	0.0003564027138054371
jtfs	richness_real__filter__acid_saw__46_1024__inverted	reg	reg_1.00hz_0.000	0.0	reg_1.00hz_0.250	0.25	False	0	0.0006766696460545063
jtfs	richness_real__filter__acid_saw__46_1024__inverted	reg	reg_1.00hz_0.000	0.0	reg_1.00hz_0.375	0.375	False	0	0.0009191922144964337
jtfs	richness_real__filter__acid_saw__46_1024__inverted	reg	reg_1.00hz_0.000	0.0	reg_1.00hz_0.500	0.5	False	0	0.00105112767778337
jtfs	richness_synthetic__256_1024	amp	amp_1.00hz_0.10	0.1	amp_1.00hz_0.10	0.1	True	0	0.0
jtfs	richness_synthetic__256_1024	amp	amp_1.00hz_0.10	0.1	amp_1.00hz_0.30	0.3	False	0	0.00012686844274867326
jtfs	richness_synthetic__256_1024	amp	amp_1.00hz_0.10	0.1	amp_1.00hz_0.50	0.5	False	0	0.0002680820180103183
jtfs	richness_synthetic__256_1024	amp	amp_1.00hz_0.10	0.1	amp_1.00hz_0.70	0.7	False	0	0.00041645157034508884
jtfs	richness_synthetic__256_1024	amp	amp_1.00hz_0.10	0.1	amp_1.00hz_0.90	0.9	False	0	0.0005603102035820484
jtfs	richness_synthetic__256_1024	freq	freq_0.25hz	0.25	freq_0.25hz	0.25	True	0	0.0
jtfs	richness_synthetic__256_1024	freq	freq_0.25hz	0.25	freq_0.50hz	0.5	False	0	0.0007240200648084283
jtfs	richness_synthetic__256_1024	freq	freq_0.25hz	0.25	freq_1.00hz	1.0	False	0	0.0008020136156119406
jtfs	richness_synthetic__256_1024	freq	freq_0.25hz	0.25	freq_2.00hz	2.0	False	0	0.0010906397365033627
jtfs	richness_synthetic__256_1024	freq	freq_0.25hz	0.25	freq_4.00hz	4.0	False	0	0.0012772101908922195
jtfs	richness_synthetic__256_1024	reg	reg_1.00hz_0.000	0.0	reg_1.00hz_0.000	0.0	True	0	0.0
jtfs	richness_synthetic__256_1024	reg	reg_1.00hz_0.000	0.0	reg_1.00hz_0.125	0.125	False	0	0.00024074224347714335
jtfs	richness_synthetic__256_1024	reg	reg_1.00hz_0.000	0.0	reg_1.00hz_0.250	0.25	False	0	0.00045852133189328015
jtfs	richness_synthetic__256_1024	reg	reg_1.00hz_0.000	0.0	reg_1.00hz_0.375	0.375	False	0	0.0006235296605154872
jtfs	richness_synthetic__256_1024	reg	reg_1.00hz_0.000	0.0	reg_1.00hz_0.500	0.5	False	0	0.0007219522958621383
jtfs	warmth_real__vintage__logue_saw__166_1024	amp	amp_1.00hz_0.10	0.1	amp_1.00hz_0.10	0.1	True	0	0.0
jtfs	warmth_real__vintage__logue_saw__166_1024	amp	amp_1.00hz_0.10	0.1	amp_1.00hz_0.30	0.3	False	0	0.0002606326015666127
jtfs	warmth_real__vintage__logue_saw__166_1024	amp	amp_1.00hz_0.10	0.1	amp_1.00hz_0.50	0.5	False	0	0.0005195828271098435
jtfs	warmth_real__vintage__logue_saw__166_1024	amp	amp_1.00hz_0.10	0.1	amp_1.00hz_0.70	0.7	False	0	0.0007501713116653264
jtfs	warmth_real__vintage__logue_saw__166_1024	amp	amp_1.00hz_0.10	0.1	amp_1.00hz_0.90	0.9	False	0	0.0009464889299124479
jtfs	warmth_real__vintage__logue_saw__166_1024	freq	freq_0.25hz	0.25	freq_0.25hz	0.25	True	0	0.0
jtfs	warmth_real__vintage__logue_saw__166_1024	freq	freq_0.25hz	0.25	freq_0.50hz	0.5	False	0	0.0007599807577207685
jtfs	warmth_real__vintage__logue_saw__166_1024	freq	freq_0.25hz	0.25	freq_1.00hz	1.0	False	0	0.0010555966291576624
jtfs	warmth_real__vintage__logue_saw__166_1024	freq	freq_0.25hz	0.25	freq_2.00hz	2.0	False	0	0.001540878089144826
jtfs	warmth_real__vintage__logue_saw__166_1024	freq	freq_0.25hz	0.25	freq_4.00hz	4.0	False	0	0.001733164070174098
jtfs	warmth_real__vintage__logue_saw__166_1024	reg	reg_1.00hz_0.000	0.0	reg_1.00hz_0.000	0.0	True	0	0.0
jtfs	warmth_real__vintage__logue_saw__166_1024	reg	reg_1.00hz_0.000	0.0	reg_1.00hz_0.125	0.125	False	0	0.00031339141423814
jtfs	warmth_real__vintage__logue_saw__166_1024	reg	reg_1.00hz_0.000	0.0	reg_1.00hz_0.250	0.25	False	0	0.0005678655579686165
jtfs	warmth_real__vintage__logue_saw__166_1024	reg	reg_1.00hz_0.000	0.0	reg_1.00hz_0.375	0.375	False	0	0.0007388320518657565
jtfs	warmth_real__vintage__logue_saw__166_1024	reg	reg_1.00hz_0.000	0.0	reg_1.00hz_0.500	0.5	False	0	0.0008407580899074674
jtfs	warmth_synthetic__256_1024	amp	amp_1.00hz_0.10	0.1	amp_1.00hz_0.10	0.1	True	0	0.0
jtfs	warmth_synthetic__256_1024	amp	amp_1.00hz_0.10	0.1	amp_1.00hz_0.30	0.3	False	0	5.676664295606315e-05
jtfs	warmth_synthetic__256_1024	amp	amp_1.00hz_0.10	0.1	amp_1.00hz_0.50	0.5	False	0	0.0001293759560212493
jtfs	warmth_synthetic__256_1024	amp	amp_1.00hz_0.10	0.1	amp_1.00hz_0.70	0.7	False	0	0.00022524269297719002
jtfs	warmth_synthetic__256_1024	amp	amp_1.00hz_0.10	0.1	amp_1.00hz_0.90	0.9	False	0	0.0003514191193971783
jtfs	warmth_synthetic__256_1024	freq	freq_0.25hz	0.25	freq_0.25hz	0.25	True	0	0.0
jtfs	warmth_synthetic__256_1024	freq	freq_0.25hz	0.25	freq_0.50hz	0.5	False	0	0.0004472552100196481
jtfs	warmth_synthetic__256_1024	freq	freq_0.25hz	0.25	freq_1.00hz	1.0	False	0	0.00046417274279519916
jtfs	warmth_synthetic__256_1024	freq	freq_0.25hz	0.25	freq_2.00hz	2.0	False	0	0.0005287342355586588
jtfs	warmth_synthetic__256_1024	freq	freq_0.25hz	0.25	freq_4.00hz	4.0	False	0	0.0005873445770703256
jtfs	warmth_synthetic__256_1024	reg	reg_1.00hz_0.000	0.0	reg_1.00hz_0.000	0.0	True	0	0.0
jtfs	warmth_synthetic__256_1024	reg	reg_1.00hz_0.000	0.0	reg_1.00hz_0.125	0.125	False	0	0.00013113046588841826
jtfs	warmth_synthetic__256_1024	reg	reg_1.00hz_0.000	0.0	reg_1.00hz_0.250	0.25	False	0	0.0002360850921832025
jtfs	warmth_synthetic__256_1024	reg	reg_1.00hz_0.000	0.0	reg_1.00hz_0.375	0.375	False	0	0.0003017038688994944
jtfs	warmth_synthetic__256_1024	reg	reg_1.00hz_0.000	0.0	reg_1.00hz_0.500	0.5	False	0	0.00034366556792519987
jtfs2	brightness_real__harmonics__synced_sines__256_1024	amp	amp_1.00hz_0.10	0.1	amp_1.00hz_0.10	0.1	True	0	0.0
jtfs2	brightness_real__harmonics__synced_sines__256_1024	amp	amp_1.00hz_0.10	0.1	amp_1.00hz_0.30	0.3	False	0	1.3306329250335693
jtfs2	brightness_real__harmonics__synced_sines__256_1024	amp	amp_1.00hz_0.10	0.1	amp_1.00hz_0.50	0.5	False	0	2.21480393409729
jtfs2	brightness_real__harmonics__synced_sines__256_1024	amp	amp_1.00hz_0.10	0.1	amp_1.00hz_0.70	0.7	False	0	3.32102632522583
jtfs2	brightness_real__harmonics__synced_sines__256_1024	amp	amp_1.00hz_0.10	0.1	amp_1.00hz_0.90	0.9	False	0	4.27201509475708
jtfs2	brightness_real__harmonics__synced_sines__256_1024	freq	freq_0.25hz	0.25	freq_0.25hz	0.25	True	0	0.0
jtfs2	brightness_real__harmonics__synced_sines__256_1024	freq	freq_0.25hz	0.25	freq_0.50hz	0.5	False	0	4.331970691680908
jtfs2	brightness_real__harmonics__synced_sines__256_1024	freq	freq_0.25hz	0.25	freq_1.00hz	1.0	False	0	5.64445161819458
jtfs2	brightness_real__harmonics__synced_sines__256_1024	freq	freq_0.25hz	0.25	freq_2.00hz	2.0	False	0	7.7901787757873535
jtfs2	brightness_real__harmonics__synced_sines__256_1024	freq	freq_0.25hz	0.25	freq_4.00hz	4.0	False	0	9.063456535339355
jtfs2	brightness_real__harmonics__synced_sines__256_1024	reg	reg_1.00hz_0.000	0.0	reg_1.00hz_0.000	0.0	True	0	0.0
jtfs2	brightness_real__harmonics__synced_sines__256_1024	reg	reg_1.00hz_0.000	0.0	reg_1.00hz_0.125	0.125	False	0	2.4043407440185547
jtfs2	brightness_real__harmonics__synced_sines__256_1024	reg	reg_1.00hz_0.000	0.0	reg_1.00hz_0.250	0.25	False	0	4.344172954559326
jtfs2	brightness_real__harmonics__synced_sines__256_1024	reg	reg_1.00hz_0.000	0.0	reg_1.00hz_0.375	0.375	False	0	5.659078121185303
jtfs2	brightness_real__harmonics__synced_sines__256_1024	reg	reg_1.00hz_0.000	0.0	reg_1.00hz_0.500	0.5	False	0	6.352583408355713
jtfs2	brightness_synthetic__256_1024	amp	amp_1.00hz_0.10	0.1	amp_1.00hz_0.10	0.1	True	0	0.0
jtfs2	brightness_synthetic__256_1024	amp	amp_1.00hz_0.10	0.1	amp_1.00hz_0.30	0.3	False	0	1.32540762424469
jtfs2	brightness_synthetic__256_1024	amp	amp_1.00hz_0.10	0.1	amp_1.00hz_0.50	0.5	False	0	2.392611026763916
jtfs2	brightness_synthetic__256_1024	amp	amp_1.00hz_0.10	0.1	amp_1.00hz_0.70	0.7	False	0	3.451078176498413
jtfs2	brightness_synthetic__256_1024	amp	amp_1.00hz_0.10	0.1	amp_1.00hz_0.90	0.9	False	0	4.406116008758545
jtfs2	brightness_synthetic__256_1024	freq	freq_0.25hz	0.25	freq_0.25hz	0.25	True	0	0.0
jtfs2	brightness_synthetic__256_1024	freq	freq_0.25hz	0.25	freq_0.50hz	0.5	False	0	4.191258430480957
jtfs2	brightness_synthetic__256_1024	freq	freq_0.25hz	0.25	freq_1.00hz	1.0	False	0	5.444443225860596
jtfs2	brightness_synthetic__256_1024	freq	freq_0.25hz	0.25	freq_2.00hz	2.0	False	0	7.577714443206787
jtfs2	brightness_synthetic__256_1024	freq	freq_0.25hz	0.25	freq_4.00hz	4.0	False	0	9.06655216217041
jtfs2	brightness_synthetic__256_1024	reg	reg_1.00hz_0.000	0.0	reg_1.00hz_0.000	0.0	True	0	0.0
jtfs2	brightness_synthetic__256_1024	reg	reg_1.00hz_0.000	0.0	reg_1.00hz_0.125	0.125	False	0	2.20354962348938
jtfs2	brightness_synthetic__256_1024	reg	reg_1.00hz_0.000	0.0	reg_1.00hz_0.250	0.25	False	0	4.0201802253723145
jtfs2	brightness_synthetic__256_1024	reg	reg_1.00hz_0.000	0.0	reg_1.00hz_0.375	0.375	False	0	5.239311218261719
jtfs2	brightness_synthetic__256_1024	reg	reg_1.00hz_0.000	0.0	reg_1.00hz_0.500	0.5	False	0	5.872705459594727
jtfs2	richness_real__filter__acid_saw__46_1024__inverted	amp	amp_1.00hz_0.10	0.1	amp_1.00hz_0.10	0.1	True	0	0.0
jtfs2	richness_real__filter__acid_saw__46_1024__inverted	amp	amp_1.00hz_0.10	0.1	amp_1.00hz_0.30	0.3	False	0	0.7882494330406189
jtfs2	richness_real__filter__acid_saw__46_1024__inverted	amp	amp_1.00hz_0.10	0.1	amp_1.00hz_0.50	0.5	False	0	1.5766947269439697
jtfs2	richness_real__filter__acid_saw__46_1024__inverted	amp	amp_1.00hz_0.10	0.1	amp_1.00hz_0.70	0.7	False	0	2.3634684085845947
jtfs2	richness_real__filter__acid_saw__46_1024__inverted	amp	amp_1.00hz_0.10	0.1	amp_1.00hz_0.90	0.9	False	0	3.4968085289001465
jtfs2	richness_real__filter__acid_saw__46_1024__inverted	freq	freq_0.25hz	0.25	freq_0.25hz	0.25	True	0	0.0
jtfs2	richness_real__filter__acid_saw__46_1024__inverted	freq	freq_0.25hz	0.25	freq_0.50hz	0.5	False	0	4.305659770965576
jtfs2	richness_real__filter__acid_saw__46_1024__inverted	freq	freq_0.25hz	0.25	freq_1.00hz	1.0	False	0	4.740691184997559
jtfs2	richness_real__filter__acid_saw__46_1024__inverted	freq	freq_0.25hz	0.25	freq_2.00hz	2.0	False	0	5.736381530761719
jtfs2	richness_real__filter__acid_saw__46_1024__inverted	freq	freq_0.25hz	0.25	freq_4.00hz	4.0	False	0	6.523787498474121
jtfs2	richness_real__filter__acid_saw__46_1024__inverted	reg	reg_1.00hz_0.000	0.0	reg_1.00hz_0.000	0.0	True	0	0.0
jtfs2	richness_real__filter__acid_saw__46_1024__inverted	reg	reg_1.00hz_0.000	0.0	reg_1.00hz_0.125	0.125	False	0	2.0564844608306885
jtfs2	richness_real__filter__acid_saw__46_1024__inverted	reg	reg_1.00hz_0.000	0.0	reg_1.00hz_0.250	0.25	False	0	3.681114435195923
jtfs2	richness_real__filter__acid_saw__46_1024__inverted	reg	reg_1.00hz_0.000	0.0	reg_1.00hz_0.375	0.375	False	0	4.7505574226379395
jtfs2	richness_real__filter__acid_saw__46_1024__inverted	reg	reg_1.00hz_0.000	0.0	reg_1.00hz_0.500	0.5	False	0	5.278605937957764
jtfs2	richness_synthetic__256_1024	amp	amp_1.00hz_0.10	0.1	amp_1.00hz_0.10	0.1	True	0	0.0
jtfs2	richness_synthetic__256_1024	amp	amp_1.00hz_0.10	0.1	amp_1.00hz_0.30	0.3	False	0	0.4268517792224884
jtfs2	richness_synthetic__256_1024	amp	amp_1.00hz_0.10	0.1	amp_1.00hz_0.50	0.5	False	0	0.8839643597602844
jtfs2	richness_synthetic__256_1024	amp	amp_1.00hz_0.10	0.1	amp_1.00hz_0.70	0.7	False	0	1.3506908416748047
jtfs2	richness_synthetic__256_1024	amp	amp_1.00hz_0.10	0.1	amp_1.00hz_0.90	0.9	False	0	1.7714248895645142
jtfs2	richness_synthetic__256_1024	freq	freq_0.25hz	0.25	freq_0.25hz	0.25	True	0	0.0
jtfs2	richness_synthetic__256_1024	freq	freq_0.25hz	0.25	freq_0.50hz	0.5	False	0	1.8935060501098633
jtfs2	richness_synthetic__256_1024	freq	freq_0.25hz	0.25	freq_1.00hz	1.0	False	0	2.2578420639038086
jtfs2	richness_synthetic__256_1024	freq	freq_0.25hz	0.25	freq_2.00hz	2.0	False	0	3.2305855751037598
jtfs2	richness_synthetic__256_1024	freq	freq_0.25hz	0.25	freq_4.00hz	4.0	False	0	3.924852132797241
jtfs2	richness_synthetic__256_1024	reg	reg_1.00hz_0.000	0.0	reg_1.00hz_0.000	0.0	True	0	0.0
jtfs2	richness_synthetic__256_1024	reg	reg_1.00hz_0.000	0.0	reg_1.00hz_0.125	0.125	False	0	0.9044478535652161
jtfs2	richness_synthetic__256_1024	reg	reg_1.00hz_0.000	0.0	reg_1.00hz_0.250	0.25	False	0	1.6388541460037231
jtfs2	richness_synthetic__256_1024	reg	reg_1.00hz_0.000	0.0	reg_1.00hz_0.375	0.375	False	0	2.1385257244110107
jtfs2	richness_synthetic__256_1024	reg	reg_1.00hz_0.000	0.0	reg_1.00hz_0.500	0.5	False	0	2.4135336875915527
jtfs2	warmth_real__vintage__logue_saw__166_1024	amp	amp_1.00hz_0.10	0.1	amp_1.00hz_0.10	0.1	True	0	0.0
jtfs2	warmth_real__vintage__logue_saw__166_1024	amp	amp_1.00hz_0.10	0.1	amp_1.00hz_0.30	0.3	False	0	1.0732287168502808
jtfs2	warmth_real__vintage__logue_saw__166_1024	amp	amp_1.00hz_0.10	0.1	amp_1.00hz_0.50	0.5	False	0	2.004009246826172
jtfs2	warmth_real__vintage__logue_saw__166_1024	amp	amp_1.00hz_0.10	0.1	amp_1.00hz_0.70	0.7	False	0	2.794010639190674
jtfs2	warmth_real__vintage__logue_saw__166_1024	amp	amp_1.00hz_0.10	0.1	amp_1.00hz_0.90	0.9	False	0	3.478440999984741
jtfs2	warmth_real__vintage__logue_saw__166_1024	freq	freq_0.25hz	0.25	freq_0.25hz	0.25	True	0	0.0
jtfs2	warmth_real__vintage__logue_saw__166_1024	freq	freq_0.25hz	0.25	freq_0.50hz	0.5	False	0	3.0360350608825684
jtfs2	warmth_real__vintage__logue_saw__166_1024	freq	freq_0.25hz	0.25	freq_1.00hz	1.0	False	0	3.9434895515441895
jtfs2	warmth_real__vintage__logue_saw__166_1024	freq	freq_0.25hz	0.25	freq_2.00hz	2.0	False	0	5.031673908233643
jtfs2	warmth_real__vintage__logue_saw__166_1024	freq	freq_0.25hz	0.25	freq_4.00hz	4.0	False	0	5.666401386260986
jtfs2	warmth_real__vintage__logue_saw__166_1024	reg	reg_1.00hz_0.000	0.0	reg_1.00hz_0.000	0.0	True	0	0.0
jtfs2	warmth_real__vintage__logue_saw__166_1024	reg	reg_1.00hz_0.000	0.0	reg_1.00hz_0.125	0.125	False	0	1.7804912328720093
jtfs2	warmth_real__vintage__logue_saw__166_1024	reg	reg_1.00hz_0.000	0.0	reg_1.00hz_0.250	0.25	False	0	2.8899166584014893
jtfs2	warmth_real__vintage__logue_saw__166_1024	reg	reg_1.00hz_0.000	0.0	reg_1.00hz_0.375	0.375	False	0	3.457059860229492
jtfs2	warmth_real__vintage__logue_saw__166_1024	reg	reg_1.00hz_0.000	0.0	reg_1.00hz_0.500	0.5	False	0	3.776548147201538
jtfs2	warmth_synthetic__256_1024	amp	amp_1.00hz_0.10	0.1	amp_1.00hz_0.10	0.1	True	0	0.0
jtfs2	warmth_synthetic__256_1024	amp	amp_1.00hz_0.10	0.1	amp_1.00hz_0.30	0.3	False	0	0.25557684898376465
jtfs2	warmth_synthetic__256_1024	amp	amp_1.00hz_0.10	0.1	amp_1.00hz_0.50	0.5	False	0	0.5548520088195801
jtfs2	warmth_synthetic__256_1024	amp	amp_1.00hz_0.10	0.1	amp_1.00hz_0.70	0.7	False	0	0.934463620185852
jtfs2	warmth_synthetic__256_1024	amp	amp_1.00hz_0.10	0.1	amp_1.00hz_0.90	0.9	False	0	1.4325710535049438
jtfs2	warmth_synthetic__256_1024	freq	freq_0.25hz	0.25	freq_0.25hz	0.25	True	0	0.0
jtfs2	warmth_synthetic__256_1024	freq	freq_0.25hz	0.25	freq_0.50hz	0.5	False	0	1.705976128578186
jtfs2	warmth_synthetic__256_1024	freq	freq_0.25hz	0.25	freq_1.00hz	1.0	False	0	1.867362141609192
jtfs2	warmth_synthetic__256_1024	freq	freq_0.25hz	0.25	freq_2.00hz	2.0	False	0	2.049184560775757
jtfs2	warmth_synthetic__256_1024	freq	freq_0.25hz	0.25	freq_4.00hz	4.0	False	0	2.267458915710449
jtfs2	warmth_synthetic__256_1024	reg	reg_1.00hz_0.000	0.0	reg_1.00hz_0.000	0.0	True	0	0.0
jtfs2	warmth_synthetic__256_1024	reg	reg_1.00hz_0.000	0.0	reg_1.00hz_0.125	0.125	False	0	0.8847447633743286
jtfs2	warmth_synthetic__256_1024	reg	reg_1.00hz_0.000	0.0	reg_1.00hz_0.250	0.25	False	0	1.4530761241912842
jtfs2	warmth_synthetic__256_1024	reg	reg_1.00hz_0.000	0.0	reg_1.00hz_0.375	0.375	False	0	1.63162362575531
jtfs2	warmth_synthetic__256_1024	reg	reg_1.00hz_0.000	0.0	reg_1.00hz_0.500	0.5	False	0	1.7334131002426147
vggish	brightness_real__harmonics__synced_sines__256_1024	amp	amp_1.00hz_0.10	0.1	amp_1.00hz_0.10	0.1	True	0	0.0
vggish	brightness_real__harmonics__synced_sines__256_1024	amp	amp_1.00hz_0.10	0.1	amp_1.00hz_0.30	0.3	False	0	0.8965793251991272
vggish	brightness_real__harmonics__synced_sines__256_1024	amp	amp_1.00hz_0.10	0.1	amp_1.00hz_0.50	0.5	False	0	1.4487555027008057
vggish	brightness_real__harmonics__synced_sines__256_1024	amp	amp_1.00hz_0.10	0.1	amp_1.00hz_0.70	0.7	False	0	1.702796459197998
vggish	brightness_real__harmonics__synced_sines__256_1024	amp	amp_1.00hz_0.10	0.1	amp_1.00hz_0.90	0.9	False	0	1.6015321016311646
vggish	brightness_real__harmonics__synced_sines__256_1024	freq	freq_0.25hz	0.25	freq_0.25hz	0.25	True	0	0.0
vggish	brightness_real__harmonics__synced_sines__256_1024	freq	freq_0.25hz	0.25	freq_0.50hz	0.5	False	0	0.8174917101860046
vggish	brightness_real__harmonics__synced_sines__256_1024	freq	freq_0.25hz	0.25	freq_1.00hz	1.0	False	0	1.192936658859253
vggish	brightness_real__harmonics__synced_sines__256_1024	freq	freq_0.25hz	0.25	freq_2.00hz	2.0	False	0	1.465309977531433
vggish	brightness_real__harmonics__synced_sines__256_1024	freq	freq_0.25hz	0.25	freq_4.00hz	4.0	False	0	1.8284635543823242
vggish	brightness_real__harmonics__synced_sines__256_1024	reg	reg_1.00hz_0.000	0.0	reg_1.00hz_0.000	0.0	True	0	0.0
vggish	brightness_real__harmonics__synced_sines__256_1024	reg	reg_1.00hz_0.000	0.0	reg_1.00hz_0.125	0.125	False	0	0.3932760953903198
vggish	brightness_real__harmonics__synced_sines__256_1024	reg	reg_1.00hz_0.000	0.0	reg_1.00hz_0.250	0.25	False	0	0.6876238584518433
vggish	brightness_real__harmonics__synced_sines__256_1024	reg	reg_1.00hz_0.000	0.0	reg_1.00hz_0.375	0.375	False	0	0.8679108619689941
vggish	brightness_real__harmonics__synced_sines__256_1024	reg	reg_1.00hz_0.000	0.0	reg_1.00hz_0.500	0.5	False	0	0.7935584783554077
vggish	brightness_synthetic__256_1024	amp	amp_1.00hz_0.10	0.1	amp_1.00hz_0.10	0.1	True	0	0.0
vggish	brightness_synthetic__256_1024	amp	amp_1.00hz_0.10	0.1	amp_1.00hz_0.30	0.3	False	0	1.135544776916504
vggish	brightness_synthetic__256_1024	amp	amp_1.00hz_0.10	0.1	amp_1.00hz_0.50	0.5	False	0	1.5229679346084595
vggish	brightness_synthetic__256_1024	amp	amp_1.00hz_0.10	0.1	amp_1.00hz_0.70	0.7	False	0	1.6988730430603027
vggish	brightness_synthetic__256_1024	amp	amp_1.00hz_0.10	0.1	amp_1.00hz_0.90	0.9	False	0	1.9790847301483154
vggish	brightness_synthetic__256_1024	freq	freq_0.25hz	0.25	freq_0.25hz	0.25	True	0	0.0
vggish	brightness_synthetic__256_1024	freq	freq_0.25hz	0.25	freq_0.50hz	0.5	False	0	0.7196524143218994
vggish	brightness_synthetic__256_1024	freq	freq_0.25hz	0.25	freq_1.00hz	1.0	False	0	1.5506081581115723
vggish	brightness_synthetic__256_1024	freq	freq_0.25hz	0.25	freq_2.00hz	2.0	False	0	1.5934944152832031
vggish	brightness_synthetic__256_1024	freq	freq_0.25hz	0.25	freq_4.00hz	4.0	False	0	1.6205943822860718
vggish	brightness_synthetic__256_1024	reg	reg_1.00hz_0.000	0.0	reg_1.00hz_0.000	0.0	True	0	0.0
vggish	brightness_synthetic__256_1024	reg	reg_1.00hz_0.000	0.0	reg_1.00hz_0.125	0.125	False	0	0.40543439984321594
vggish	brightness_synthetic__256_1024	reg	reg_1.00hz_0.000	0.0	reg_1.00hz_0.250	0.25	False	0	0.6480313539505005
vggish	brightness_synthetic__256_1024	reg	reg_1.00hz_0.000	0.0	reg_1.00hz_0.375	0.375	False	0	0.6709631085395813
vggish	brightness_synthetic__256_1024	reg	reg_1.00hz_0.000	0.0	reg_1.00hz_0.500	0.5	False	0	0.5616496205329895
vggish	richness_real__filter__acid_saw__46_1024__inverted	amp	amp_1.00hz_0.10	0.1	amp_1.00hz_0.10	0.1	True	0	0.0
vggish	richness_real__filter__acid_saw__46_1024__inverted	amp	amp_1.00hz_0.10	0.1	amp_1.00hz_0.30	0.3	False	0	0.3299849331378937
vggish	richness_real__filter__acid_saw__46_1024__inverted	amp	amp_1.00hz_0.10	0.1	amp_1.00hz_0.50	0.5	False	0	0.4093795716762543
vggish	richness_real__filter__acid_saw__46_1024__inverted	amp	amp_1.00hz_0.10	0.1	amp_1.00hz_0.70	0.7	False	0	0.45154261589050293
vggish	richness_real__filter__acid_saw__46_1024__inverted	amp	amp_1.00hz_0.10	0.1	amp_1.00hz_0.90	0.9	False	0	0.508520781993866
vggish	richness_real__filter__acid_saw__46_1024__inverted	freq	freq_0.25hz	0.25	freq_0.25hz	0.25	True	0	0.0
vggish	richness_real__filter__acid_saw__46_1024__inverted	freq	freq_0.25hz	0.25	freq_0.50hz	0.5	False	0	0.4977976083755493
vggish	richness_real__filter__acid_saw__46_1024__inverted	freq	freq_0.25hz	0.25	freq_1.00hz	1.0	False	0	0.8322080969810486
vggish	richness_real__filter__acid_saw__46_1024__inverted	freq	freq_0.25hz	0.25	freq_2.00hz	2.0	False	0	0.8015439510345459
vggish	richness_real__filter__acid_saw__46_1024__inverted	freq	freq_0.25hz	0.25	freq_4.00hz	4.0	False	0	0.949864387512207
vggish	richness_real__filter__acid_saw__46_1024__inverted	reg	reg_1.00hz_0.000	0.0	reg_1.00hz_0.000	0.0	True	0	0.0
vggish	richness_real__filter__acid_saw__46_1024__inverted	reg	reg_1.00hz_0.000	0.0	reg_1.00hz_0.125	0.125	False	0	0.3002746105194092
vggish	richness_real__filter__acid_saw__46_1024__inverted	reg	reg_1.00hz_0.000	0.0	reg_1.00hz_0.250	0.25	False	0	0.34062471985816956
vggish	richness_real__filter__acid_saw__46_1024__inverted	reg	reg_1.00hz_0.000	0.0	reg_1.00hz_0.375	0.375	False	0	0.7682672142982483
vggish	richness_real__filter__acid_saw__46_1024__inverted	reg	reg_1.00hz_0.000	0.0	reg_1.00hz_0.500	0.5	False	0	0.9684378504753113
vggish	richness_synthetic__256_1024	amp	amp_1.00hz_0.10	0.1	amp_1.00hz_0.10	0.1	True	0	0.0
vggish	richness_synthetic__256_1024	amp	amp_1.00hz_0.10	0.1	amp_1.00hz_0.30	0.3	False	0	0.3117718994617462
vggish	richness_synthetic__256_1024	amp	amp_1.00hz_0.10	0.1	amp_1.00hz_0.50	0.5	False	0	0.5679835081100464
vggish	richness_synthetic__256_1024	amp	amp_1.00hz_0.10	0.1	amp_1.00hz_0.70	0.7	False	0	0.909035861492157
vggish	richness_synthetic__256_1024	amp	amp_1.00hz_0.10	0.1	amp_1.00hz_0.90	0.9	False	0	1.2134305238723755
vggish	richness_synthetic__256_1024	freq	freq_0.25hz	0.25	freq_0.25hz	0.25	True	0	0.0
vggish	richness_synthetic__256_1024	freq	freq_0.25hz	0.25	freq_0.50hz	0.5	False	0	0.6543026566505432
vggish	richness_synthetic__256_1024	freq	freq_0.25hz	0.25	freq_1.00hz	1.0	False	0	1.1837519407272339
vggish	richness_synthetic__256_1024	freq	freq_0.25hz	0.25	freq_2.00hz	2.0	False	0	1.5142277479171753
vggish	richness_synthetic__256_1024	freq	freq_0.25hz	0.25	freq_4.00hz	4.0	False	0	1.8292409181594849
vggish	richness_synthetic__256_1024	reg	reg_1.00hz_0.000	0.0	reg_1.00hz_0.000	0.0	True	0	0.0
vggish	richness_synthetic__256_1024	reg	reg_1.00hz_0.000	0.0	reg_1.00hz_0.125	0.125	False	0	0.2885909080505371
vggish	richness_synthetic__256_1024	reg	reg_1.00hz_0.000	0.0	reg_1.00hz_0.250	0.25	False	0	0.4678327739238739
vggish	richness_synthetic__256_1024	reg	reg_1.00hz_0.000	0.0	reg_1.00hz_0.375	0.375	False	0	0.6511369347572327
vggish	richness_synthetic__256_1024	reg	reg_1.00hz_0.000	0.0	reg_1.00hz_0.500	0.5	False	0	0.7606894969940186
vggish	warmth_real__vintage__logue_saw__166_1024	amp	amp_1.00hz_0.10	0.1	amp_1.00hz_0.10	0.1	True	0	0.0
vggish	warmth_real__vintage__logue_saw__166_1024	amp	amp_1.00hz_0.10	0.1	amp_1.00hz_0.30	0.3	False	0	1.8823869228363037
vggish	warmth_real__vintage__logue_saw__166_1024	amp	amp_1.00hz_0.10	0.1	amp_1.00hz_0.50	0.5	False	0	2.8666152954101562
vggish	warmth_real__vintage__logue_saw__166_1024	amp	amp_1.00hz_0.10	0.1	amp_1.00hz_0.70	0.7	False	0	3.0718817710876465
vggish	warmth_real__vintage__logue_saw__166_1024	amp	amp_1.00hz_0.10	0.1	amp_1.00hz_0.90	0.9	False	0	3.1004698276519775
vggish	warmth_real__vintage__logue_saw__166_1024	freq	freq_0.25hz	0.25	freq_0.25hz	0.25	True	0	0.0
vggish	warmth_real__vintage__logue_saw__166_1024	freq	freq_0.25hz	0.25	freq_0.50hz	0.5	False	0	1.2236759662628174
vggish	warmth_real__vintage__logue_saw__166_1024	freq	freq_0.25hz	0.25	freq_1.00hz	1.0	False	0	1.3388187885284424
vggish	warmth_real__vintage__logue_saw__166_1024	freq	freq_0.25hz	0.25	freq_2.00hz	2.0	False	0	2.159682035446167
vggish	warmth_real__vintage__logue_saw__166_1024	freq	freq_0.25hz	0.25	freq_4.00hz	4.0	False	0	2.785688877105713
vggish	warmth_real__vintage__logue_saw__166_1024	reg	reg_1.00hz_0.000	0.0	reg_1.00hz_0.000	0.0	True	0	0.0
vggish	warmth_real__vintage__logue_saw__166_1024	reg	reg_1.00hz_0.000	0.0	reg_1.00hz_0.125	0.125	False	0	0.3318799138069153
vggish	warmth_real__vintage__logue_saw__166_1024	reg	reg_1.00hz_0.000	0.0	reg_1.00hz_0.250	0.25	False	0	0.6128867864608765
vggish	warmth_real__vintage__logue_saw__166_1024	reg	reg_1.00hz_0.000	0.0	reg_1.00hz_0.375	0.375	False	0	0.7140125036239624
vggish	warmth_real__vintage__logue_saw__166_1024	reg	reg_1.00hz_0.000	0.0	reg_1.00hz_0.500	0.5	False	0	0.676514208316803
vggish	warmth_synthetic__256_1024	amp	amp_1.00hz_0.10	0.1	amp_1.00hz_0.10	0.1	True	0	0.0
vggish	warmth_synthetic__256_1024	amp	amp_1.00hz_0.10	0.1	amp_1.00hz_0.30	0.3	False	0	0.22122393548488617
vggish	warmth_synthetic__256_1024	amp	amp_1.00hz_0.10	0.1	amp_1.00hz_0.50	0.5	False	0	0.5103909969329834
vggish	warmth_synthetic__256_1024	amp	amp_1.00hz_0.10	0.1	amp_1.00hz_0.70	0.7	False	0	0.7683978080749512
vggish	warmth_synthetic__256_1024	amp	amp_1.00hz_0.10	0.1	amp_1.00hz_0.90	0.9	False	0	1.1501895189285278
vggish	warmth_synthetic__256_1024	freq	freq_0.25hz	0.25	freq_0.25hz	0.25	True	0	0.0
vggish	warmth_synthetic__256_1024	freq	freq_0.25hz	0.25	freq_0.50hz	0.5	False	0	0.38242217898368835
vggish	warmth_synthetic__256_1024	freq	freq_0.25hz	0.25	freq_1.00hz	1.0	False	0	0.5493153929710388
vggish	warmth_synthetic__256_1024	freq	freq_0.25hz	0.25	freq_2.00hz	2.0	False	0	0.6741452217102051
vggish	warmth_synthetic__256_1024	freq	freq_0.25hz	0.25	freq_4.00hz	4.0	False	0	0.8954014182090759
vggish	warmth_synthetic__256_1024	reg	reg_1.00hz_0.000	0.0	reg_1.00hz_0.000	0.0	True	0	0.0
vggish	warmth_synthetic__256_1024	reg	reg_1.00hz_0.000	0.0	reg_1.00hz_0.125	0.125	False	0	0.3422359526157379
vggish	warmth_synthetic__256_1024	reg	reg_1.00hz_0.000	0.0	reg_1.00hz_0.250	0.25	False	0	0.405385285615921
vggish	warmth_synthetic__256_1024	reg	reg_1.00hz_0.000	0.0	reg_1.00hz_0.375	0.375	False	0	0.3030993342399597
vggish	warmth_synthetic__256_1024	reg	reg_1.00hz_0.000	0.0	reg_1.00hz_0.500	0.5	False	0	0.25777438282966614
vggish_tv	brightness_real__harmonics__synced_sines__256_1024	amp	amp_1.00hz_0.10	0.1	amp_1.00hz_0.10	0.1	True	0	0.0
vggish_tv	brightness_real__harmonics__synced_sines__256_1024	amp	amp_1.00hz_0.10	0.1	amp_1.00hz_0.30	0.3	False	0	1.8797649145126343
vggish_tv	brightness_real__harmonics__synced_sines__256_1024	amp	amp_1.00hz_0.10	0.1	amp_1.00hz_0.50	0.5	False	0	2.9845306873321533
vggish_tv	brightness_real__harmonics__synced_sines__256_1024	amp	amp_1.00hz_0.10	0.1	amp_1.00hz_0.70	0.7	False	0	3.4809553623199463
vggish_tv	brightness_real__harmonics__synced_sines__256_1024	amp	amp_1.00hz_0.10	0.1	amp_1.00hz_0.90	0.9	False	0	3.296919584274292
vggish_tv	brightness_real__harmonics__synced_sines__256_1024	freq	freq_0.25hz	0.25	freq_0.25hz	0.25	True	0	0.0
vggish_tv	brightness_real__harmonics__synced_sines__256_1024	freq	freq_0.25hz	0.25	freq_0.50hz	0.5	False	0	2.585700035095215
vggish_tv	brightness_real__harmonics__synced_sines__256_1024	freq	freq_0.25hz	0.25	freq_1.00hz	1.0	False	0	2.8980536460876465
vggish_tv	brightness_real__harmonics__synced_sines__256_1024	freq	freq_0.25hz	0.25	freq_2.00hz	2.0	False	0	3.5288984775543213
vggish_tv	brightness_real__harmonics__synced_sines__256_1024	freq	freq_0.25hz	0.25	freq_4.00hz	4.0	False	0	4.194700717926025
vggish_tv	brightness_real__harmonics__synced_sines__256_1024	reg	reg_1.00hz_0.000	0.0	reg_1.00hz_0.000	0.0	True	0	0.0
vggish_tv	brightness_real__harmonics__synced_sines__256_1024	reg	reg_1.00hz_0.000	0.0	reg_1.00hz_0.125	0.125	False	0	1.286219835281372
vggish_tv	brightness_real__harmonics__synced_sines__256_1024	reg	reg_1.00hz_0.000	0.0	reg_1.00hz_0.250	0.25	False	0	1.8715786933898926
vggish_tv	brightness_real__harmonics__synced_sines__256_1024	reg	reg_1.00hz_0.000	0.0	reg_1.00hz_0.375	0.375	False	0	2.361492872238159
vggish_tv	brightness_real__harmonics__synced_sines__256_1024	reg	reg_1.00hz_0.000	0.0	reg_1.00hz_0.500	0.5	False	0	2.1772024631500244
vggish_tv	brightness_synthetic__256_1024	amp	amp_1.00hz_0.10	0.1	amp_1.00hz_0.10	0.1	True	0	0.0
vggish_tv	brightness_synthetic__256_1024	amp	amp_1.00hz_0.10	0.1	amp_1.00hz_0.30	0.3	False	0	2.3006060123443604
vggish_tv	brightness_synthetic__256_1024	amp	amp_1.00hz_0.10	0.1	amp_1.00hz_0.50	0.5	False	0	3.0784192085266113
vggish_tv	brightness_synthetic__256_1024	amp	amp_1.00hz_0.10	0.1	amp_1.00hz_0.70	0.7	False	0	3.454493522644043
vggish_tv	brightness_synthetic__256_1024	amp	amp_1.00hz_0.10	0.1	amp_1.00hz_0.90	0.9	False	0	4.019750595092773
vggish_tv	brightness_synthetic__256_1024	freq	freq_0.25hz	0.25	freq_0.25hz	0.25	True	0	0.0
vggish_tv	brightness_synthetic__256_1024	freq	freq_0.25hz	0.25	freq_0.50hz	0.5	False	0	2.4235329627990723
vggish_tv	brightness_synthetic__256_1024	freq	freq_0.25hz	0.25	freq_1.00hz	1.0	False	0	3.5379748344421387
vggish_tv	brightness_synthetic__256_1024	freq	freq_0.25hz	0.25	freq_2.00hz	2.0	False	0	3.6814310550689697
vggish_tv	brightness_synthetic__256_1024	freq	freq_0.25hz	0.25	freq_4.00hz	4.0	False	0	3.7796638011932373
vggish_tv	brightness_synthetic__256_1024	reg	reg_1.00hz_0.000	0.0	reg_1.00hz_0.000	0.0	True	0	0.0
vggish_tv	brightness_synthetic__256_1024	reg	reg_1.00hz_0.000	0.0	reg_1.00hz_0.125	0.125	False	0	1.1962686777114868
vggish_tv	brightness_synthetic__256_1024	reg	reg_1.00hz_0.000	0.0	reg_1.00hz_0.250	0.25	False	0	1.6744107007980347
vggish_tv	brightness_synthetic__256_1024	reg	reg_1.00hz_0.000	0.0	reg_1.00hz_0.375	0.375	False	0	2.011423110961914
vggish_tv	brightness_synthetic__256_1024	reg	reg_1.00hz_0.000	0.0	reg_1.00hz_0.500	0.5	False	0	1.7627514600753784
vggish_tv	richness_real__filter__acid_saw__46_1024__inverted	amp	amp_1.00hz_0.10	0.1	amp_1.00hz_0.10	0.1	True	0	0.0
vggish_tv	richness_real__filter__acid_saw__46_1024__inverted	amp	amp_1.00hz_0.10	0.1	amp_1.00hz_0.30	0.3	False	0	0.8152587413787842
vggish_tv	richness_real__filter__acid_saw__46_1024__inverted	amp	amp_1.00hz_0.10	0.1	amp_1.00hz_0.50	0.5	False	0	1.0632113218307495
vggish_tv	richness_real__filter__acid_saw__46_1024__inverted	amp	amp_1.00hz_0.10	0.1	amp_1.00hz_0.70	0.7	False	0	1.2043596506118774
vggish_tv	richness_real__filter__acid_saw__46_1024__inverted	amp	amp_1.00hz_0.10	0.1	amp_1.00hz_0.90	0.9	False	0	1.4015668630599976
vggish_tv	richness_real__filter__acid_saw__46_1024__inverted	freq	freq_0.25hz	0.25	freq_0.25hz	0.25	True	0	0.0
vggish_tv	richness_real__filter__acid_saw__46_1024__inverted	freq	freq_0.25hz	0.25	freq_0.50hz	0.5	False	0	1.8189356327056885
vggish_tv	richness_real__filter__acid_saw__46_1024__inverted	freq	freq_0.25hz	0.25	freq_1.00hz	1.0	False	0	2.1786749362945557
vggish_tv	richness_real__filter__acid_saw__46_1024__inverted	freq	freq_0.25hz	0.25	freq_2.00hz	2.0	False	0	2.1773345470428467
vggish_tv	richness_real__filter__acid_saw__46_1024__inverted	freq	freq_0.25hz	0.25	freq_4.00hz	4.0	False	0	2.3954849243164062
vggish_tv	richness_real__filter__acid_saw__46_1024__inverted	reg	reg_1.00hz_0.000	0.0	reg_1.00hz_0.000	0.0	True	0	0.0
vggish_tv	richness_real__filter__acid_saw__46_1024__inverted	reg	reg_1.00hz_0.000	0.0	reg_1.00hz_0.125	0.125	False	0	1.02962064743042
vggish_tv	richness_real__filter__acid_saw__46_1024__inverted	reg	reg_1.00hz_0.000	0.0	reg_1.00hz_0.250	0.25	False	0	1.4026861190795898
vggish_tv	richness_real__filter__acid_saw__46_1024__inverted	reg	reg_1.00hz_0.000	0.0	reg_1.00hz_0.375	0.375	False	0	2.0726215839385986
vggish_tv	richness_real__filter__acid_saw__46_1024__inverted	reg	reg_1.00hz_0.000	0.0	reg_1.00hz_0.500	0.5	False	0	2.5445711612701416
vggish_tv	richness_synthetic__256_1024	amp	amp_1.00hz_0.10	0.1	amp_1.00hz_0.10	0.1	True	0	0.0
vggish_tv	richness_synthetic__256_1024	amp	amp_1.00hz_0.10	0.1	amp_1.00hz_0.30	0.3	False	0	0.6656472682952881
vggish_tv	richness_synthetic__256_1024	amp	amp_1.00hz_0.10	0.1	amp_1.00hz_0.50	0.5	False	0	1.231765866279602
vggish_tv	richness_synthetic__256_1024	amp	amp_1.00hz_0.10	0.1	amp_1.00hz_0.70	0.7	False	0	1.9022197723388672
vggish_tv	richness_synthetic__256_1024	amp	amp_1.00hz_0.10	0.1	amp_1.00hz_0.90	0.9	False	0	2.4920406341552734
vggish_tv	richness_synthetic__256_1024	freq	freq_0.25hz	0.25	freq_0.25hz	0.25	True	0	0.0
vggish_tv	richness_synthetic__256_1024	freq	freq_0.25hz	0.25	freq_0.50hz	0.5	False	0	2.2915685176849365
vggish_tv	richness_synthetic__256_1024	freq	freq_0.25hz	0.25	freq_1.00hz	1.0	False	0	2.8293001651763916
vggish_tv	richness_synthetic__256_1024	freq	freq_0.25hz	0.25	freq_2.00hz	2.0	False	0	3.4584903717041016
vggish_tv	richness_synthetic__256_1024	freq	freq_0.25hz	0.25	freq_4.00hz	4.0	False	0	4.065435886383057
vggish_tv	richness_synthetic__256_1024	reg	reg_1.00hz_0.000	0.0	reg_1.00hz_0.000	0.0	True	0	0.0
vggish_tv	richness_synthetic__256_1024	reg	reg_1.00hz_0.000	0.0	reg_1.00hz_0.125	0.125	False	0	0.773553192615509
vggish_tv	richness_synthetic__256_1024	reg	reg_1.00hz_0.000	0.0	reg_1.00hz_0.250	0.25	False	0	1.1737070083618164
vggish_tv	richness_synthetic__256_1024	reg	reg_1.00hz_0.000	0.0	reg_1.00hz_0.375	0.375	False	0	1.80319082736969
vggish_tv	richness_synthetic__256_1024	reg	reg_1.00hz_0.000	0.0	reg_1.00hz_0.500	0.5	False	0	1.9157992601394653
vggish_tv	warmth_real__vintage__logue_saw__166_1024	amp	amp_1.00hz_0.10	0.1	amp_1.00hz_0.10	0.1	True	0	0.0
vggish_tv	warmth_real__vintage__logue_saw__166_1024	amp	amp_1.00hz_0.10	0.1	amp_1.00hz_0.30	0.3	False	0	3.8545002937316895
vggish_tv	warmth_real__vintage__logue_saw__166_1024	amp	amp_1.00hz_0.10	0.1	amp_1.00hz_0.50	0.5	False	0	5.838931560516357
vggish_tv	warmth_real__vintage__logue_saw__166_1024	amp	amp_1.00hz_0.10	0.1	amp_1.00hz_0.70	0.7	False	0	6.20947265625
vggish_tv	warmth_real__vintage__logue_saw__166_1024	amp	amp_1.00hz_0.10	0.1	amp_1.00hz_0.90	0.9	False	0	6.283209323883057
vggish_tv	warmth_real__vintage__logue_saw__166_1024	freq	freq_0.25hz	0.25	freq_0.25hz	0.25	True	0	0.0
vggish_tv	warmth_real__vintage__logue_saw__166_1024	freq	freq_0.25hz	0.25	freq_0.50hz	0.5	False	0	4.106014251708984
vggish_tv	warmth_real__vintage__logue_saw__166_1024	freq	freq_0.25hz	0.25	freq_1.00hz	1.0	False	0	4.33774471282959
vggish_tv	warmth_real__vintage__logue_saw__166_1024	freq	freq_0.25hz	0.25	freq_2.00hz	2.0	False	0	5.348675727844238
vggish_tv	warmth_real__vintage__logue_saw__166_1024	freq	freq_0.25hz	0.25	freq_4.00hz	4.0	False	0	6.477891445159912
vggish_tv	warmth_real__vintage__logue_saw__166_1024	reg	reg_1.00hz_0.000	0.0	reg_1.00hz_0.000	0.0	True	0	0.0
vggish_tv	warmth_real__vintage__logue_saw__166_1024	reg	reg_1.00hz_0.000	0.0	reg_1.00hz_0.125	0.125	False	0	1.135949730873108
vggish_tv	warmth_real__vintage__logue_saw__166_1024	reg	reg_1.00hz_0.000	0.0	reg_1.00hz_0.250	0.25	False	0	2.4282100200653076
vggish_tv	warmth_real__vintage__logue_saw__166_1024	reg	reg_1.00hz_0.000	0.0	reg_1.00hz_0.375	0.375	False	0	2.7938599586486816
vggish_tv	warmth_real__vintage__logue_saw__166_1024	reg	reg_1.00hz_0.000	0.0	reg_1.00hz_0.500	0.5	False	0	2.345949172973633
vggish_tv	warmth_synthetic__256_1024	amp	amp_1.00hz_0.10	0.1	amp_1.00hz_0.10	0.1	True	0	0.0
vggish_tv	warmth_synthetic__256_1024	amp	amp_1.00hz_0.10	0.1	amp_1.00hz_0.30	0.3	False	0	0.4737808406352997
vggish_tv	warmth_synthetic__256_1024	amp	amp_1.00hz_0.10	0.1	amp_1.00hz_0.50	0.5	False	0	1.0646874904632568
vggish_tv	warmth_synthetic__256_1024	amp	amp_1.00hz_0.10	0.1	amp_1.00hz_0.70	0.7	False	0	1.582462191581726
vggish_tv	warmth_synthetic__256_1024	amp	amp_1.00hz_0.10	0.1	amp_1.00hz_0.90	0.9	False	0	2.3671934604644775
vggish_tv	warmth_synthetic__256_1024	freq	freq_0.25hz	0.25	freq_0.25hz	0.25	True	0	0.0
vggish_tv	warmth_synthetic__256_1024	freq	freq_0.25hz	0.25	freq_0.50hz	0.5	False	0	1.3667231798171997
vggish_tv	warmth_synthetic__256_1024	freq	freq_0.25hz	0.25	freq_1.00hz	1.0	False	0	1.5104920864105225
vggish_tv	warmth_synthetic__256_1024	freq	freq_0.25hz	0.25	freq_2.00hz	2.0	False	0	1.7608879804611206
vggish_tv	warmth_synthetic__256_1024	freq	freq_0.25hz	0.25	freq_4.00hz	4.0	False	0	2.0537564754486084
vggish_tv	warmth_synthetic__256_1024	reg	reg_1.00hz_0.000	0.0	reg_1.00hz_0.000	0.0	True	0	0.0
vggish_tv	warmth_synthetic__256_1024	reg	reg_1.00hz_0.000	0.0	reg_1.00hz_0.125	0.125	False	0	0.8914543390274048
vggish_tv	warmth_synthetic__256_1024	reg	reg_1.00hz_0.000	0.0	reg_1.00hz_0.250	0.25	False	0	1.241744041442871
vggish_tv	warmth_synthetic__256_1024	reg	reg_1.00hz_0.000	0.0	reg_1.00hz_0.375	0.375	False	0	1.1604866981506348
vggish_tv	warmth_synthetic__256_1024	reg	reg_1.00hz_0.000	0.0	reg_1.00hz_0.500	0.5	False	0	0.9488545656204224
clap	brightness_real__harmonics__synced_sines__256_1024	amp	amp_1.00hz_0.10	0.1	amp_1.00hz_0.10	0.1	True	0	0.0
clap	brightness_real__harmonics__synced_sines__256_1024	amp	amp_1.00hz_0.10	0.1	amp_1.00hz_0.30	0.3	False	0	15.213815689086914
clap	brightness_real__harmonics__synced_sines__256_1024	amp	amp_1.00hz_0.10	0.1	amp_1.00hz_0.50	0.5	False	0	21.609210968017578
clap	brightness_real__harmonics__synced_sines__256_1024	amp	amp_1.00hz_0.10	0.1	amp_1.00hz_0.70	0.7	False	0	22.12042236328125
clap	brightness_real__harmonics__synced_sines__256_1024	amp	amp_1.00hz_0.10	0.1	amp_1.00hz_0.90	0.9	False	0	23.749385833740234
clap	brightness_real__harmonics__synced_sines__256_1024	freq	freq_0.25hz	0.25	freq_0.25hz	0.25	True	0	0.0
clap	brightness_real__harmonics__synced_sines__256_1024	freq	freq_0.25hz	0.25	freq_0.50hz	0.5	False	0	11.299633979797363
clap	brightness_real__harmonics__synced_sines__256_1024	freq	freq_0.25hz	0.25	freq_1.00hz	1.0	False	0	17.421415328979492
clap	brightness_real__harmonics__synced_sines__256_1024	freq	freq_0.25hz	0.25	freq_2.00hz	2.0	False	0	19.43497085571289
clap	brightness_real__harmonics__synced_sines__256_1024	freq	freq_0.25hz	0.25	freq_4.00hz	4.0	False	0	23.60930633544922
clap	brightness_real__harmonics__synced_sines__256_1024	reg	reg_1.00hz_0.000	0.0	reg_1.00hz_0.000	0.0	True	0	0.0
clap	brightness_real__harmonics__synced_sines__256_1024	reg	reg_1.00hz_0.000	0.0	reg_1.00hz_0.125	0.125	False	0	4.161841869354248
clap	brightness_real__harmonics__synced_sines__256_1024	reg	reg_1.00hz_0.000	0.0	reg_1.00hz_0.250	0.25	False	0	4.501008033752441
clap	brightness_real__harmonics__synced_sines__256_1024	reg	reg_1.00hz_0.000	0.0	reg_1.00hz_0.375	0.375	False	0	6.2241034507751465
clap	brightness_real__harmonics__synced_sines__256_1024	reg	reg_1.00hz_0.000	0.0	reg_1.00hz_0.500	0.5	False	0	6.44520902633667
clap	brightness_synthetic__256_1024	amp	amp_1.00hz_0.10	0.1	amp_1.00hz_0.10	0.1	True	0	0.0
clap	brightness_synthetic__256_1024	amp	amp_1.00hz_0.10	0.1	amp_1.00hz_0.30	0.3	False	0	14.566914558410645
clap	brightness_synthetic__256_1024	amp	amp_1.00hz_0.10	0.1	amp_1.00hz_0.50	0.5	False	0	17.83626365661621
clap	brightness_synthetic__256_1024	amp	amp_1.00hz_0.10	0.1	amp_1.00hz_0.70	0.7	False	0	18.6087646484375
clap	brightness_synthetic__256_1024	amp	amp_1.00hz_0.10	0.1	amp_1.00hz_0.90	0.9	False	0	19.352258682250977
clap	brightness_synthetic__256_1024	freq	freq_0.25hz	0.25	freq_0.25hz	0.25	True	0	0.0
clap	brightness_synthetic__256_1024	freq	freq_0.25hz	0.25	freq_0.50hz	0.5	False	0	8.741591453552246
clap	brightness_synthetic__256_1024	freq	freq_0.25hz	0.25	freq_1.00hz	1.0	False	0	13.192368507385254
clap	brightness_synthetic__256_1024	freq	freq_0.25hz	0.25	freq_2.00hz	2.0	False	0	16.348241806030273
clap	brightness_synthetic__256_1024	freq	freq_0.25hz	0.25	freq_4.00hz	4.0	False	0	19.772350311279297
clap	brightness_synthetic__256_1024	reg	reg_1.00hz_0.000	0.0	reg_1.00hz_0.000	0.0	True	0	0.0
clap	brightness_synthetic__256_1024	reg	reg_1.00hz_0.000	0.0	reg_1.00hz_0.125	0.125	False	0	1.4757654666900635
clap	brightness_synthetic__256_1024	reg	reg_1.00hz_0.000	0.0	reg_1.00hz_0.250	0.25	False	0	1.8082897663116455
clap	brightness_synthetic__256_1024	reg	reg_1.00hz_0.000	0.0	reg_1.00hz_0.375	0.375	False	0	2.4102540016174316
clap	brightness_synthetic__256_1024	reg	reg_1.00hz_0.000	0.0	reg_1.00hz_0.500	0.5	False	0	3.952866554260254
clap	richness_real__filter__acid_saw__46_1024__inverted	amp	amp_1.00hz_0.10	0.1	amp_1.00hz_0.10	0.1	True	0	0.0
clap	richness_real__filter__acid_saw__46_1024__inverted	amp	amp_1.00hz_0.10	0.1	amp_1.00hz_0.30	0.3	False	0	12.462656021118164
clap	richness_real__filter__acid_saw__46_1024__inverted	amp	amp_1.00hz_0.10	0.1	amp_1.00hz_0.50	0.5	False	0	16.708288192749023
clap	richness_real__filter__acid_saw__46_1024__inverted	amp	amp_1.00hz_0.10	0.1	amp_1.00hz_0.70	0.7	False	0	19.130109786987305
clap	richness_real__filter__acid_saw__46_1024__inverted	amp	amp_1.00hz_0.10	0.1	amp_1.00hz_0.90	0.9	False	0	22.500165939331055
clap	richness_real__filter__acid_saw__46_1024__inverted	freq	freq_0.25hz	0.25	freq_0.25hz	0.25	True	0	0.0
clap	richness_real__filter__acid_saw__46_1024__inverted	freq	freq_0.25hz	0.25	freq_0.50hz	0.5	False	0	7.6052093505859375
clap	richness_real__filter__acid_saw__46_1024__inverted	freq	freq_0.25hz	0.25	freq_1.00hz	1.0	False	0	13.927675247192383
clap	richness_real__filter__acid_saw__46_1024__inverted	freq	freq_0.25hz	0.25	freq_2.00hz	2.0	False	0	18.91606330871582
clap	richness_real__filter__acid_saw__46_1024__inverted	freq	freq_0.25hz	0.25	freq_4.00hz	4.0	False	0	21.810562133789062
clap	richness_real__filter__acid_saw__46_1024__inverted	reg	reg_1.00hz_0.000	0.0	reg_1.00hz_0.000	0.0	True	0	0.0
clap	richness_real__filter__acid_saw__46_1024__inverted	reg	reg_1.00hz_0.000	0.0	reg_1.00hz_0.125	0.125	False	0	1.8258531093597412
clap	richness_real__filter__acid_saw__46_1024__inverted	reg	reg_1.00hz_0.000	0.0	reg_1.00hz_0.250	0.25	False	0	2.6911203861236572
clap	richness_real__filter__acid_saw__46_1024__inverted	reg	reg_1.00hz_0.000	0.0	reg_1.00hz_0.375	0.375	False	0	4.170901775360107
clap	richness_real__filter__acid_saw__46_1024__inverted	reg	reg_1.00hz_0.000	0.0	reg_1.00hz_0.500	0.5	False	0	3.8946197032928467
clap	richness_synthetic__256_1024	amp	amp_1.00hz_0.10	0.1	amp_1.00hz_0.10	0.1	True	0	0.0
clap	richness_synthetic__256_1024	amp	amp_1.00hz_0.10	0.1	amp_1.00hz_0.30	0.3	False	0	9.012412071228027
clap	richness_synthetic__256_1024	amp	amp_1.00hz_0.10	0.1	amp_1.00hz_0.50	0.5	False	0	12.947371482849121
clap	richness_synthetic__256_1024	amp	amp_1.00hz_0.10	0.1	amp_1.00hz_0.70	0.7	False	0	14.596811294555664
clap	richness_synthetic__256_1024	amp	amp_1.00hz_0.10	0.1	amp_1.00hz_0.90	0.9	False	0	16.28169059753418
clap	richness_synthetic__256_1024	freq	freq_0.25hz	0.25	freq_0.25hz	0.25	True	0	0.0
clap	richness_synthetic__256_1024	freq	freq_0.25hz	0.25	freq_0.50hz	0.5	False	0	7.396095275878906
clap	richness_synthetic__256_1024	freq	freq_0.25hz	0.25	freq_1.00hz	1.0	False	0	11.629158020019531
clap	richness_synthetic__256_1024	freq	freq_0.25hz	0.25	freq_2.00hz	2.0	False	0	14.95553207397461
clap	richness_synthetic__256_1024	freq	freq_0.25hz	0.25	freq_4.00hz	4.0	False	0	16.2940731048584
clap	richness_synthetic__256_1024	reg	reg_1.00hz_0.000	0.0	reg_1.00hz_0.000	0.0	True	0	0.0
clap	richness_synthetic__256_1024	reg	reg_1.00hz_0.000	0.0	reg_1.00hz_0.125	0.125	False	0	1.622519612312317
clap	richness_synthetic__256_1024	reg	reg_1.00hz_0.000	0.0	reg_1.00hz_0.250	0.25	False	0	2.064096212387085
clap	richness_synthetic__256_1024	reg	reg_1.00hz_0.000	0.0	reg_1.00hz_0.375	0.375	False	0	2.8260843753814697
clap	richness_synthetic__256_1024	reg	reg_1.00hz_0.000	0.0	reg_1.00hz_0.500	0.5	False	0	2.8116002082824707
clap	warmth_real__vintage__logue_saw__166_1024	amp	amp_1.00hz_0.10	0.1	amp_1.00hz_0.10	0.1	True	0	0.0
clap	warmth_real__vintage__logue_saw__166_1024	amp	amp_1.00hz_0.10	0.1	amp_1.00hz_0.30	0.3	False	0	11.673799514770508
clap	warmth_real__vintage__logue_saw__166_1024	amp	amp_1.00hz_0.10	0.1	amp_1.00hz_0.50	0.5	False	0	15.320119857788086
clap	warmth_real__vintage__logue_saw__166_1024	amp	amp_1.00hz_0.10	0.1	amp_1.00hz_0.70	0.7	False	0	15.942115783691406
clap	warmth_real__vintage__logue_saw__166_1024	amp	amp_1.00hz_0.10	0.1	amp_1.00hz_0.90	0.9	False	0	16.088703155517578
clap	warmth_real__vintage__logue_saw__166_1024	freq	freq_0.25hz	0.25	freq_0.25hz	0.25	True	0	0.0
clap	warmth_real__vintage__logue_saw__166_1024	freq	freq_0.25hz	0.25	freq_0.50hz	0.5	False	0	7.3627705574035645
clap	warmth_real__vintage__logue_saw__166_1024	freq	freq_0.25hz	0.25	freq_1.00hz	1.0	False	0	11.426755905151367
clap	warmth_real__vintage__logue_saw__166_1024	freq	freq_0.25hz	0.25	freq_2.00hz	2.0	False	0	18.917448043823242
clap	warmth_real__vintage__logue_saw__166_1024	freq	freq_0.25hz	0.25	freq_4.00hz	4.0	False	0	21.657487869262695
clap	warmth_real__vintage__logue_saw__166_1024	reg	reg_1.00hz_0.000	0.0	reg_1.00hz_0.000	0.0	True	0	0.0
clap	warmth_real__vintage__logue_saw__166_1024	reg	reg_1.00hz_0.000	0.0	reg_1.00hz_0.125	0.125	False	0	1.8800853490829468
clap	warmth_real__vintage__logue_saw__166_1024	reg	reg_1.00hz_0.000	0.0	reg_1.00hz_0.250	0.25	False	0	3.4287924766540527
clap	warmth_real__vintage__logue_saw__166_1024	reg	reg_1.00hz_0.000	0.0	reg_1.00hz_0.375	0.375	False	0	3.0835444927215576
clap	warmth_real__vintage__logue_saw__166_1024	reg	reg_1.00hz_0.000	0.0	reg_1.00hz_0.500	0.5	False	0	4.9621782302856445
clap	warmth_synthetic__256_1024	amp	amp_1.00hz_0.10	0.1	amp_1.00hz_0.10	0.1	True	0	0.0
clap	warmth_synthetic__256_1024	amp	amp_1.00hz_0.10	0.1	amp_1.00hz_0.30	0.3	False	0	0.879946768283844
clap	warmth_synthetic__256_1024	amp	amp_1.00hz_0.10	0.1	amp_1.00hz_0.50	0.5	False	0	2.308929920196533
clap	warmth_synthetic__256_1024	amp	amp_1.00hz_0.10	0.1	amp_1.00hz_0.70	0.7	False	0	5.263797283172607
clap	warmth_synthetic__256_1024	amp	amp_1.00hz_0.10	0.1	amp_1.00hz_0.90	0.9	False	0	8.793862342834473
clap	warmth_synthetic__256_1024	freq	freq_0.25hz	0.25	freq_0.25hz	0.25	True	0	0.0
clap	warmth_synthetic__256_1024	freq	freq_0.25hz	0.25	freq_0.50hz	0.5	False	0	3.619727373123169
clap	warmth_synthetic__256_1024	freq	freq_0.25hz	0.25	freq_1.00hz	1.0	False	0	8.63796329498291
clap	warmth_synthetic__256_1024	freq	freq_0.25hz	0.25	freq_2.00hz	2.0	False	0	12.646133422851562
clap	warmth_synthetic__256_1024	freq	freq_0.25hz	0.25	freq_4.00hz	4.0	False	0	12.832952499389648
clap	warmth_synthetic__256_1024	reg	reg_1.00hz_0.000	0.0	reg_1.00hz_0.000	0.0	True	0	0.0
clap	warmth_synthetic__256_1024	reg	reg_1.00hz_0.000	0.0	reg_1.00hz_0.125	0.125	False	0	0.8934299945831299
clap	warmth_synthetic__256_1024	reg	reg_1.00hz_0.000	0.0	reg_1.00hz_0.250	0.25	False	0	1.590933084487915
clap	warmth_synthetic__256_1024	reg	reg_1.00hz_0.000	0.0	reg_1.00hz_0.375	0.375	False	0	1.8752459287643433
clap	warmth_synthetic__256_1024	reg	reg_1.00hz_0.000	0.0	reg_1.00hz_0.500	0.5	False	0	2.804821014404297
clap2	brightness_real__harmonics__synced_sines__256_1024	amp	amp_1.00hz_0.10	0.1	amp_1.00hz_0.10	0.1	True	0	0.0
clap2	brightness_real__harmonics__synced_sines__256_1024	amp	amp_1.00hz_0.10	0.1	amp_1.00hz_0.30	0.3	False	0	8.41353988647461
clap2	brightness_real__harmonics__synced_sines__256_1024	amp	amp_1.00hz_0.10	0.1	amp_1.00hz_0.50	0.5	False	0	18.324054718017578
clap2	brightness_real__harmonics__synced_sines__256_1024	amp	amp_1.00hz_0.10	0.1	amp_1.00hz_0.70	0.7	False	0	21.869569778442383
clap2	brightness_real__harmonics__synced_sines__256_1024	amp	amp_1.00hz_0.10	0.1	amp_1.00hz_0.90	0.9	False	0	23.57464027404785
clap2	brightness_real__harmonics__synced_sines__256_1024	freq	freq_0.25hz	0.25	freq_0.25hz	0.25	True	0	0.0
clap2	brightness_real__harmonics__synced_sines__256_1024	freq	freq_0.25hz	0.25	freq_0.50hz	0.5	False	0	8.128105163574219
clap2	brightness_real__harmonics__synced_sines__256_1024	freq	freq_0.25hz	0.25	freq_1.00hz	1.0	False	0	15.658031463623047
clap2	brightness_real__harmonics__synced_sines__256_1024	freq	freq_0.25hz	0.25	freq_2.00hz	2.0	False	0	20.239727020263672
clap2	brightness_real__harmonics__synced_sines__256_1024	freq	freq_0.25hz	0.25	freq_4.00hz	4.0	False	0	26.533794403076172
clap2	brightness_real__harmonics__synced_sines__256_1024	reg	reg_1.00hz_0.000	0.0	reg_1.00hz_0.000	0.0	True	0	0.0
clap2	brightness_real__harmonics__synced_sines__256_1024	reg	reg_1.00hz_0.000	0.0	reg_1.00hz_0.125	0.125	False	0	3.9548962116241455
clap2	brightness_real__harmonics__synced_sines__256_1024	reg	reg_1.00hz_0.000	0.0	reg_1.00hz_0.250	0.25	False	0	5.420984745025635
clap2	brightness_real__harmonics__synced_sines__256_1024	reg	reg_1.00hz_0.000	0.0	reg_1.00hz_0.375	0.375	False	0	4.088927745819092
clap2	brightness_real__harmonics__synced_sines__256_1024	reg	reg_1.00hz_0.000	0.0	reg_1.00hz_0.500	0.5	False	0	5.107061386108398
clap2	brightness_synthetic__256_1024	amp	amp_1.00hz_0.10	0.1	amp_1.00hz_0.10	0.1	True	0	0.0
clap2	brightness_synthetic__256_1024	amp	amp_1.00hz_0.10	0.1	amp_1.00hz_0.30	0.3	False	0	7.792398452758789
clap2	brightness_synthetic__256_1024	amp	amp_1.00hz_0.10	0.1	amp_1.00hz_0.50	0.5	False	0	11.79977798461914
clap2	brightness_synthetic__256_1024	amp	amp_1.00hz_0.10	0.1	amp_1.00hz_0.70	0.7	False	0	14.040157318115234
clap2	brightness_synthetic__256_1024	amp	amp_1.00hz_0.10	0.1	amp_1.00hz_0.90	0.9	False	0	15.029762268066406
clap2	brightness_synthetic__256_1024	freq	freq_0.25hz	0.25	freq_0.25hz	0.25	True	0	0.0
clap2	brightness_synthetic__256_1024	freq	freq_0.25hz	0.25	freq_0.50hz	0.5	False	0	6.664191246032715
clap2	brightness_synthetic__256_1024	freq	freq_0.25hz	0.25	freq_1.00hz	1.0	False	0	12.963521003723145
clap2	brightness_synthetic__256_1024	freq	freq_0.25hz	0.25	freq_2.00hz	2.0	False	0	19.01921272277832
clap2	brightness_synthetic__256_1024	freq	freq_0.25hz	0.25	freq_4.00hz	4.0	False	0	21.582691192626953
clap2	brightness_synthetic__256_1024	reg	reg_1.00hz_0.000	0.0	reg_1.00hz_0.000	0.0	True	0	0.0
clap2	brightness_synthetic__256_1024	reg	reg_1.00hz_0.000	0.0	reg_1.00hz_0.125	0.125	False	0	3.0423364639282227
clap2	brightness_synthetic__256_1024	reg	reg_1.00hz_0.000	0.0	reg_1.00hz_0.250	0.25	False	0	4.355042457580566
clap2	brightness_synthetic__256_1024	reg	reg_1.00hz_0.000	0.0	reg_1.00hz_0.375	0.375	False	0	4.463512420654297
clap2	brightness_synthetic__256_1024	reg	reg_1.00hz_0.000	0.0	reg_1.00hz_0.500	0.5	False	0	5.284558296203613
clap2	richness_real__filter__acid_saw__46_1024__inverted	amp	amp_1.00hz_0.10	0.1	amp_1.00hz_0.10	0.1	True	0	0.0
clap2	richness_real__filter__acid_saw__46_1024__inverted	amp	amp_1.00hz_0.10	0.1	amp_1.00hz_0.30	0.3	False	0	3.787824869155884
clap2	richness_real__filter__acid_saw__46_1024__inverted	amp	amp_1.00hz_0.10	0.1	amp_1.00hz_0.50	0.5	False	0	8.637741088867188
clap2	richness_real__filter__acid_saw__46_1024__inverted	amp	amp_1.00hz_0.10	0.1	amp_1.00hz_0.70	0.7	False	0	12.371210098266602
clap2	richness_real__filter__acid_saw__46_1024__inverted	amp	amp_1.00hz_0.10	0.1	amp_1.00hz_0.90	0.9	False	0	18.162933349609375
clap2	richness_real__filter__acid_saw__46_1024__inverted	freq	freq_0.25hz	0.25	freq_0.25hz	0.25	True	0	0.0
clap2	richness_real__filter__acid_saw__46_1024__inverted	freq	freq_0.25hz	0.25	freq_0.50hz	0.5	False	0	5.62424898147583
clap2	richness_real__filter__acid_saw__46_1024__inverted	freq	freq_0.25hz	0.25	freq_1.00hz	1.0	False	0	8.854618072509766
clap2	richness_real__filter__acid_saw__46_1024__inverted	freq	freq_0.25hz	0.25	freq_2.00hz	2.0	False	0	15.422235488891602
clap2	richness_real__filter__acid_saw__46_1024__inverted	freq	freq_0.25hz	0.25	freq_4.00hz	4.0	False	0	18.776952743530273
clap2	richness_real__filter__acid_saw__46_1024__inverted	reg	reg_1.00hz_0.000	0.0	reg_1.00hz_0.000	0.0	True	0	0.0
clap2	richness_real__filter__acid_saw__46_1024__inverted	reg	reg_1.00hz_0.000	0.0	reg_1.00hz_0.125	0.125	False	0	2.7074453830718994
clap2	richness_real__filter__acid_saw__46_1024__inverted	reg	reg_1.00hz_0.000	0.0	reg_1.00hz_0.250	0.25	False	0	3.6101036071777344
clap2	richness_real__filter__acid_saw__46_1024__inverted	reg	reg_1.00hz_0.000	0.0	reg_1.00hz_0.375	0.375	False	0	2.982640266418457
clap2	richness_real__filter__acid_saw__46_1024__inverted	reg	reg_1.00hz_0.000	0.0	reg_1.00hz_0.500	0.5	False	0	2.874501943588257
clap2	richness_synthetic__256_1024	amp	amp_1.00hz_0.10	0.1	amp_1.00hz_0.10	0.1	True	0	0.0
clap2	richness_synthetic__256_1024	amp	amp_1.00hz_0.10	0.1	amp_1.00hz_0.30	0.3	False	0	4.745965957641602
clap2	richness_synthetic__256_1024	amp	amp_1.00hz_0.10	0.1	amp_1.00hz_0.50	0.5	False	0	10.281026840209961
clap2	richness_synthetic__256_1024	amp	amp_1.00hz_0.10	0.1	amp_1.00hz_0.70	0.7	False	0	13.020851135253906
clap2	richness_synthetic__256_1024	amp	amp_1.00hz_0.10	0.1	amp_1.00hz_0.90	0.9	False	0	14.885088920593262
clap2	richness_synthetic__256_1024	freq	freq_0.25hz	0.25	freq_0.25hz	0.25	True	0	0.0
clap2	richness_synthetic__256_1024	freq	freq_0.25hz	0.25	freq_0.50hz	0.5	False	0	5.839271068572998
clap2	richness_synthetic__256_1024	freq	freq_0.25hz	0.25	freq_1.00hz	1.0	False	0	8.6757230758667
clap2	richness_synthetic__256_1024	freq	freq_0.25hz	0.25	freq_2.00hz	2.0	False	0	11.129507064819336
clap2	richness_synthetic__256_1024	freq	freq_0.25hz	0.25	freq_4.00hz	4.0	False	0	15.355368614196777
clap2	richness_synthetic__256_1024	reg	reg_1.00hz_0.000	0.0	reg_1.00hz_0.000	0.0	True	0	0.0
clap2	richness_synthetic__256_1024	reg	reg_1.00hz_0.000	0.0	reg_1.00hz_0.125	0.125	False	0	3.9460196495056152
clap2	richness_synthetic__256_1024	reg	reg_1.00hz_0.000	0.0	reg_1.00hz_0.250	0.25	False	0	4.949329853057861
clap2	richness_synthetic__256_1024	reg	reg_1.00hz_0.000	0.0	reg_1.00hz_0.375	0.375	False	0	5.098658084869385
clap2	richness_synthetic__256_1024	reg	reg_1.00hz_0.000	0.0	reg_1.00hz_0.500	0.5	False	0	4.759731769561768
clap2	warmth_real__vintage__logue_saw__166_1024	amp	amp_1.00hz_0.10	0.1	amp_1.00hz_0.10	0.1	True	0	0.0
clap2	warmth_real__vintage__logue_saw__166_1024	amp	amp_1.00hz_0.10	0.1	amp_1.00hz_0.30	0.3	False	0	10.29920768737793
clap2	warmth_real__vintage__logue_saw__166_1024	amp	amp_1.00hz_0.10	0.1	amp_1.00hz_0.50	0.5	False	0	12.863469123840332
clap2	warmth_real__vintage__logue_saw__166_1024	amp	amp_1.00hz_0.10	0.1	amp_1.00hz_0.70	0.7	False	0	13.568891525268555
clap2	warmth_real__vintage__logue_saw__166_1024	amp	amp_1.00hz_0.10	0.1	amp_1.00hz_0.90	0.9	False	0	15.181985855102539
clap2	warmth_real__vintage__logue_saw__166_1024	freq	freq_0.25hz	0.25	freq_0.25hz	0.25	True	0	0.0
clap2	warmth_real__vintage__logue_saw__166_1024	freq	freq_0.25hz	0.25	freq_0.50hz	0.5	False	0	6.83612060546875
clap2	warmth_real__vintage__logue_saw__166_1024	freq	freq_0.25hz	0.25	freq_1.00hz	1.0	False	0	13.470846176147461
clap2	warmth_real__vintage__logue_saw__166_1024	freq	freq_0.25hz	0.25	freq_2.00hz	2.0	False	0	18.643247604370117
clap2	warmth_real__vintage__logue_saw__166_1024	freq	freq_0.25hz	0.25	freq_4.00hz	4.0	False	0	19.59568977355957
clap2	warmth_real__vintage__logue_saw__166_1024	reg	reg_1.00hz_0.000	0.0	reg_1.00hz_0.000	0.0	True	0	0.0
clap2	warmth_real__vintage__logue_saw__166_1024	reg	reg_1.00hz_0.000	0.0	reg_1.00hz_0.125	0.125	False	0	4.938388347625732
clap2	warmth_real__vintage__logue_saw__166_1024	reg	reg_1.00hz_0.000	0.0	reg_1.00hz_0.250	0.25	False	0	6.1492133140563965
clap2	warmth_real__vintage__logue_saw__166_1024	reg	reg_1.00hz_0.000	0.0	reg_1.00hz_0.375	0.375	False	0	4.841210842132568
clap2	warmth_real__vintage__logue_saw__166_1024	reg	reg_1.00hz_0.000	0.0	reg_1.00hz_0.500	0.5	False	0	5.91049337387085
clap2	warmth_synthetic__256_1024	amp	amp_1.00hz_0.10	0.1	amp_1.00hz_0.10	0.1	True	0	0.0
clap2	warmth_synthetic__256_1024	amp	amp_1.00hz_0.10	0.1	amp_1.00hz_0.30	0.3	False	0	0.7159367203712463
clap2	warmth_synthetic__256_1024	amp	amp_1.00hz_0.10	0.1	amp_1.00hz_0.50	0.5	False	0	1.6175339221954346
clap2	warmth_synthetic__256_1024	amp	amp_1.00hz_0.10	0.1	amp_1.00hz_0.70	0.7	False	0	3.4800543785095215
clap2	warmth_synthetic__256_1024	amp	amp_1.00hz_0.10	0.1	amp_1.00hz_0.90	0.9	False	0	7.3857951164245605
clap2	warmth_synthetic__256_1024	freq	freq_0.25hz	0.25	freq_0.25hz	0.25	True	0	0.0
clap2	warmth_synthetic__256_1024	freq	freq_0.25hz	0.25	freq_0.50hz	0.5	False	0	2.6983351707458496
clap2	warmth_synthetic__256_1024	freq	freq_0.25hz	0.25	freq_1.00hz	1.0	False	0	3.8339641094207764
clap2	warmth_synthetic__256_1024	freq	freq_0.25hz	0.25	freq_2.00hz	2.0	False	0	7.647659778594971
clap2	warmth_synthetic__256_1024	freq	freq_0.25hz	0.25	freq_4.00hz	4.0	False	0	13.23706340789795
clap2	warmth_synthetic__256_1024	reg	reg_1.00hz_0.000	0.0	reg_1.00hz_0.000	0.0	True	0	0.0
clap2	warmth_synthetic__256_1024	reg	reg_1.00hz_0.000	0.0	reg_1.00hz_0.125	0.125	False	0	1.7624372243881226
clap2	warmth_synthetic__256_1024	reg	reg_1.00hz_0.000	0.0	reg_1.00hz_0.250	0.25	False	0	1.7527565956115723
clap2	warmth_synthetic__256_1024	reg	reg_1.00hz_0.000	0.0	reg_1.00hz_0.375	0.375	False	0	1.9544415473937988
clap2	warmth_synthetic__256_1024	reg	reg_1.00hz_0.000	0.0	reg_1.00hz_0.500	0.5	False	0	3.2650840282440186
panns_cnn14_32k	brightness_real__harmonics__synced_sines__256_1024	amp	amp_1.00hz_0.10	0.1	amp_1.00hz_0.10	0.1	True	0	0.0
panns_cnn14_32k	brightness_real__harmonics__synced_sines__256_1024	amp	amp_1.00hz_0.10	0.1	amp_1.00hz_0.30	0.3	False	0	6.081597805023193
panns_cnn14_32k	brightness_real__harmonics__synced_sines__256_1024	amp	amp_1.00hz_0.10	0.1	amp_1.00hz_0.50	0.5	False	0	8.352319717407227
panns_cnn14_32k	brightness_real__harmonics__synced_sines__256_1024	amp	amp_1.00hz_0.10	0.1	amp_1.00hz_0.70	0.7	False	0	9.471783638000488
panns_cnn14_32k	brightness_real__harmonics__synced_sines__256_1024	amp	amp_1.00hz_0.10	0.1	amp_1.00hz_0.90	0.9	False	0	9.728226661682129
panns_cnn14_32k	brightness_real__harmonics__synced_sines__256_1024	freq	freq_0.25hz	0.25	freq_0.25hz	0.25	True	0	0.0
panns_cnn14_32k	brightness_real__harmonics__synced_sines__256_1024	freq	freq_0.25hz	0.25	freq_0.50hz	0.5	False	0	5.454731464385986
panns_cnn14_32k	brightness_real__harmonics__synced_sines__256_1024	freq	freq_0.25hz	0.25	freq_1.00hz	1.0	False	0	6.301139831542969
panns_cnn14_32k	brightness_real__harmonics__synced_sines__256_1024	freq	freq_0.25hz	0.25	freq_2.00hz	2.0	False	0	7.590904235839844
panns_cnn14_32k	brightness_real__harmonics__synced_sines__256_1024	freq	freq_0.25hz	0.25	freq_4.00hz	4.0	False	0	8.664552688598633
panns_cnn14_32k	brightness_real__harmonics__synced_sines__256_1024	reg	reg_1.00hz_0.000	0.0	reg_1.00hz_0.000	0.0	True	0	0.0
panns_cnn14_32k	brightness_real__harmonics__synced_sines__256_1024	reg	reg_1.00hz_0.000	0.0	reg_1.00hz_0.125	0.125	False	0	1.3765565156936646
panns_cnn14_32k	brightness_real__harmonics__synced_sines__256_1024	reg	reg_1.00hz_0.000	0.0	reg_1.00hz_0.250	0.25	False	0	1.51178777217865
panns_cnn14_32k	brightness_real__harmonics__synced_sines__256_1024	reg	reg_1.00hz_0.000	0.0	reg_1.00hz_0.375	0.375	False	0	2.7475368976593018
panns_cnn14_32k	brightness_real__harmonics__synced_sines__256_1024	reg	reg_1.00hz_0.000	0.0	reg_1.00hz_0.500	0.5	False	0	3.2686214447021484
panns_cnn14_32k	brightness_synthetic__256_1024	amp	amp_1.00hz_0.10	0.1	amp_1.00hz_0.10	0.1	True	0	0.0
panns_cnn14_32k	brightness_synthetic__256_1024	amp	amp_1.00hz_0.10	0.1	amp_1.00hz_0.30	0.3	False	0	5.4628705978393555
panns_cnn14_32k	brightness_synthetic__256_1024	amp	amp_1.00hz_0.10	0.1	amp_1.00hz_0.50	0.5	False	0	6.853697299957275
panns_cnn14_32k	brightness_synthetic__256_1024	amp	amp_1.00hz_0.10	0.1	amp_1.00hz_0.70	0.7	False	0	8.163432121276855
panns_cnn14_32k	brightness_synthetic__256_1024	amp	amp_1.00hz_0.10	0.1	amp_1.00hz_0.90	0.9	False	0	9.663009643554688
panns_cnn14_32k	brightness_synthetic__256_1024	freq	freq_0.25hz	0.25	freq_0.25hz	0.25	True	0	0.0
panns_cnn14_32k	brightness_synthetic__256_1024	freq	freq_0.25hz	0.25	freq_0.50hz	0.5	False	0	4.698791027069092
panns_cnn14_32k	brightness_synthetic__256_1024	freq	freq_0.25hz	0.25	freq_1.00hz	1.0	False	0	7.555539608001709
panns_cnn14_32k	brightness_synthetic__256_1024	freq	freq_0.25hz	0.25	freq_2.00hz	2.0	False	0	9.723698616027832
panns_cnn14_32k	brightness_synthetic__256_1024	freq	freq_0.25hz	0.25	freq_4.00hz	4.0	False	0	12.983438491821289
panns_cnn14_32k	brightness_synthetic__256_1024	reg	reg_1.00hz_0.000	0.0	reg_1.00hz_0.000	0.0	True	0	0.0
panns_cnn14_32k	brightness_synthetic__256_1024	reg	reg_1.00hz_0.000	0.0	reg_1.00hz_0.125	0.125	False	0	0.6810172200202942
panns_cnn14_32k	brightness_synthetic__256_1024	reg	reg_1.00hz_0.000	0.0	reg_1.00hz_0.250	0.25	False	0	1.118794560432434
panns_cnn14_32k	brightness_synthetic__256_1024	reg	reg_1.00hz_0.000	0.0	reg_1.00hz_0.375	0.375	False	0	1.6799304485321045
panns_cnn14_32k	brightness_synthetic__256_1024	reg	reg_1.00hz_0.000	0.0	reg_1.00hz_0.500	0.5	False	0	2.327664375305176
panns_cnn14_32k	richness_real__filter__acid_saw__46_1024__inverted	amp	amp_1.00hz_0.10	0.1	amp_1.00hz_0.10	0.1	True	0	0.0
panns_cnn14_32k	richness_real__filter__acid_saw__46_1024__inverted	amp	amp_1.00hz_0.10	0.1	amp_1.00hz_0.30	0.3	False	0	1.1704332828521729
panns_cnn14_32k	richness_real__filter__acid_saw__46_1024__inverted	amp	amp_1.00hz_0.10	0.1	amp_1.00hz_0.50	0.5	False	0	1.9016932249069214
panns_cnn14_32k	richness_real__filter__acid_saw__46_1024__inverted	amp	amp_1.00hz_0.10	0.1	amp_1.00hz_0.70	0.7	False	0	2.8585782051086426
panns_cnn14_32k	richness_real__filter__acid_saw__46_1024__inverted	amp	amp_1.00hz_0.10	0.1	amp_1.00hz_0.90	0.9	False	0	2.944019079208374
panns_cnn14_32k	richness_real__filter__acid_saw__46_1024__inverted	freq	freq_0.25hz	0.25	freq_0.25hz	0.25	True	0	0.0
panns_cnn14_32k	richness_real__filter__acid_saw__46_1024__inverted	freq	freq_0.25hz	0.25	freq_0.50hz	0.5	False	0	1.6153020858764648
panns_cnn14_32k	richness_real__filter__acid_saw__46_1024__inverted	freq	freq_0.25hz	0.25	freq_1.00hz	1.0	False	0	4.286980628967285
panns_cnn14_32k	richness_real__filter__acid_saw__46_1024__inverted	freq	freq_0.25hz	0.25	freq_2.00hz	2.0	False	0	5.636643409729004
panns_cnn14_32k	richness_real__filter__acid_saw__46_1024__inverted	freq	freq_0.25hz	0.25	freq_4.00hz	4.0	False	0	6.532719135284424
panns_cnn14_32k	richness_real__filter__acid_saw__46_1024__inverted	reg	reg_1.00hz_0.000	0.0	reg_1.00hz_0.000	0.0	True	0	0.0
panns_cnn14_32k	richness_real__filter__acid_saw__46_1024__inverted	reg	reg_1.00hz_0.000	0.0	reg_1.00hz_0.125	0.125	False	0	0.4699600636959076
panns_cnn14_32k	richness_real__filter__acid_saw__46_1024__inverted	reg	reg_1.00hz_0.000	0.0	reg_1.00hz_0.250	0.25	False	0	1.0031280517578125
panns_cnn14_32k	richness_real__filter__acid_saw__46_1024__inverted	reg	reg_1.00hz_0.000	0.0	reg_1.00hz_0.375	0.375	False	0	1.2508103847503662
panns_cnn14_32k	richness_real__filter__acid_saw__46_1024__inverted	reg	reg_1.00hz_0.000	0.0	reg_1.00hz_0.500	0.5	False	0	1.2944214344024658
panns_cnn14_32k	richness_synthetic__256_1024	amp	amp_1.00hz_0.10	0.1	amp_1.00hz_0.10	0.1	True	0	0.0
panns_cnn14_32k	richness_synthetic__256_1024	amp	amp_1.00hz_0.10	0.1	amp_1.00hz_0.30	0.3	False	0	3.0360114574432373
panns_cnn14_32k	richness_synthetic__256_1024	amp	amp_1.00hz_0.10	0.1	amp_1.00hz_0.50	0.5	False	0	4.983145713806152
panns_cnn14_32k	richness_synthetic__256_1024	amp	amp_1.00hz_0.10	0.1	amp_1.00hz_0.70	0.7	False	0	6.361424922943115
panns_cnn14_32k	richness_synthetic__256_1024	amp	amp_1.00hz_0.10	0.1	amp_1.00hz_0.90	0.9	False	0	7.436763763427734
panns_cnn14_32k	richness_synthetic__256_1024	freq	freq_0.25hz	0.25	freq_0.25hz	0.25	True	0	0.0
panns_cnn14_32k	richness_synthetic__256_1024	freq	freq_0.25hz	0.25	freq_0.50hz	0.5	False	0	4.335282802581787
panns_cnn14_32k	richness_synthetic__256_1024	freq	freq_0.25hz	0.25	freq_1.00hz	1.0	False	0	7.309028148651123
panns_cnn14_32k	richness_synthetic__256_1024	freq	freq_0.25hz	0.25	freq_2.00hz	2.0	False	0	9.33649730682373
panns_cnn14_32k	richness_synthetic__256_1024	freq	freq_0.25hz	0.25	freq_4.00hz	4.0	False	0	9.062630653381348
panns_cnn14_32k	richness_synthetic__256_1024	reg	reg_1.00hz_0.000	0.0	reg_1.00hz_0.000	0.0	True	0	0.0
panns_cnn14_32k	richness_synthetic__256_1024	reg	reg_1.00hz_0.000	0.0	reg_1.00hz_0.125	0.125	False	0	0.6319195032119751
panns_cnn14_32k	richness_synthetic__256_1024	reg	reg_1.00hz_0.000	0.0	reg_1.00hz_0.250	0.25	False	0	1.0675742626190186
panns_cnn14_32k	richness_synthetic__256_1024	reg	reg_1.00hz_0.000	0.0	reg_1.00hz_0.375	0.375	False	0	1.7004826068878174
panns_cnn14_32k	richness_synthetic__256_1024	reg	reg_1.00hz_0.000	0.0	reg_1.00hz_0.500	0.5	False	0	2.42055606842041
panns_cnn14_32k	warmth_real__vintage__logue_saw__166_1024	amp	amp_1.00hz_0.10	0.1	amp_1.00hz_0.10	0.1	True	0	0.0
panns_cnn14_32k	warmth_real__vintage__logue_saw__166_1024	amp	amp_1.00hz_0.10	0.1	amp_1.00hz_0.30	0.3	False	0	6.293342113494873
panns_cnn14_32k	warmth_real__vintage__logue_saw__166_1024	amp	amp_1.00hz_0.10	0.1	amp_1.00hz_0.50	0.5	False	0	6.568981170654297
panns_cnn14_32k	warmth_real__vintage__logue_saw__166_1024	amp	amp_1.00hz_0.10	0.1	amp_1.00hz_0.70	0.7	False	0	6.997670650482178
panns_cnn14_32k	warmth_real__vintage__logue_saw__166_1024	amp	amp_1.00hz_0.10	0.1	amp_1.00hz_0.90	0.9	False	0	7.180012226104736
panns_cnn14_32k	warmth_real__vintage__logue_saw__166_1024	freq	freq_0.25hz	0.25	freq_0.25hz	0.25	True	0	0.0
panns_cnn14_32k	warmth_real__vintage__logue_saw__166_1024	freq	freq_0.25hz	0.25	freq_0.50hz	0.5	False	0	4.788639545440674
panns_cnn14_32k	warmth_real__vintage__logue_saw__166_1024	freq	freq_0.25hz	0.25	freq_1.00hz	1.0	False	0	5.82849645614624
panns_cnn14_32k	warmth_real__vintage__logue_saw__166_1024	freq	freq_0.25hz	0.25	freq_2.00hz	2.0	False	0	6.044397354125977
panns_cnn14_32k	warmth_real__vintage__logue_saw__166_1024	freq	freq_0.25hz	0.25	freq_4.00hz	4.0	False	0	7.7444915771484375
panns_cnn14_32k	warmth_real__vintage__logue_saw__166_1024	reg	reg_1.00hz_0.000	0.0	reg_1.00hz_0.000	0.0	True	0	0.0
panns_cnn14_32k	warmth_real__vintage__logue_saw__166_1024	reg	reg_1.00hz_0.000	0.0	reg_1.00hz_0.125	0.125	False	0	0.9998438954353333
panns_cnn14_32k	warmth_real__vintage__logue_saw__166_1024	reg	reg_1.00hz_0.000	0.0	reg_1.00hz_0.250	0.25	False	0	1.205495834350586
panns_cnn14_32k	warmth_real__vintage__logue_saw__166_1024	reg	reg_1.00hz_0.000	0.0	reg_1.00hz_0.375	0.375	False	0	1.5844298601150513
panns_cnn14_32k	warmth_real__vintage__logue_saw__166_1024	reg	reg_1.00hz_0.000	0.0	reg_1.00hz_0.500	0.5	False	0	2.08457350730896
panns_cnn14_32k	warmth_synthetic__256_1024	amp	amp_1.00hz_0.10	0.1	amp_1.00hz_0.10	0.1	True	0	0.0
panns_cnn14_32k	warmth_synthetic__256_1024	amp	amp_1.00hz_0.10	0.1	amp_1.00hz_0.30	0.3	False	0	0.25996333360671997
panns_cnn14_32k	warmth_synthetic__256_1024	amp	amp_1.00hz_0.10	0.1	amp_1.00hz_0.50	0.5	False	0	0.9080753922462463
panns_cnn14_32k	warmth_synthetic__256_1024	amp	amp_1.00hz_0.10	0.1	amp_1.00hz_0.70	0.7	False	0	2.3289756774902344
panns_cnn14_32k	warmth_synthetic__256_1024	amp	amp_1.00hz_0.10	0.1	amp_1.00hz_0.90	0.9	False	0	6.134984970092773
panns_cnn14_32k	warmth_synthetic__256_1024	freq	freq_0.25hz	0.25	freq_0.25hz	0.25	True	0	0.0
panns_cnn14_32k	warmth_synthetic__256_1024	freq	freq_0.25hz	0.25	freq_0.50hz	0.5	False	0	3.464322566986084
panns_cnn14_32k	warmth_synthetic__256_1024	freq	freq_0.25hz	0.25	freq_1.00hz	1.0	False	0	6.0466227531433105
panns_cnn14_32k	warmth_synthetic__256_1024	freq	freq_0.25hz	0.25	freq_2.00hz	2.0	False	0	7.145017623901367
panns_cnn14_32k	warmth_synthetic__256_1024	freq	freq_0.25hz	0.25	freq_4.00hz	4.0	False	0	7.616711616516113
panns_cnn14_32k	warmth_synthetic__256_1024	reg	reg_1.00hz_0.000	0.0	reg_1.00hz_0.000	0.0	True	0	0.0
panns_cnn14_32k	warmth_synthetic__256_1024	reg	reg_1.00hz_0.000	0.0	reg_1.00hz_0.125	0.125	False	0	0.39131811261177063
panns_cnn14_32k	warmth_synthetic__256_1024	reg	reg_1.00hz_0.000	0.0	reg_1.00hz_0.250	0.25	False	0	0.6928026676177979
panns_cnn14_32k	warmth_synthetic__256_1024	reg	reg_1.00hz_0.000	0.0	reg_1.00hz_0.375	0.375	False	0	1.1101627349853516
panns_cnn14_32k	warmth_synthetic__256_1024	reg	reg_1.00hz_0.000	0.0	reg_1.00hz_0.500	0.5	False	0	1.4954838752746582
panns_wavegram_logmel	brightness_real__harmonics__synced_sines__256_1024	amp	amp_1.00hz_0.10	0.1	amp_1.00hz_0.10	0.1	True	0	0.0
panns_wavegram_logmel	brightness_real__harmonics__synced_sines__256_1024	amp	amp_1.00hz_0.10	0.1	amp_1.00hz_0.30	0.3	False	0	5.494843482971191
panns_wavegram_logmel	brightness_real__harmonics__synced_sines__256_1024	amp	amp_1.00hz_0.10	0.1	amp_1.00hz_0.50	0.5	False	0	10.2328462600708
panns_wavegram_logmel	brightness_real__harmonics__synced_sines__256_1024	amp	amp_1.00hz_0.10	0.1	amp_1.00hz_0.70	0.7	False	0	11.452400207519531
panns_wavegram_logmel	brightness_real__harmonics__synced_sines__256_1024	amp	amp_1.00hz_0.10	0.1	amp_1.00hz_0.90	0.9	False	0	12.050346374511719
panns_wavegram_logmel	brightness_real__harmonics__synced_sines__256_1024	freq	freq_0.25hz	0.25	freq_0.25hz	0.25	True	0	0.0
panns_wavegram_logmel	brightness_real__harmonics__synced_sines__256_1024	freq	freq_0.25hz	0.25	freq_0.50hz	0.5	False	0	4.6296067237854
panns_wavegram_logmel	brightness_real__harmonics__synced_sines__256_1024	freq	freq_0.25hz	0.25	freq_1.00hz	1.0	False	0	6.705406188964844
panns_wavegram_logmel	brightness_real__harmonics__synced_sines__256_1024	freq	freq_0.25hz	0.25	freq_2.00hz	2.0	False	0	7.143242359161377
panns_wavegram_logmel	brightness_real__harmonics__synced_sines__256_1024	freq	freq_0.25hz	0.25	freq_4.00hz	4.0	False	0	6.9124627113342285
panns_wavegram_logmel	brightness_real__harmonics__synced_sines__256_1024	reg	reg_1.00hz_0.000	0.0	reg_1.00hz_0.000	0.0	True	0	0.0
panns_wavegram_logmel	brightness_real__harmonics__synced_sines__256_1024	reg	reg_1.00hz_0.000	0.0	reg_1.00hz_0.125	0.125	False	0	1.0224889516830444
panns_wavegram_logmel	brightness_real__harmonics__synced_sines__256_1024	reg	reg_1.00hz_0.000	0.0	reg_1.00hz_0.250	0.25	False	0	1.304415225982666
panns_wavegram_logmel	brightness_real__harmonics__synced_sines__256_1024	reg	reg_1.00hz_0.000	0.0	reg_1.00hz_0.375	0.375	False	0	1.6843526363372803
panns_wavegram_logmel	brightness_real__harmonics__synced_sines__256_1024	reg	reg_1.00hz_0.000	0.0	reg_1.00hz_0.500	0.5	False	0	2.132436752319336
panns_wavegram_logmel	brightness_synthetic__256_1024	amp	amp_1.00hz_0.10	0.1	amp_1.00hz_0.10	0.1	True	0	0.0
panns_wavegram_logmel	brightness_synthetic__256_1024	amp	amp_1.00hz_0.10	0.1	amp_1.00hz_0.30	0.3	False	0	8.218668937683105
panns_wavegram_logmel	brightness_synthetic__256_1024	amp	amp_1.00hz_0.10	0.1	amp_1.00hz_0.50	0.5	False	0	10.10046672821045
panns_wavegram_logmel	brightness_synthetic__256_1024	amp	amp_1.00hz_0.10	0.1	amp_1.00hz_0.70	0.7	False	0	10.466355323791504
panns_wavegram_logmel	brightness_synthetic__256_1024	amp	amp_1.00hz_0.10	0.1	amp_1.00hz_0.90	0.9	False	0	11.264981269836426
panns_wavegram_logmel	brightness_synthetic__256_1024	freq	freq_0.25hz	0.25	freq_0.25hz	0.25	True	0	0.0
panns_wavegram_logmel	brightness_synthetic__256_1024	freq	freq_0.25hz	0.25	freq_0.50hz	0.5	False	0	4.7439866065979
panns_wavegram_logmel	brightness_synthetic__256_1024	freq	freq_0.25hz	0.25	freq_1.00hz	1.0	False	0	5.330426216125488
panns_wavegram_logmel	brightness_synthetic__256_1024	freq	freq_0.25hz	0.25	freq_2.00hz	2.0	False	0	7.725939750671387
panns_wavegram_logmel	brightness_synthetic__256_1024	freq	freq_0.25hz	0.25	freq_4.00hz	4.0	False	0	7.637045383453369
panns_wavegram_logmel	brightness_synthetic__256_1024	reg	reg_1.00hz_0.000	0.0	reg_1.00hz_0.000	0.0	True	0	0.0
panns_wavegram_logmel	brightness_synthetic__256_1024	reg	reg_1.00hz_0.000	0.0	reg_1.00hz_0.125	0.125	False	0	0.661011815071106
panns_wavegram_logmel	brightness_synthetic__256_1024	reg	reg_1.00hz_0.000	0.0	reg_1.00hz_0.250	0.25	False	0	1.1189900636672974
panns_wavegram_logmel	brightness_synthetic__256_1024	reg	reg_1.00hz_0.000	0.0	reg_1.00hz_0.375	0.375	False	0	1.5371811389923096
panns_wavegram_logmel	brightness_synthetic__256_1024	reg	reg_1.00hz_0.000	0.0	reg_1.00hz_0.500	0.5	False	0	2.1583423614501953
panns_wavegram_logmel	richness_real__filter__acid_saw__46_1024__inverted	amp	amp_1.00hz_0.10	0.1	amp_1.00hz_0.10	0.1	True	0	0.0
panns_wavegram_logmel	richness_real__filter__acid_saw__46_1024__inverted	amp	amp_1.00hz_0.10	0.1	amp_1.00hz_0.30	0.3	False	0	0.6132574677467346
panns_wavegram_logmel	richness_real__filter__acid_saw__46_1024__inverted	amp	amp_1.00hz_0.10	0.1	amp_1.00hz_0.50	0.5	False	0	1.38494873046875
panns_wavegram_logmel	richness_real__filter__acid_saw__46_1024__inverted	amp	amp_1.00hz_0.10	0.1	amp_1.00hz_0.70	0.7	False	0	2.352118730545044
panns_wavegram_logmel	richness_real__filter__acid_saw__46_1024__inverted	amp	amp_1.00hz_0.10	0.1	amp_1.00hz_0.90	0.9	False	0	3.312654972076416
panns_wavegram_logmel	richness_real__filter__acid_saw__46_1024__inverted	freq	freq_0.25hz	0.25	freq_0.25hz	0.25	True	0	0.0
panns_wavegram_logmel	richness_real__filter__acid_saw__46_1024__inverted	freq	freq_0.25hz	0.25	freq_0.50hz	0.5	False	0	1.9139628410339355
panns_wavegram_logmel	richness_real__filter__acid_saw__46_1024__inverted	freq	freq_0.25hz	0.25	freq_1.00hz	1.0	False	0	3.7272794246673584
panns_wavegram_logmel	richness_real__filter__acid_saw__46_1024__inverted	freq	freq_0.25hz	0.25	freq_2.00hz	2.0	False	0	4.6914520263671875
panns_wavegram_logmel	richness_real__filter__acid_saw__46_1024__inverted	freq	freq_0.25hz	0.25	freq_4.00hz	4.0	False	0	4.654575347900391
panns_wavegram_logmel	richness_real__filter__acid_saw__46_1024__inverted	reg	reg_1.00hz_0.000	0.0	reg_1.00hz_0.000	0.0	True	0	0.0
panns_wavegram_logmel	richness_real__filter__acid_saw__46_1024__inverted	reg	reg_1.00hz_0.000	0.0	reg_1.00hz_0.125	0.125	False	0	0.43825387954711914
panns_wavegram_logmel	richness_real__filter__acid_saw__46_1024__inverted	reg	reg_1.00hz_0.000	0.0	reg_1.00hz_0.250	0.25	False	0	0.8773268461227417
panns_wavegram_logmel	richness_real__filter__acid_saw__46_1024__inverted	reg	reg_1.00hz_0.000	0.0	reg_1.00hz_0.375	0.375	False	0	1.1807364225387573
panns_wavegram_logmel	richness_real__filter__acid_saw__46_1024__inverted	reg	reg_1.00hz_0.000	0.0	reg_1.00hz_0.500	0.5	False	0	1.5018519163131714
panns_wavegram_logmel	richness_synthetic__256_1024	amp	amp_1.00hz_0.10	0.1	amp_1.00hz_0.10	0.1	True	0	0.0
panns_wavegram_logmel	richness_synthetic__256_1024	amp	amp_1.00hz_0.10	0.1	amp_1.00hz_0.30	0.3	False	0	2.85721755027771
panns_wavegram_logmel	richness_synthetic__256_1024	amp	amp_1.00hz_0.10	0.1	amp_1.00hz_0.50	0.5	False	0	6.373048782348633
panns_wavegram_logmel	richness_synthetic__256_1024	amp	amp_1.00hz_0.10	0.1	amp_1.00hz_0.70	0.7	False	0	7.774403095245361
panns_wavegram_logmel	richness_synthetic__256_1024	amp	amp_1.00hz_0.10	0.1	amp_1.00hz_0.90	0.9	False	0	8.060386657714844
panns_wavegram_logmel	richness_synthetic__256_1024	freq	freq_0.25hz	0.25	freq_0.25hz	0.25	True	0	0.0
panns_wavegram_logmel	richness_synthetic__256_1024	freq	freq_0.25hz	0.25	freq_0.50hz	0.5	False	0	3.8620188236236572
panns_wavegram_logmel	richness_synthetic__256_1024	freq	freq_0.25hz	0.25	freq_1.00hz	1.0	False	0	7.402573108673096
panns_wavegram_logmel	richness_synthetic__256_1024	freq	freq_0.25hz	0.25	freq_2.00hz	2.0	False	0	7.934654712677002
panns_wavegram_logmel	richness_synthetic__256_1024	freq	freq_0.25hz	0.25	freq_4.00hz	4.0	False	0	9.098980903625488
panns_wavegram_logmel	richness_synthetic__256_1024	reg	reg_1.00hz_0.000	0.0	reg_1.00hz_0.000	0.0	True	0	0.0
panns_wavegram_logmel	richness_synthetic__256_1024	reg	reg_1.00hz_0.000	0.0	reg_1.00hz_0.125	0.125	False	0	0.6834790110588074
panns_wavegram_logmel	richness_synthetic__256_1024	reg	reg_1.00hz_0.000	0.0	reg_1.00hz_0.250	0.25	False	0	0.9007185697555542
panns_wavegram_logmel	richness_synthetic__256_1024	reg	reg_1.00hz_0.000	0.0	reg_1.00hz_0.375	0.375	False	0	1.3800612688064575
panns_wavegram_logmel	richness_synthetic__256_1024	reg	reg_1.00hz_0.000	0.0	reg_1.00hz_0.500	0.5	False	0	1.8890146017074585
panns_wavegram_logmel	warmth_real__vintage__logue_saw__166_1024	amp	amp_1.00hz_0.10	0.1	amp_1.00hz_0.10	0.1	True	0	0.0
panns_wavegram_logmel	warmth_real__vintage__logue_saw__166_1024	amp	amp_1.00hz_0.10	0.1	amp_1.00hz_0.30	0.3	False	0	4.303147792816162
panns_wavegram_logmel	warmth_real__vintage__logue_saw__166_1024	amp	amp_1.00hz_0.10	0.1	amp_1.00hz_0.50	0.5	False	0	5.2978339195251465
panns_wavegram_logmel	warmth_real__vintage__logue_saw__166_1024	amp	amp_1.00hz_0.10	0.1	amp_1.00hz_0.70	0.7	False	0	5.7144389152526855
panns_wavegram_logmel	warmth_real__vintage__logue_saw__166_1024	amp	amp_1.00hz_0.10	0.1	amp_1.00hz_0.90	0.9	False	0	5.529951095581055
panns_wavegram_logmel	warmth_real__vintage__logue_saw__166_1024	freq	freq_0.25hz	0.25	freq_0.25hz	0.25	True	0	0.0
panns_wavegram_logmel	warmth_real__vintage__logue_saw__166_1024	freq	freq_0.25hz	0.25	freq_0.50hz	0.5	False	0	3.1102821826934814
panns_wavegram_logmel	warmth_real__vintage__logue_saw__166_1024	freq	freq_0.25hz	0.25	freq_1.00hz	1.0	False	0	5.088992118835449
panns_wavegram_logmel	warmth_real__vintage__logue_saw__166_1024	freq	freq_0.25hz	0.25	freq_2.00hz	2.0	False	0	5.862676620483398
panns_wavegram_logmel	warmth_real__vintage__logue_saw__166_1024	freq	freq_0.25hz	0.25	freq_4.00hz	4.0	False	0	6.113394737243652
panns_wavegram_logmel	warmth_real__vintage__logue_saw__166_1024	reg	reg_1.00hz_0.000	0.0	reg_1.00hz_0.000	0.0	True	0	0.0
panns_wavegram_logmel	warmth_real__vintage__logue_saw__166_1024	reg	reg_1.00hz_0.000	0.0	reg_1.00hz_0.125	0.125	False	0	0.6967801451683044
panns_wavegram_logmel	warmth_real__vintage__logue_saw__166_1024	reg	reg_1.00hz_0.000	0.0	reg_1.00hz_0.250	0.25	False	0	1.0883058309555054
panns_wavegram_logmel	warmth_real__vintage__logue_saw__166_1024	reg	reg_1.00hz_0.000	0.0	reg_1.00hz_0.375	0.375	False	0	1.30936598777771
panns_wavegram_logmel	warmth_real__vintage__logue_saw__166_1024	reg	reg_1.00hz_0.000	0.0	reg_1.00hz_0.500	0.5	False	0	1.39888596534729
panns_wavegram_logmel	warmth_synthetic__256_1024	amp	amp_1.00hz_0.10	0.1	amp_1.00hz_0.10	0.1	True	0	0.0
panns_wavegram_logmel	warmth_synthetic__256_1024	amp	amp_1.00hz_0.10	0.1	amp_1.00hz_0.30	0.3	False	0	0.23154358565807343
panns_wavegram_logmel	warmth_synthetic__256_1024	amp	amp_1.00hz_0.10	0.1	amp_1.00hz_0.50	0.5	False	0	0.6806280612945557
panns_wavegram_logmel	warmth_synthetic__256_1024	amp	amp_1.00hz_0.10	0.1	amp_1.00hz_0.70	0.7	False	0	1.3319902420043945
panns_wavegram_logmel	warmth_synthetic__256_1024	amp	amp_1.00hz_0.10	0.1	amp_1.00hz_0.90	0.9	False	0	1.9492466449737549
panns_wavegram_logmel	warmth_synthetic__256_1024	freq	freq_0.25hz	0.25	freq_0.25hz	0.25	True	0	0.0
panns_wavegram_logmel	warmth_synthetic__256_1024	freq	freq_0.25hz	0.25	freq_0.50hz	0.5	False	0	0.6086573004722595
panns_wavegram_logmel	warmth_synthetic__256_1024	freq	freq_0.25hz	0.25	freq_1.00hz	1.0	False	0	1.0679666996002197
panns_wavegram_logmel	warmth_synthetic__256_1024	freq	freq_0.25hz	0.25	freq_2.00hz	2.0	False	0	2.307840585708618
panns_wavegram_logmel	warmth_synthetic__256_1024	freq	freq_0.25hz	0.25	freq_4.00hz	4.0	False	0	3.1784634590148926
panns_wavegram_logmel	warmth_synthetic__256_1024	reg	reg_1.00hz_0.000	0.0	reg_1.00hz_0.000	0.0	True	0	0.0
panns_wavegram_logmel	warmth_synthetic__256_1024	reg	reg_1.00hz_0.000	0.0	reg_1.00hz_0.125	0.125	False	0	0.18701878190040588
panns_wavegram_logmel	warmth_synthetic__256_1024	reg	reg_1.00hz_0.000	0.0	reg_1.00hz_0.250	0.25	False	0	0.2813628017902374
panns_wavegram_logmel	warmth_synthetic__256_1024	reg	reg_1.00hz_0.000	0.0	reg_1.00hz_0.375	0.375	False	0	0.4627113938331604
panns_wavegram_logmel	warmth_synthetic__256_1024	reg	reg_1.00hz_0.000	0.0	reg_1.00hz_0.500	0.5	False	0	0.6395229697227478
encodec48	brightness_real__harmonics__synced_sines__256_1024	amp	amp_1.00hz_0.10	0.1	amp_1.00hz_0.10	0.1	True	0	0.0
encodec48	brightness_real__harmonics__synced_sines__256_1024	amp	amp_1.00hz_0.10	0.1	amp_1.00hz_0.30	0.3	False	0	0.14988760650157928
encodec48	brightness_real__harmonics__synced_sines__256_1024	amp	amp_1.00hz_0.10	0.1	amp_1.00hz_0.50	0.5	False	0	0.3388514816761017
encodec48	brightness_real__harmonics__synced_sines__256_1024	amp	amp_1.00hz_0.10	0.1	amp_1.00hz_0.70	0.7	False	0	0.30758318305015564
encodec48	brightness_real__harmonics__synced_sines__256_1024	amp	amp_1.00hz_0.10	0.1	amp_1.00hz_0.90	0.9	False	0	0.5110396146774292
encodec48	brightness_real__harmonics__synced_sines__256_1024	freq	freq_0.25hz	0.25	freq_0.25hz	0.25	True	0	0.0
encodec48	brightness_real__harmonics__synced_sines__256_1024	freq	freq_0.25hz	0.25	freq_0.50hz	0.5	False	0	0.36294037103652954
encodec48	brightness_real__harmonics__synced_sines__256_1024	freq	freq_0.25hz	0.25	freq_1.00hz	1.0	False	0	0.2133382111787796
encodec48	brightness_real__harmonics__synced_sines__256_1024	freq	freq_0.25hz	0.25	freq_2.00hz	2.0	False	0	0.2385389804840088
encodec48	brightness_real__harmonics__synced_sines__256_1024	freq	freq_0.25hz	0.25	freq_4.00hz	4.0	False	0	0.2871732711791992
encodec48	brightness_real__harmonics__synced_sines__256_1024	reg	reg_1.00hz_0.000	0.0	reg_1.00hz_0.000	0.0	True	0	0.0
encodec48	brightness_real__harmonics__synced_sines__256_1024	reg	reg_1.00hz_0.000	0.0	reg_1.00hz_0.125	0.125	False	0	0.12233331799507141
encodec48	brightness_real__harmonics__synced_sines__256_1024	reg	reg_1.00hz_0.000	0.0	reg_1.00hz_0.250	0.25	False	0	0.1552308350801468
encodec48	brightness_real__harmonics__synced_sines__256_1024	reg	reg_1.00hz_0.000	0.0	reg_1.00hz_0.375	0.375	False	0	0.23086953163146973
encodec48	brightness_real__harmonics__synced_sines__256_1024	reg	reg_1.00hz_0.000	0.0	reg_1.00hz_0.500	0.5	False	0	0.20980069041252136
encodec48	brightness_synthetic__256_1024	amp	amp_1.00hz_0.10	0.1	amp_1.00hz_0.10	0.1	True	0	0.0
encodec48	brightness_synthetic__256_1024	amp	amp_1.00hz_0.10	0.1	amp_1.00hz_0.30	0.3	False	0	0.18765851855278015
encodec48	brightness_synthetic__256_1024	amp	amp_1.00hz_0.10	0.1	amp_1.00hz_0.50	0.5	False	0	0.31925690174102783
encodec48	brightness_synthetic__256_1024	amp	amp_1.00hz_0.10	0.1	amp_1.00hz_0.70	0.7	False	0	0.49632829427719116
encodec48	brightness_synthetic__256_1024	amp	amp_1.00hz_0.10	0.1	amp_1.00hz_0.90	0.9	False	0	0.7404594421386719
encodec48	brightness_synthetic__256_1024	freq	freq_0.25hz	0.25	freq_0.25hz	0.25	True	0	0.0
encodec48	brightness_synthetic__256_1024	freq	freq_0.25hz	0.25	freq_0.50hz	0.5	False	0	0.1405860334634781
encodec48	brightness_synthetic__256_1024	freq	freq_0.25hz	0.25	freq_1.00hz	1.0	False	0	0.2299555391073227
encodec48	brightness_synthetic__256_1024	freq	freq_0.25hz	0.25	freq_2.00hz	2.0	False	0	1.1057130098342896
encodec48	brightness_synthetic__256_1024	freq	freq_0.25hz	0.25	freq_4.00hz	4.0	False	0	1.1603882312774658
encodec48	brightness_synthetic__256_1024	reg	reg_1.00hz_0.000	0.0	reg_1.00hz_0.000	0.0	True	0	0.0
encodec48	brightness_synthetic__256_1024	reg	reg_1.00hz_0.000	0.0	reg_1.00hz_0.125	0.125	False	0	0.34432119131088257
encodec48	brightness_synthetic__256_1024	reg	reg_1.00hz_0.000	0.0	reg_1.00hz_0.250	0.25	False	0	0.2644392251968384
encodec48	brightness_synthetic__256_1024	reg	reg_1.00hz_0.000	0.0	reg_1.00hz_0.375	0.375	False	0	0.2759905159473419
encodec48	brightness_synthetic__256_1024	reg	reg_1.00hz_0.000	0.0	reg_1.00hz_0.500	0.5	False	0	0.9859564304351807
encodec48	richness_real__filter__acid_saw__46_1024__inverted	amp	amp_1.00hz_0.10	0.1	amp_1.00hz_0.10	0.1	True	0	0.0
encodec48	richness_real__filter__acid_saw__46_1024__inverted	amp	amp_1.00hz_0.10	0.1	amp_1.00hz_0.30	0.3	False	0	0.5710726380348206
encodec48	richness_real__filter__acid_saw__46_1024__inverted	amp	amp_1.00hz_0.10	0.1	amp_1.00hz_0.50	0.5	False	0	1.0542112588882446
encodec48	richness_real__filter__acid_saw__46_1024__inverted	amp	amp_1.00hz_0.10	0.1	amp_1.00hz_0.70	0.7	False	0	1.101011872291565
encodec48	richness_real__filter__acid_saw__46_1024__inverted	amp	amp_1.00hz_0.10	0.1	amp_1.00hz_0.90	0.9	False	0	1.3602887392044067
encodec48	richness_real__filter__acid_saw__46_1024__inverted	freq	freq_0.25hz	0.25	freq_0.25hz	0.25	True	0	0.0
encodec48	richness_real__filter__acid_saw__46_1024__inverted	freq	freq_0.25hz	0.25	freq_0.50hz	0.5	False	0	0.5128434896469116
encodec48	richness_real__filter__acid_saw__46_1024__inverted	freq	freq_0.25hz	0.25	freq_1.00hz	1.0	False	0	0.4637318253517151
encodec48	richness_real__filter__acid_saw__46_1024__inverted	freq	freq_0.25hz	0.25	freq_2.00hz	2.0	False	0	0.5145509839057922
encodec48	richness_real__filter__acid_saw__46_1024__inverted	freq	freq_0.25hz	0.25	freq_4.00hz	4.0	False	0	1.0067368745803833
encodec48	richness_real__filter__acid_saw__46_1024__inverted	reg	reg_1.00hz_0.000	0.0	reg_1.00hz_0.000	0.0	True	0	0.0
encodec48	richness_real__filter__acid_saw__46_1024__inverted	reg	reg_1.00hz_0.000	0.0	reg_1.00hz_0.125	0.125	False	0	0.4297868609428406
encodec48	richness_real__filter__acid_saw__46_1024__inverted	reg	reg_1.00hz_0.000	0.0	reg_1.00hz_0.250	0.25	False	0	0.474174439907074
encodec48	richness_real__filter__acid_saw__46_1024__inverted	reg	reg_1.00hz_0.000	0.0	reg_1.00hz_0.375	0.375	False	0	0.45915687084198
encodec48	richness_real__filter__acid_saw__46_1024__inverted	reg	reg_1.00hz_0.000	0.0	reg_1.00hz_0.500	0.5	False	0	0.5292761921882629
encodec48	richness_synthetic__256_1024	amp	amp_1.00hz_0.10	0.1	amp_1.00hz_0.10	0.1	True	0	0.0
encodec48	richness_synthetic__256_1024	amp	amp_1.00hz_0.10	0.1	amp_1.00hz_0.30	0.3	False	0	0.12177159637212753
encodec48	richness_synthetic__256_1024	amp	amp_1.00hz_0.10	0.1	amp_1.00hz_0.50	0.5	False	0	0.3378676772117615
encodec48	richness_synthetic__256_1024	amp	amp_1.00hz_0.10	0.1	amp_1.00hz_0.70	0.7	False	0	0.5517743825912476
encodec48	richness_synthetic__256_1024	amp	amp_1.00hz_0.10	0.1	amp_1.00hz_0.90	0.9	False	0	0.7743861079216003
encodec48	richness_synthetic__256_1024	freq	freq_0.25hz	0.25	freq_0.25hz	0.25	True	0	0.0
encodec48	richness_synthetic__256_1024	freq	freq_0.25hz	0.25	freq_0.50hz	0.5	False	0	0.10406801104545593
encodec48	richness_synthetic__256_1024	freq	freq_0.25hz	0.25	freq_1.00hz	1.0	False	0	0.12168414145708084
encodec48	richness_synthetic__256_1024	freq	freq_0.25hz	0.25	freq_2.00hz	2.0	False	0	0.20611107349395752
encodec48	richness_synthetic__256_1024	freq	freq_0.25hz	0.25	freq_4.00hz	4.0	False	0	0.2580711245536804
encodec48	richness_synthetic__256_1024	reg	reg_1.00hz_0.000	0.0	reg_1.00hz_0.000	0.0	True	0	0.0
encodec48	richness_synthetic__256_1024	reg	reg_1.00hz_0.000	0.0	reg_1.00hz_0.125	0.125	False	0	0.12157447636127472
encodec48	richness_synthetic__256_1024	reg	reg_1.00hz_0.000	0.0	reg_1.00hz_0.250	0.25	False	0	0.1647733896970749
encodec48	richness_synthetic__256_1024	reg	reg_1.00hz_0.000	0.0	reg_1.00hz_0.375	0.375	False	0	0.1299343705177307
encodec48	richness_synthetic__256_1024	reg	reg_1.00hz_0.000	0.0	reg_1.00hz_0.500	0.5	False	0	0.16806264221668243
encodec48	warmth_real__vintage__logue_saw__166_1024	amp	amp_1.00hz_0.10	0.1	amp_1.00hz_0.10	0.1	True	0	0.0
encodec48	warmth_real__vintage__logue_saw__166_1024	amp	amp_1.00hz_0.10	0.1	amp_1.00hz_0.30	0.3	False	0	0.9140836000442505
encodec48	warmth_real__vintage__logue_saw__166_1024	amp	amp_1.00hz_0.10	0.1	amp_1.00hz_0.50	0.5	False	0	0.973154604434967
encodec48	warmth_real__vintage__logue_saw__166_1024	amp	amp_1.00hz_0.10	0.1	amp_1.00hz_0.70	0.7	False	0	1.079856038093567
encodec48	warmth_real__vintage__logue_saw__166_1024	amp	amp_1.00hz_0.10	0.1	amp_1.00hz_0.90	0.9	False	0	1.1287921667099
encodec48	warmth_real__vintage__logue_saw__166_1024	freq	freq_0.25hz	0.25	freq_0.25hz	0.25	True	0	0.0
encodec48	warmth_real__vintage__logue_saw__166_1024	freq	freq_0.25hz	0.25	freq_0.50hz	0.5	False	0	0.9514767527580261
encodec48	warmth_real__vintage__logue_saw__166_1024	freq	freq_0.25hz	0.25	freq_1.00hz	1.0	False	0	0.5141439437866211
encodec48	warmth_real__vintage__logue_saw__166_1024	freq	freq_0.25hz	0.25	freq_2.00hz	2.0	False	0	0.31482020020484924
encodec48	warmth_real__vintage__logue_saw__166_1024	freq	freq_0.25hz	0.25	freq_4.00hz	4.0	False	0	0.3419182598590851
encodec48	warmth_real__vintage__logue_saw__166_1024	reg	reg_1.00hz_0.000	0.0	reg_1.00hz_0.000	0.0	True	0	0.0
encodec48	warmth_real__vintage__logue_saw__166_1024	reg	reg_1.00hz_0.000	0.0	reg_1.00hz_0.125	0.125	False	0	0.6181028485298157
encodec48	warmth_real__vintage__logue_saw__166_1024	reg	reg_1.00hz_0.000	0.0	reg_1.00hz_0.250	0.25	False	0	0.6977006196975708
encodec48	warmth_real__vintage__logue_saw__166_1024	reg	reg_1.00hz_0.000	0.0	reg_1.00hz_0.375	0.375	False	0	0.8217869997024536
encodec48	warmth_real__vintage__logue_saw__166_1024	reg	reg_1.00hz_0.000	0.0	reg_1.00hz_0.500	0.5	False	0	0.7463210225105286
encodec48	warmth_synthetic__256_1024	amp	amp_1.00hz_0.10	0.1	amp_1.00hz_0.10	0.1	True	0	0.0
encodec48	warmth_synthetic__256_1024	amp	amp_1.00hz_0.10	0.1	amp_1.00hz_0.30	0.3	False	0	0.03432915732264519
encodec48	warmth_synthetic__256_1024	amp	amp_1.00hz_0.10	0.1	amp_1.00hz_0.50	0.5	False	0	0.09835917502641678
encodec48	warmth_synthetic__256_1024	amp	amp_1.00hz_0.10	0.1	amp_1.00hz_0.70	0.7	False	0	0.1906408965587616
encodec48	warmth_synthetic__256_1024	amp	amp_1.00hz_0.10	0.1	amp_1.00hz_0.90	0.9	False	0	0.3081788718700409
encodec48	warmth_synthetic__256_1024	freq	freq_0.25hz	0.25	freq_0.25hz	0.25	True	0	0.0
encodec48	warmth_synthetic__256_1024	freq	freq_0.25hz	0.25	freq_0.50hz	0.5	False	0	0.08607655018568039
encodec48	warmth_synthetic__256_1024	freq	freq_0.25hz	0.25	freq_1.00hz	1.0	False	0	0.09269446134567261
encodec48	warmth_synthetic__256_1024	freq	freq_0.25hz	0.25	freq_2.00hz	2.0	False	0	0.11868884414434433
encodec48	warmth_synthetic__256_1024	freq	freq_0.25hz	0.25	freq_4.00hz	4.0	False	0	0.1548592448234558
encodec48	warmth_synthetic__256_1024	reg	reg_1.00hz_0.000	0.0	reg_1.00hz_0.000	0.0	True	0	0.0
encodec48	warmth_synthetic__256_1024	reg	reg_1.00hz_0.000	0.0	reg_1.00hz_0.125	0.125	False	0	0.06411881744861603
encodec48	warmth_synthetic__256_1024	reg	reg_1.00hz_0.000	0.0	reg_1.00hz_0.250	0.25	False	0	0.08094870299100876
encodec48	warmth_synthetic__256_1024	reg	reg_1.00hz_0.000	0.0	reg_1.00hz_0.375	0.375	False	0	0.09253919869661331
encodec48	warmth_synthetic__256_1024	reg	reg_1.00hz_0.000	0.0	reg_1.00hz_0.500	0.5	False	0	0.09014067053794861
encodec48_tv	brightness_real__harmonics__synced_sines__256_1024	amp	amp_1.00hz_0.10	0.1	amp_1.00hz_0.10	0.1	True	0	0.0
encodec48_tv	brightness_real__harmonics__synced_sines__256_1024	amp	amp_1.00hz_0.10	0.1	amp_1.00hz_0.30	0.3	False	0	46.67527770996094
encodec48_tv	brightness_real__harmonics__synced_sines__256_1024	amp	amp_1.00hz_0.10	0.1	amp_1.00hz_0.50	0.5	False	0	85.48145294189453
encodec48_tv	brightness_real__harmonics__synced_sines__256_1024	amp	amp_1.00hz_0.10	0.1	amp_1.00hz_0.70	0.7	False	0	105.13398742675781
encodec48_tv	brightness_real__harmonics__synced_sines__256_1024	amp	amp_1.00hz_0.10	0.1	amp_1.00hz_0.90	0.9	False	0	113.79168701171875
encodec48_tv	brightness_real__harmonics__synced_sines__256_1024	freq	freq_0.25hz	0.25	freq_0.25hz	0.25	True	0	0.0
encodec48_tv	brightness_real__harmonics__synced_sines__256_1024	freq	freq_0.25hz	0.25	freq_0.50hz	0.5	False	0	116.97549438476562
encodec48_tv	brightness_real__harmonics__synced_sines__256_1024	freq	freq_0.25hz	0.25	freq_1.00hz	1.0	False	0	113.88988494873047
encodec48_tv	brightness_real__harmonics__synced_sines__256_1024	freq	freq_0.25hz	0.25	freq_2.00hz	2.0	False	0	113.10140991210938
encodec48_tv	brightness_real__harmonics__synced_sines__256_1024	freq	freq_0.25hz	0.25	freq_4.00hz	4.0	False	0	115.58583068847656
encodec48_tv	brightness_real__harmonics__synced_sines__256_1024	reg	reg_1.00hz_0.000	0.0	reg_1.00hz_0.000	0.0	True	0	0.0
encodec48_tv	brightness_real__harmonics__synced_sines__256_1024	reg	reg_1.00hz_0.000	0.0	reg_1.00hz_0.125	0.125	False	0	102.38159942626953
encodec48_tv	brightness_real__harmonics__synced_sines__256_1024	reg	reg_1.00hz_0.000	0.0	reg_1.00hz_0.250	0.25	False	0	114.21807861328125
encodec48_tv	brightness_real__harmonics__synced_sines__256_1024	reg	reg_1.00hz_0.000	0.0	reg_1.00hz_0.375	0.375	False	0	118.85311889648438
encodec48_tv	brightness_real__harmonics__synced_sines__256_1024	reg	reg_1.00hz_0.000	0.0	reg_1.00hz_0.500	0.5	False	0	119.83370971679688
encodec48_tv	brightness_synthetic__256_1024	amp	amp_1.00hz_0.10	0.1	amp_1.00hz_0.10	0.1	True	0	0.0
encodec48_tv	brightness_synthetic__256_1024	amp	amp_1.00hz_0.10	0.1	amp_1.00hz_0.30	0.3	False	0	40.36524963378906
encodec48_tv	brightness_synthetic__256_1024	amp	amp_1.00hz_0.10	0.1	amp_1.00hz_0.50	0.5	False	0	69.94328308105469
encodec48_tv	brightness_synthetic__256_1024	amp	amp_1.00hz_0.10	0.1	amp_1.00hz_0.70	0.7	False	0	98.62255096435547
encodec48_tv	brightness_synthetic__256_1024	amp	amp_1.00hz_0.10	0.1	amp_1.00hz_0.90	0.9	False	0	122.3518295288086
encodec48_tv	brightness_synthetic__256_1024	freq	freq_0.25hz	0.25	freq_0.25hz	0.25	True	0	0.0
encodec48_tv	brightness_synthetic__256_1024	freq	freq_0.25hz	0.25	freq_0.50hz	0.5	False	0	137.7261199951172
encodec48_tv	brightness_synthetic__256_1024	freq	freq_0.25hz	0.25	freq_1.00hz	1.0	False	0	126.85594177246094
encodec48_tv	brightness_synthetic__256_1024	freq	freq_0.25hz	0.25	freq_2.00hz	2.0	False	0	143.86776733398438
encodec48_tv	brightness_synthetic__256_1024	freq	freq_0.25hz	0.25	freq_4.00hz	4.0	False	0	146.53326416015625
encodec48_tv	brightness_synthetic__256_1024	reg	reg_1.00hz_0.000	0.0	reg_1.00hz_0.000	0.0	True	0	0.0
encodec48_tv	brightness_synthetic__256_1024	reg	reg_1.00hz_0.000	0.0	reg_1.00hz_0.125	0.125	False	0	86.2756576538086
encodec48_tv	brightness_synthetic__256_1024	reg	reg_1.00hz_0.000	0.0	reg_1.00hz_0.250	0.25	False	0	121.60704040527344
encodec48_tv	brightness_synthetic__256_1024	reg	reg_1.00hz_0.000	0.0	reg_1.00hz_0.375	0.375	False	0	136.16139221191406
encodec48_tv	brightness_synthetic__256_1024	reg	reg_1.00hz_0.000	0.0	reg_1.00hz_0.500	0.5	False	0	155.68728637695312
encodec48_tv	richness_real__filter__acid_saw__46_1024__inverted	amp	amp_1.00hz_0.10	0.1	amp_1.00hz_0.10	0.1	True	0	0.0
encodec48_tv	richness_real__filter__acid_saw__46_1024__inverted	amp	amp_1.00hz_0.10	0.1	amp_1.00hz_0.30	0.3	False	0	69.61546325683594
encodec48_tv	richness_real__filter__acid_saw__46_1024__inverted	amp	amp_1.00hz_0.10	0.1	amp_1.00hz_0.50	0.5	False	0	126.53897094726562
encodec48_tv	richness_real__filter__acid_saw__46_1024__inverted	amp	amp_1.00hz_0.10	0.1	amp_1.00hz_0.70	0.7	False	0	163.42323303222656
encodec48_tv	richness_real__filter__acid_saw__46_1024__inverted	amp	amp_1.00hz_0.10	0.1	amp_1.00hz_0.90	0.9	False	0	198.15049743652344
encodec48_tv	richness_real__filter__acid_saw__46_1024__inverted	freq	freq_0.25hz	0.25	freq_0.25hz	0.25	True	0	0.0
encodec48_tv	richness_real__filter__acid_saw__46_1024__inverted	freq	freq_0.25hz	0.25	freq_0.50hz	0.5	False	0	226.07276916503906
encodec48_tv	richness_real__filter__acid_saw__46_1024__inverted	freq	freq_0.25hz	0.25	freq_1.00hz	1.0	False	0	212.9457550048828
encodec48_tv	richness_real__filter__acid_saw__46_1024__inverted	freq	freq_0.25hz	0.25	freq_2.00hz	2.0	False	0	215.1300811767578
encodec48_tv	richness_real__filter__acid_saw__46_1024__inverted	freq	freq_0.25hz	0.25	freq_4.00hz	4.0	False	0	224.77093505859375
encodec48_tv	richness_real__filter__acid_saw__46_1024__inverted	reg	reg_1.00hz_0.000	0.0	reg_1.00hz_0.000	0.0	True	0	0.0
encodec48_tv	richness_real__filter__acid_saw__46_1024__inverted	reg	reg_1.00hz_0.000	0.0	reg_1.00hz_0.125	0.125	False	0	161.92958068847656
encodec48_tv	richness_real__filter__acid_saw__46_1024__inverted	reg	reg_1.00hz_0.000	0.0	reg_1.00hz_0.250	0.25	False	0	205.19436645507812
encodec48_tv	richness_real__filter__acid_saw__46_1024__inverted	reg	reg_1.00hz_0.000	0.0	reg_1.00hz_0.375	0.375	False	0	225.67393493652344
encodec48_tv	richness_real__filter__acid_saw__46_1024__inverted	reg	reg_1.00hz_0.000	0.0	reg_1.00hz_0.500	0.5	False	0	234.42713928222656
encodec48_tv	richness_synthetic__256_1024	amp	amp_1.00hz_0.10	0.1	amp_1.00hz_0.10	0.1	True	0	0.0
encodec48_tv	richness_synthetic__256_1024	amp	amp_1.00hz_0.10	0.1	amp_1.00hz_0.30	0.3	False	0	24.044771194458008
encodec48_tv	richness_synthetic__256_1024	amp	amp_1.00hz_0.10	0.1	amp_1.00hz_0.50	0.5	False	0	47.123844146728516
encodec48_tv	richness_synthetic__256_1024	amp	amp_1.00hz_0.10	0.1	amp_1.00hz_0.70	0.7	False	0	67.86824035644531
encodec48_tv	richness_synthetic__256_1024	amp	amp_1.00hz_0.10	0.1	amp_1.00hz_0.90	0.9	False	0	89.20958709716797
encodec48_tv	richness_synthetic__256_1024	freq	freq_0.25hz	0.25	freq_0.25hz	0.25	True	0	0.0
encodec48_tv	richness_synthetic__256_1024	freq	freq_0.25hz	0.25	freq_0.50hz	0.5	False	0	136.6916046142578
encodec48_tv	richness_synthetic__256_1024	freq	freq_0.25hz	0.25	freq_1.00hz	1.0	False	0	131.43812561035156
encodec48_tv	richness_synthetic__256_1024	freq	freq_0.25hz	0.25	freq_2.00hz	2.0	False	0	133.39613342285156
encodec48_tv	richness_synthetic__256_1024	freq	freq_0.25hz	0.25	freq_4.00hz	4.0	False	0	134.49693298339844
encodec48_tv	richness_synthetic__256_1024	reg	reg_1.00hz_0.000	0.0	reg_1.00hz_0.000	0.0	True	0	0.0
encodec48_tv	richness_synthetic__256_1024	reg	reg_1.00hz_0.000	0.0	reg_1.00hz_0.125	0.125	False	0	73.09571838378906
encodec48_tv	richness_synthetic__256_1024	reg	reg_1.00hz_0.000	0.0	reg_1.00hz_0.250	0.25	False	0	118.71073150634766
encodec48_tv	richness_synthetic__256_1024	reg	reg_1.00hz_0.000	0.0	reg_1.00hz_0.375	0.375	False	0	144.0465087890625
encodec48_tv	richness_synthetic__256_1024	reg	reg_1.00hz_0.000	0.0	reg_1.00hz_0.500	0.5	False	0	155.53265380859375
encodec48_tv	warmth_real__vintage__logue_saw__166_1024	amp	amp_1.00hz_0.10	0.1	amp_1.00hz_0.10	0.1	True	0	0.0
encodec48_tv	warmth_real__vintage__logue_saw__166_1024	amp	amp_1.00hz_0.10	0.1	amp_1.00hz_0.30	0.3	False	0	210.13548278808594
encodec48_tv	warmth_real__vintage__logue_saw__166_1024	amp	amp_1.00hz_0.10	0.1	amp_1.00hz_0.50	0.5	False	0	283.5055236816406
encodec48_tv	warmth_real__vintage__logue_saw__166_1024	amp	amp_1.00hz_0.10	0.1	amp_1.00hz_0.70	0.7	False	0	326.4094543457031
encodec48_tv	warmth_real__vintage__logue_saw__166_1024	amp	amp_1.00hz_0.10	0.1	amp_1.00hz_0.90	0.9	False	0	350.19537353515625
encodec48_tv	warmth_real__vintage__logue_saw__166_1024	freq	freq_0.25hz	0.25	freq_0.25hz	0.25	True	0	0.0
encodec48_tv	warmth_real__vintage__logue_saw__166_1024	freq	freq_0.25hz	0.25	freq_0.50hz	0.5	False	0	419.12548828125
encodec48_tv	warmth_real__vintage__logue_saw__166_1024	freq	freq_0.25hz	0.25	freq_1.00hz	1.0	False	0	408.76983642578125
encodec48_tv	warmth_real__vintage__logue_saw__166_1024	freq	freq_0.25hz	0.25	freq_2.00hz	2.0	False	0	407.91375732421875
encodec48_tv	warmth_real__vintage__logue_saw__166_1024	freq	freq_0.25hz	0.25	freq_4.00hz	4.0	False	0	408.5980224609375
encodec48_tv	warmth_real__vintage__logue_saw__166_1024	reg	reg_1.00hz_0.000	0.0	reg_1.00hz_0.000	0.0	True	0	0.0
encodec48_tv	warmth_real__vintage__logue_saw__166_1024	reg	reg_1.00hz_0.000	0.0	reg_1.00hz_0.125	0.125	False	0	346.3242492675781
encodec48_tv	warmth_real__vintage__logue_saw__166_1024	reg	reg_1.00hz_0.000	0.0	reg_1.00hz_0.250	0.25	False	0	395.71368408203125
encodec48_tv	warmth_real__vintage__logue_saw__166_1024	reg	reg_1.00hz_0.000	0.0	reg_1.00hz_0.375	0.375	False	0	425.4131164550781
encodec48_tv	warmth_real__vintage__logue_saw__166_1024	reg	reg_1.00hz_0.000	0.0	reg_1.00hz_0.500	0.5	False	0	442.7515563964844
encodec48_tv	warmth_synthetic__256_1024	amp	amp_1.00hz_0.10	0.1	amp_1.00hz_0.10	0.1	True	0	0.0
encodec48_tv	warmth_synthetic__256_1024	amp	amp_1.00hz_0.10	0.1	amp_1.00hz_0.30	0.3	False	0	18.089357376098633
encodec48_tv	warmth_synthetic__256_1024	amp	amp_1.00hz_0.10	0.1	amp_1.00hz_0.50	0.5	False	0	37.0574951171875
encodec48_tv	warmth_synthetic__256_1024	amp	amp_1.00hz_0.10	0.1	amp_1.00hz_0.70	0.7	False	0	58.056236267089844
encodec48_tv	warmth_synthetic__256_1024	amp	amp_1.00hz_0.10	0.1	amp_1.00hz_0.90	0.9	False	0	82.81086730957031
encodec48_tv	warmth_synthetic__256_1024	freq	freq_0.25hz	0.25	freq_0.25hz	0.25	True	0	0.0
encodec48_tv	warmth_synthetic__256_1024	freq	freq_0.25hz	0.25	freq_0.50hz	0.5	False	0	142.47596740722656
encodec48_tv	warmth_synthetic__256_1024	freq	freq_0.25hz	0.25	freq_1.00hz	1.0	False	0	147.37484741210938
encodec48_tv	warmth_synthetic__256_1024	freq	freq_0.25hz	0.25	freq_2.00hz	2.0	False	0	146.95143127441406
encodec48_tv	warmth_synthetic__256_1024	freq	freq_0.25hz	0.25	freq_4.00hz	4.0	False	0	146.8123779296875
encodec48_tv	warmth_synthetic__256_1024	reg	reg_1.00hz_0.000	0.0	reg_1.00hz_0.000	0.0	True	0	0.0
encodec48_tv	warmth_synthetic__256_1024	reg	reg_1.00hz_0.000	0.0	reg_1.00hz_0.125	0.125	False	0	71.02330017089844
encodec48_tv	warmth_synthetic__256_1024	reg	reg_1.00hz_0.000	0.0	reg_1.00hz_0.250	0.25	False	0	124.27381134033203
encodec48_tv	warmth_synthetic__256_1024	reg	reg_1.00hz_0.000	0.0	reg_1.00hz_0.375	0.375	False	0	158.4066925048828
encodec48_tv	warmth_synthetic__256_1024	reg	reg_1.00hz_0.000	0.0	reg_1.00hz_0.500	0.5	False	0	171.50946044921875
esr	brightness_real__harmonics__synced_sines__256_1024	amp	amp_1.00hz_0.10	0.1	amp_1.00hz_0.10	0.1	True	0	0.0
esr	brightness_real__harmonics__synced_sines__256_1024	amp	amp_1.00hz_0.10	0.1	amp_1.00hz_0.30	0.3	False	0	0.25584569573402405
esr	brightness_real__harmonics__synced_sines__256_1024	amp	amp_1.00hz_0.10	0.1	amp_1.00hz_0.50	0.5	False	0	0.8709455132484436
esr	brightness_real__harmonics__synced_sines__256_1024	amp	amp_1.00hz_0.10	0.1	amp_1.00hz_0.70	0.7	False	0	1.3455955982208252
esr	brightness_real__harmonics__synced_sines__256_1024	amp	amp_1.00hz_0.10	0.1	amp_1.00hz_0.90	0.9	False	0	1.5803874731063843
esr	brightness_real__harmonics__synced_sines__256_1024	freq	freq_0.25hz	0.25	freq_0.25hz	0.25	True	0	0.0
esr	brightness_real__harmonics__synced_sines__256_1024	freq	freq_0.25hz	0.25	freq_0.50hz	0.5	False	0	1.6246756315231323
esr	brightness_real__harmonics__synced_sines__256_1024	freq	freq_0.25hz	0.25	freq_1.00hz	1.0	False	0	1.6143442392349243
esr	brightness_real__harmonics__synced_sines__256_1024	freq	freq_0.25hz	0.25	freq_2.00hz	2.0	False	0	1.591029167175293
esr	brightness_real__harmonics__synced_sines__256_1024	freq	freq_0.25hz	0.25	freq_4.00hz	4.0	False	0	1.5931354761123657
esr	brightness_real__harmonics__synced_sines__256_1024	reg	reg_1.00hz_0.000	0.0	reg_1.00hz_0.000	0.0	True	0	0.0
esr	brightness_real__harmonics__synced_sines__256_1024	reg	reg_1.00hz_0.000	0.0	reg_1.00hz_0.125	0.125	False	0	1.2558481693267822
esr	brightness_real__harmonics__synced_sines__256_1024	reg	reg_1.00hz_0.000	0.0	reg_1.00hz_0.250	0.25	False	0	1.57258141040802
esr	brightness_real__harmonics__synced_sines__256_1024	reg	reg_1.00hz_0.000	0.0	reg_1.00hz_0.375	0.375	False	0	1.6865476369857788
esr	brightness_real__harmonics__synced_sines__256_1024	reg	reg_1.00hz_0.000	0.0	reg_1.00hz_0.500	0.5	False	0	1.738041639328003
esr	brightness_synthetic__256_1024	amp	amp_1.00hz_0.10	0.1	amp_1.00hz_0.10	0.1	True	0	0.0
esr	brightness_synthetic__256_1024	amp	amp_1.00hz_0.10	0.1	amp_1.00hz_0.30	0.3	False	0	0.11489421129226685
esr	brightness_synthetic__256_1024	amp	amp_1.00hz_0.10	0.1	amp_1.00hz_0.50	0.5	False	0	0.346685528755188
esr	brightness_synthetic__256_1024	amp	amp_1.00hz_0.10	0.1	amp_1.00hz_0.70	0.7	False	0	0.6437721252441406
esr	brightness_synthetic__256_1024	amp	amp_1.00hz_0.10	0.1	amp_1.00hz_0.90	0.9	False	0	0.9372337460517883
esr	brightness_synthetic__256_1024	freq	freq_0.25hz	0.25	freq_0.25hz	0.25	True	0	0.0
esr	brightness_synthetic__256_1024	freq	freq_0.25hz	0.25	freq_0.50hz	0.5	False	0	1.183788537979126
esr	brightness_synthetic__256_1024	freq	freq_0.25hz	0.25	freq_1.00hz	1.0	False	0	1.1578644514083862
esr	brightness_synthetic__256_1024	freq	freq_0.25hz	0.25	freq_2.00hz	2.0	False	0	1.1550976037979126
esr	brightness_synthetic__256_1024	freq	freq_0.25hz	0.25	freq_4.00hz	4.0	False	0	1.1663578748703003
esr	brightness_synthetic__256_1024	reg	reg_1.00hz_0.000	0.0	reg_1.00hz_0.000	0.0	True	0	0.0
esr	brightness_synthetic__256_1024	reg	reg_1.00hz_0.000	0.0	reg_1.00hz_0.125	0.125	False	0	0.5628617405891418
esr	brightness_synthetic__256_1024	reg	reg_1.00hz_0.000	0.0	reg_1.00hz_0.250	0.25	False	0	1.085181474685669
esr	brightness_synthetic__256_1024	reg	reg_1.00hz_0.000	0.0	reg_1.00hz_0.375	0.375	False	0	1.3260530233383179
esr	brightness_synthetic__256_1024	reg	reg_1.00hz_0.000	0.0	reg_1.00hz_0.500	0.5	False	0	1.425135850906372
esr	richness_real__filter__acid_saw__46_1024__inverted	amp	amp_1.00hz_0.10	0.1	amp_1.00hz_0.10	0.1	True	0	0.0
esr	richness_real__filter__acid_saw__46_1024__inverted	amp	amp_1.00hz_0.10	0.1	amp_1.00hz_0.30	0.3	False	0	0.017439372837543488
esr	richness_real__filter__acid_saw__46_1024__inverted	amp	amp_1.00hz_0.10	0.1	amp_1.00hz_0.50	0.5	False	0	0.0560590960085392
esr	richness_real__filter__acid_saw__46_1024__inverted	amp	amp_1.00hz_0.10	0.1	amp_1.00hz_0.70	0.7	False	0	0.09145454317331314
esr	richness_real__filter__acid_saw__46_1024__inverted	amp	amp_1.00hz_0.10	0.1	amp_1.00hz_0.90	0.9	False	0	0.11852934211492538
esr	richness_real__filter__acid_saw__46_1024__inverted	freq	freq_0.25hz	0.25	freq_0.25hz	0.25	True	0	0.0
esr	richness_real__filter__acid_saw__46_1024__inverted	freq	freq_0.25hz	0.25	freq_0.50hz	0.5	False	0	0.14463216066360474
esr	richness_real__filter__acid_saw__46_1024__inverted	freq	freq_0.25hz	0.25	freq_1.00hz	1.0	False	0	0.13959762454032898
esr	richness_real__filter__acid_saw__46_1024__inverted	freq	freq_0.25hz	0.25	freq_2.00hz	2.0	False	0	0.1452912986278534
esr	richness_real__filter__acid_saw__46_1024__inverted	freq	freq_0.25hz	0.25	freq_4.00hz	4.0	False	0	0.14565342664718628
esr	richness_real__filter__acid_saw__46_1024__inverted	reg	reg_1.00hz_0.000	0.0	reg_1.00hz_0.000	0.0	True	0	0.0
esr	richness_real__filter__acid_saw__46_1024__inverted	reg	reg_1.00hz_0.000	0.0	reg_1.00hz_0.125	0.125	False	0	0.08993314951658249
esr	richness_real__filter__acid_saw__46_1024__inverted	reg	reg_1.00hz_0.000	0.0	reg_1.00hz_0.250	0.25	False	0	0.13586322963237762
esr	richness_real__filter__acid_saw__46_1024__inverted	reg	reg_1.00hz_0.000	0.0	reg_1.00hz_0.375	0.375	False	0	0.15723934769630432
esr	richness_real__filter__acid_saw__46_1024__inverted	reg	reg_1.00hz_0.000	0.0	reg_1.00hz_0.500	0.5	False	0	0.16584770381450653
esr	richness_synthetic__256_1024	amp	amp_1.00hz_0.10	0.1	amp_1.00hz_0.10	0.1	True	0	0.0
esr	richness_synthetic__256_1024	amp	amp_1.00hz_0.10	0.1	amp_1.00hz_0.30	0.3	False	0	0.011087872087955475
esr	richness_synthetic__256_1024	amp	amp_1.00hz_0.10	0.1	amp_1.00hz_0.50	0.5	False	0	0.04530508443713188
esr	richness_synthetic__256_1024	amp	amp_1.00hz_0.10	0.1	amp_1.00hz_0.70	0.7	False	0	0.10384517908096313
esr	richness_synthetic__256_1024	amp	amp_1.00hz_0.10	0.1	amp_1.00hz_0.90	0.9	False	0	0.1829053908586502
esr	richness_synthetic__256_1024	freq	freq_0.25hz	0.25	freq_0.25hz	0.25	True	0	0.0
esr	richness_synthetic__256_1024	freq	freq_0.25hz	0.25	freq_0.50hz	0.5	False	0	0.3683464825153351
esr	richness_synthetic__256_1024	freq	freq_0.25hz	0.25	freq_1.00hz	1.0	False	0	0.4030287265777588
esr	richness_synthetic__256_1024	freq	freq_0.25hz	0.25	freq_2.00hz	2.0	False	0	0.3951009511947632
esr	richness_synthetic__256_1024	freq	freq_0.25hz	0.25	freq_4.00hz	4.0	False	0	0.3939155042171478
esr	richness_synthetic__256_1024	reg	reg_1.00hz_0.000	0.0	reg_1.00hz_0.000	0.0	True	0	0.0
esr	richness_synthetic__256_1024	reg	reg_1.00hz_0.000	0.0	reg_1.00hz_0.125	0.125	False	0	0.0980772152543068
esr	richness_synthetic__256_1024	reg	reg_1.00hz_0.000	0.0	reg_1.00hz_0.250	0.25	False	0	0.2954658567905426
esr	richness_synthetic__256_1024	reg	reg_1.00hz_0.000	0.0	reg_1.00hz_0.375	0.375	False	0	0.4640873372554779
esr	richness_synthetic__256_1024	reg	reg_1.00hz_0.000	0.0	reg_1.00hz_0.500	0.5	False	0	0.538797914981842
esr	warmth_real__vintage__logue_saw__166_1024	amp	amp_1.00hz_0.10	0.1	amp_1.00hz_0.10	0.1	True	0	0.0
esr	warmth_real__vintage__logue_saw__166_1024	amp	amp_1.00hz_0.10	0.1	amp_1.00hz_0.30	0.3	False	0	0.19527947902679443
esr	warmth_real__vintage__logue_saw__166_1024	amp	amp_1.00hz_0.10	0.1	amp_1.00hz_0.50	0.5	False	0	0.4279356300830841
esr	warmth_real__vintage__logue_saw__166_1024	amp	amp_1.00hz_0.10	0.1	amp_1.00hz_0.70	0.7	False	0	0.668753981590271
esr	warmth_real__vintage__logue_saw__166_1024	amp	amp_1.00hz_0.10	0.1	amp_1.00hz_0.90	0.9	False	0	0.8706094026565552
esr	warmth_real__vintage__logue_saw__166_1024	freq	freq_0.25hz	0.25	freq_0.25hz	0.25	True	0	0.0
esr	warmth_real__vintage__logue_saw__166_1024	freq	freq_0.25hz	0.25	freq_0.50hz	0.5	False	0	1.2861135005950928
esr	warmth_real__vintage__logue_saw__166_1024	freq	freq_0.25hz	0.25	freq_1.00hz	1.0	False	0	1.1278679370880127
esr	warmth_real__vintage__logue_saw__166_1024	freq	freq_0.25hz	0.25	freq_2.00hz	2.0	False	0	1.1517961025238037
esr	warmth_real__vintage__logue_saw__166_1024	freq	freq_0.25hz	0.25	freq_4.00hz	4.0	False	0	1.1559761762619019
esr	warmth_real__vintage__logue_saw__166_1024	reg	reg_1.00hz_0.000	0.0	reg_1.00hz_0.000	0.0	True	0	0.0
esr	warmth_real__vintage__logue_saw__166_1024	reg	reg_1.00hz_0.000	0.0	reg_1.00hz_0.125	0.125	False	0	0.7157721519470215
esr	warmth_real__vintage__logue_saw__166_1024	reg	reg_1.00hz_0.000	0.0	reg_1.00hz_0.250	0.25	False	0	1.0890631675720215
esr	warmth_real__vintage__logue_saw__166_1024	reg	reg_1.00hz_0.000	0.0	reg_1.00hz_0.375	0.375	False	0	1.2838925123214722
esr	warmth_real__vintage__logue_saw__166_1024	reg	reg_1.00hz_0.000	0.0	reg_1.00hz_0.500	0.5	False	0	1.390570044517517
esr	warmth_synthetic__256_1024	amp	amp_1.00hz_0.10	0.1	amp_1.00hz_0.10	0.1	True	0	0.0
esr	warmth_synthetic__256_1024	amp	amp_1.00hz_0.10	0.1	amp_1.00hz_0.30	0.3	False	0	0.005548713728785515
esr	warmth_synthetic__256_1024	amp	amp_1.00hz_0.10	0.1	amp_1.00hz_0.50	0.5	False	0	0.02348175086081028
esr	warmth_synthetic__256_1024	amp	amp_1.00hz_0.10	0.1	amp_1.00hz_0.70	0.7	False	0	0.05856382101774216
esr	warmth_synthetic__256_1024	amp	amp_1.00hz_0.10	0.1	amp_1.00hz_0.90	0.9	False	0	0.12227380275726318
esr	warmth_synthetic__256_1024	freq	freq_0.25hz	0.25	freq_0.25hz	0.25	True	0	0.0
esr	warmth_synthetic__256_1024	freq	freq_0.25hz	0.25	freq_0.50hz	0.5	False	0	0.38834625482559204
esr	warmth_synthetic__256_1024	freq	freq_0.25hz	0.25	freq_1.00hz	1.0	False	0	0.41017845273017883
esr	warmth_synthetic__256_1024	freq	freq_0.25hz	0.25	freq_2.00hz	2.0	False	0	0.4040732979774475
esr	warmth_synthetic__256_1024	freq	freq_0.25hz	0.25	freq_4.00hz	4.0	False	0	0.40420928597450256
esr	warmth_synthetic__256_1024	reg	reg_1.00hz_0.000	0.0	reg_1.00hz_0.000	0.0	True	0	0.0
esr	warmth_synthetic__256_1024	reg	reg_1.00hz_0.000	0.0	reg_1.00hz_0.125	0.125	False	0	0.08205246925354004
esr	warmth_synthetic__256_1024	reg	reg_1.00hz_0.000	0.0	reg_1.00hz_0.250	0.25	False	0	0.27277201414108276
esr	warmth_synthetic__256_1024	reg	reg_1.00hz_0.000	0.0	reg_1.00hz_0.375	0.375	False	0	0.4798690974712372
esr	warmth_synthetic__256_1024	reg	reg_1.00hz_0.000	0.0	reg_1.00hz_0.500	0.5	False	0	0.5732374787330627
mfcc_p2	brightness_real__harmonics__synced_sines__256_1024	amp	amp_1.00hz_0.10	0.1	amp_1.00hz_0.10	0.1	True	0	0.0
mfcc_p2	brightness_real__harmonics__synced_sines__256_1024	amp	amp_1.00hz_0.10	0.1	amp_1.00hz_0.30	0.3	False	0	2.897347927093506
mfcc_p2	brightness_real__harmonics__synced_sines__256_1024	amp	amp_1.00hz_0.10	0.1	amp_1.00hz_0.50	0.5	False	0	8.101750373840332
mfcc_p2	brightness_real__harmonics__synced_sines__256_1024	amp	amp_1.00hz_0.10	0.1	amp_1.00hz_0.70	0.7	False	0	16.29623794555664
mfcc_p2	brightness_real__harmonics__synced_sines__256_1024	amp	amp_1.00hz_0.10	0.1	amp_1.00hz_0.90	0.9	False	0	25.405588150024414
mfcc_p2	brightness_real__harmonics__synced_sines__256_1024	freq	freq_0.25hz	0.25	freq_0.25hz	0.25	True	0	0.0
mfcc_p2	brightness_real__harmonics__synced_sines__256_1024	freq	freq_0.25hz	0.25	freq_0.50hz	0.5	False	0	43.21209716796875
mfcc_p2	brightness_real__harmonics__synced_sines__256_1024	freq	freq_0.25hz	0.25	freq_1.00hz	1.0	False	0	43.35663986206055
mfcc_p2	brightness_real__harmonics__synced_sines__256_1024	freq	freq_0.25hz	0.25	freq_2.00hz	2.0	False	0	56.21855163574219
mfcc_p2	brightness_real__harmonics__synced_sines__256_1024	freq	freq_0.25hz	0.25	freq_4.00hz	4.0	False	0	86.33338165283203
mfcc_p2	brightness_real__harmonics__synced_sines__256_1024	reg	reg_1.00hz_0.000	0.0	reg_1.00hz_0.000	0.0	True	0	0.0
mfcc_p2	brightness_real__harmonics__synced_sines__256_1024	reg	reg_1.00hz_0.000	0.0	reg_1.00hz_0.125	0.125	False	0	14.859694480895996
mfcc_p2	brightness_real__harmonics__synced_sines__256_1024	reg	reg_1.00hz_0.000	0.0	reg_1.00hz_0.250	0.25	False	0	31.08428955078125
mfcc_p2	brightness_real__harmonics__synced_sines__256_1024	reg	reg_1.00hz_0.000	0.0	reg_1.00hz_0.375	0.375	False	0	42.82552719116211
mfcc_p2	brightness_real__harmonics__synced_sines__256_1024	reg	reg_1.00hz_0.000	0.0	reg_1.00hz_0.500	0.5	False	0	48.11220169067383
mfcc_p2	brightness_synthetic__256_1024	amp	amp_1.00hz_0.10	0.1	amp_1.00hz_0.10	0.1	True	0	0.0
mfcc_p2	brightness_synthetic__256_1024	amp	amp_1.00hz_0.10	0.1	amp_1.00hz_0.30	0.3	False	0	2.8560948371887207
mfcc_p2	brightness_synthetic__256_1024	amp	amp_1.00hz_0.10	0.1	amp_1.00hz_0.50	0.5	False	0	10.240078926086426
mfcc_p2	brightness_synthetic__256_1024	amp	amp_1.00hz_0.10	0.1	amp_1.00hz_0.70	0.7	False	0	22.561004638671875
mfcc_p2	brightness_synthetic__256_1024	amp	amp_1.00hz_0.10	0.1	amp_1.00hz_0.90	0.9	False	0	39.292808532714844
mfcc_p2	brightness_synthetic__256_1024	freq	freq_0.25hz	0.25	freq_0.25hz	0.25	True	0	0.0
mfcc_p2	brightness_synthetic__256_1024	freq	freq_0.25hz	0.25	freq_0.50hz	0.5	False	0	100.56474304199219
mfcc_p2	brightness_synthetic__256_1024	freq	freq_0.25hz	0.25	freq_1.00hz	1.0	False	0	83.31580352783203
mfcc_p2	brightness_synthetic__256_1024	freq	freq_0.25hz	0.25	freq_2.00hz	2.0	False	0	84.29415130615234
mfcc_p2	brightness_synthetic__256_1024	freq	freq_0.25hz	0.25	freq_4.00hz	4.0	False	0	82.01175689697266
mfcc_p2	brightness_synthetic__256_1024	reg	reg_1.00hz_0.000	0.0	reg_1.00hz_0.000	0.0	True	0	0.0
mfcc_p2	brightness_synthetic__256_1024	reg	reg_1.00hz_0.000	0.0	reg_1.00hz_0.125	0.125	False	0	22.21219253540039
mfcc_p2	brightness_synthetic__256_1024	reg	reg_1.00hz_0.000	0.0	reg_1.00hz_0.250	0.25	False	0	65.68885040283203
mfcc_p2	brightness_synthetic__256_1024	reg	reg_1.00hz_0.000	0.0	reg_1.00hz_0.375	0.375	False	0	100.53659057617188
mfcc_p2	brightness_synthetic__256_1024	reg	reg_1.00hz_0.000	0.0	reg_1.00hz_0.500	0.5	False	0	117.8658447265625
mfcc_p2	richness_real__filter__acid_saw__46_1024__inverted	amp	amp_1.00hz_0.10	0.1	amp_1.00hz_0.10	0.1	True	0	0.0
mfcc_p2	richness_real__filter__acid_saw__46_1024__inverted	amp	amp_1.00hz_0.10	0.1	amp_1.00hz_0.30	0.3	False	0	1.1371604204177856
mfcc_p2	richness_real__filter__acid_saw__46_1024__inverted	amp	amp_1.00hz_0.10	0.1	amp_1.00hz_0.50	0.5	False	0	4.6319475173950195
mfcc_p2	richness_real__filter__acid_saw__46_1024__inverted	amp	amp_1.00hz_0.10	0.1	amp_1.00hz_0.70	0.7	False	0	10.126667976379395
mfcc_p2	richness_real__filter__acid_saw__46_1024__inverted	amp	amp_1.00hz_0.10	0.1	amp_1.00hz_0.90	0.9	False	0	19.858369827270508
mfcc_p2	richness_real__filter__acid_saw__46_1024__inverted	freq	freq_0.25hz	0.25	freq_0.25hz	0.25	True	0	0.0
mfcc_p2	richness_real__filter__acid_saw__46_1024__inverted	freq	freq_0.25hz	0.25	freq_0.50hz	0.5	False	0	66.25299072265625
mfcc_p2	richness_real__filter__acid_saw__46_1024__inverted	freq	freq_0.25hz	0.25	freq_1.00hz	1.0	False	0	61.432518005371094
mfcc_p2	richness_real__filter__acid_saw__46_1024__inverted	freq	freq_0.25hz	0.25	freq_2.00hz	2.0	False	0	60.5186767578125
mfcc_p2	richness_real__filter__acid_saw__46_1024__inverted	freq	freq_0.25hz	0.25	freq_4.00hz	4.0	False	0	60.24951934814453
mfcc_p2	richness_real__filter__acid_saw__46_1024__inverted	reg	reg_1.00hz_0.000	0.0	reg_1.00hz_0.000	0.0	True	0	0.0
mfcc_p2	richness_real__filter__acid_saw__46_1024__inverted	reg	reg_1.00hz_0.000	0.0	reg_1.00hz_0.125	0.125	False	0	12.774168014526367
mfcc_p2	richness_real__filter__acid_saw__46_1024__inverted	reg	reg_1.00hz_0.000	0.0	reg_1.00hz_0.250	0.25	False	0	42.35407638549805
mfcc_p2	richness_real__filter__acid_saw__46_1024__inverted	reg	reg_1.00hz_0.000	0.0	reg_1.00hz_0.375	0.375	False	0	72.28804016113281
mfcc_p2	richness_real__filter__acid_saw__46_1024__inverted	reg	reg_1.00hz_0.000	0.0	reg_1.00hz_0.500	0.5	False	0	86.63345336914062
mfcc_p2	richness_synthetic__256_1024	amp	amp_1.00hz_0.10	0.1	amp_1.00hz_0.10	0.1	True	0	0.0
mfcc_p2	richness_synthetic__256_1024	amp	amp_1.00hz_0.10	0.1	amp_1.00hz_0.30	0.3	False	0	3.1891417503356934
mfcc_p2	richness_synthetic__256_1024	amp	amp_1.00hz_0.10	0.1	amp_1.00hz_0.50	0.5	False	0	12.08924674987793
mfcc_p2	richness_synthetic__256_1024	amp	amp_1.00hz_0.10	0.1	amp_1.00hz_0.70	0.7	False	0	24.50660514831543
mfcc_p2	richness_synthetic__256_1024	amp	amp_1.00hz_0.10	0.1	amp_1.00hz_0.90	0.9	False	0	38.68857955932617
mfcc_p2	richness_synthetic__256_1024	freq	freq_0.25hz	0.25	freq_0.25hz	0.25	True	0	0.0
mfcc_p2	richness_synthetic__256_1024	freq	freq_0.25hz	0.25	freq_0.50hz	0.5	False	0	89.91169738769531
mfcc_p2	richness_synthetic__256_1024	freq	freq_0.25hz	0.25	freq_1.00hz	1.0	False	0	88.62257385253906
mfcc_p2	richness_synthetic__256_1024	freq	freq_0.25hz	0.25	freq_2.00hz	2.0	False	0	84.90277099609375
mfcc_p2	richness_synthetic__256_1024	freq	freq_0.25hz	0.25	freq_4.00hz	4.0	False	0	79.62843322753906
mfcc_p2	richness_synthetic__256_1024	reg	reg_1.00hz_0.000	0.0	reg_1.00hz_0.000	0.0	True	0	0.0
mfcc_p2	richness_synthetic__256_1024	reg	reg_1.00hz_0.000	0.0	reg_1.00hz_0.125	0.125	False	0	22.19354820251465
mfcc_p2	richness_synthetic__256_1024	reg	reg_1.00hz_0.000	0.0	reg_1.00hz_0.250	0.25	False	0	63.34135055541992
mfcc_p2	richness_synthetic__256_1024	reg	reg_1.00hz_0.000	0.0	reg_1.00hz_0.375	0.375	False	0	99.79358673095703
mfcc_p2	richness_synthetic__256_1024	reg	reg_1.00hz_0.000	0.0	reg_1.00hz_0.500	0.5	False	0	117.18595886230469
mfcc_p2	warmth_real__vintage__logue_saw__166_1024	amp	amp_1.00hz_0.10	0.1	amp_1.00hz_0.10	0.1	True	0	0.0
mfcc_p2	warmth_real__vintage__logue_saw__166_1024	amp	amp_1.00hz_0.10	0.1	amp_1.00hz_0.30	0.3	False	0	0.7792779207229614
mfcc_p2	warmth_real__vintage__logue_saw__166_1024	amp	amp_1.00hz_0.10	0.1	amp_1.00hz_0.50	0.5	False	0	1.1142300367355347
mfcc_p2	warmth_real__vintage__logue_saw__166_1024	amp	amp_1.00hz_0.10	0.1	amp_1.00hz_0.70	0.7	False	0	1.3634690046310425
mfcc_p2	warmth_real__vintage__logue_saw__166_1024	amp	amp_1.00hz_0.10	0.1	amp_1.00hz_0.90	0.9	False	0	1.4506070613861084
mfcc_p2	warmth_real__vintage__logue_saw__166_1024	freq	freq_0.25hz	0.25	freq_0.25hz	0.25	True	0	0.0
mfcc_p2	warmth_real__vintage__logue_saw__166_1024	freq	freq_0.25hz	0.25	freq_0.50hz	0.5	False	0	1.9832367897033691
mfcc_p2	warmth_real__vintage__logue_saw__166_1024	freq	freq_0.25hz	0.25	freq_1.00hz	1.0	False	0	2.013731002807617
mfcc_p2	warmth_real__vintage__logue_saw__166_1024	freq	freq_0.25hz	0.25	freq_2.00hz	2.0	False	0	1.977475881576538
mfcc_p2	warmth_real__vintage__logue_saw__166_1024	freq	freq_0.25hz	0.25	freq_4.00hz	4.0	False	0	1.8753430843353271
mfcc_p2	warmth_real__vintage__logue_saw__166_1024	reg	reg_1.00hz_0.000	0.0	reg_1.00hz_0.000	0.0	True	0	0.0
mfcc_p2	warmth_real__vintage__logue_saw__166_1024	reg	reg_1.00hz_0.000	0.0	reg_1.00hz_0.125	0.125	False	0	1.4652037620544434
mfcc_p2	warmth_real__vintage__logue_saw__166_1024	reg	reg_1.00hz_0.000	0.0	reg_1.00hz_0.250	0.25	False	0	1.741262435913086
mfcc_p2	warmth_real__vintage__logue_saw__166_1024	reg	reg_1.00hz_0.000	0.0	reg_1.00hz_0.375	0.375	False	0	1.9733964204788208
mfcc_p2	warmth_real__vintage__logue_saw__166_1024	reg	reg_1.00hz_0.000	0.0	reg_1.00hz_0.500	0.5	False	0	2.0960617065429688
mfcc_p2	warmth_synthetic__256_1024	amp	amp_1.00hz_0.10	0.1	amp_1.00hz_0.10	0.1	True	0	0.0
mfcc_p2	warmth_synthetic__256_1024	amp	amp_1.00hz_0.10	0.1	amp_1.00hz_0.30	0.3	False	0	0.009792281314730644
mfcc_p2	warmth_synthetic__256_1024	amp	amp_1.00hz_0.10	0.1	amp_1.00hz_0.50	0.5	False	0	0.026902690529823303
mfcc_p2	warmth_synthetic__256_1024	amp	amp_1.00hz_0.10	0.1	amp_1.00hz_0.70	0.7	False	0	0.06696871668100357
mfcc_p2	warmth_synthetic__256_1024	amp	amp_1.00hz_0.10	0.1	amp_1.00hz_0.90	0.9	False	0	0.13492614030838013
mfcc_p2	warmth_synthetic__256_1024	freq	freq_0.25hz	0.25	freq_0.25hz	0.25	True	0	0.0
mfcc_p2	warmth_synthetic__256_1024	freq	freq_0.25hz	0.25	freq_0.50hz	0.5	False	0	0.2581731677055359
mfcc_p2	warmth_synthetic__256_1024	freq	freq_0.25hz	0.25	freq_1.00hz	1.0	False	0	0.39770931005477905
mfcc_p2	warmth_synthetic__256_1024	freq	freq_0.25hz	0.25	freq_2.00hz	2.0	False	0	0.4167282283306122
mfcc_p2	warmth_synthetic__256_1024	freq	freq_0.25hz	0.25	freq_4.00hz	4.0	False	0	0.4204908013343811
mfcc_p2	warmth_synthetic__256_1024	reg	reg_1.00hz_0.000	0.0	reg_1.00hz_0.000	0.0	True	0	0.0
mfcc_p2	warmth_synthetic__256_1024	reg	reg_1.00hz_0.000	0.0	reg_1.00hz_0.125	0.125	False	0	0.15108409523963928
mfcc_p2	warmth_synthetic__256_1024	reg	reg_1.00hz_0.000	0.0	reg_1.00hz_0.250	0.25	False	0	0.3540615141391754
mfcc_p2	warmth_synthetic__256_1024	reg	reg_1.00hz_0.000	0.0	reg_1.00hz_0.375	0.375	False	0	0.47309792041778564
mfcc_p2	warmth_synthetic__256_1024	reg	reg_1.00hz_0.000	0.0	reg_1.00hz_0.500	0.5	False	0	0.5055922865867615
scat1d_cqt	brightness_real__harmonics__synced_sines__256_1024	amp	amp_1.00hz_0.10	0.1	amp_1.00hz_0.10	0.1	True	0	0.0
scat1d_cqt	brightness_real__harmonics__synced_sines__256_1024	amp	amp_1.00hz_0.10	0.1	amp_1.00hz_0.30	0.3	False	0	20.01169776916504
scat1d_cqt	brightness_real__harmonics__synced_sines__256_1024	amp	amp_1.00hz_0.10	0.1	amp_1.00hz_0.50	0.5	False	0	36.3582878112793
scat1d_cqt	brightness_real__harmonics__synced_sines__256_1024	amp	amp_1.00hz_0.10	0.1	amp_1.00hz_0.70	0.7	False	0	44.7308464050293
scat1d_cqt	brightness_real__harmonics__synced_sines__256_1024	amp	amp_1.00hz_0.10	0.1	amp_1.00hz_0.90	0.9	False	0	49.43714904785156
scat1d_cqt	brightness_real__harmonics__synced_sines__256_1024	freq	freq_0.25hz	0.25	freq_0.25hz	0.25	True	0	0.0
scat1d_cqt	brightness_real__harmonics__synced_sines__256_1024	freq	freq_0.25hz	0.25	freq_0.50hz	0.5	False	0	53.345027923583984
scat1d_cqt	brightness_real__harmonics__synced_sines__256_1024	freq	freq_0.25hz	0.25	freq_1.00hz	1.0	False	0	52.27952575683594
scat1d_cqt	brightness_real__harmonics__synced_sines__256_1024	freq	freq_0.25hz	0.25	freq_2.00hz	2.0	False	0	51.84873962402344
scat1d_cqt	brightness_real__harmonics__synced_sines__256_1024	freq	freq_0.25hz	0.25	freq_4.00hz	4.0	False	0	50.794677734375
scat1d_cqt	brightness_real__harmonics__synced_sines__256_1024	reg	reg_1.00hz_0.000	0.0	reg_1.00hz_0.000	0.0	True	0	0.0
scat1d_cqt	brightness_real__harmonics__synced_sines__256_1024	reg	reg_1.00hz_0.000	0.0	reg_1.00hz_0.125	0.125	False	0	42.51337814331055
scat1d_cqt	brightness_real__harmonics__synced_sines__256_1024	reg	reg_1.00hz_0.000	0.0	reg_1.00hz_0.250	0.25	False	0	51.1522331237793
scat1d_cqt	brightness_real__harmonics__synced_sines__256_1024	reg	reg_1.00hz_0.000	0.0	reg_1.00hz_0.375	0.375	False	0	54.17707061767578
scat1d_cqt	brightness_real__harmonics__synced_sines__256_1024	reg	reg_1.00hz_0.000	0.0	reg_1.00hz_0.500	0.5	False	0	55.53742599487305
scat1d_cqt	brightness_synthetic__256_1024	amp	amp_1.00hz_0.10	0.1	amp_1.00hz_0.10	0.1	True	0	0.0
scat1d_cqt	brightness_synthetic__256_1024	amp	amp_1.00hz_0.10	0.1	amp_1.00hz_0.30	0.3	False	0	14.357441902160645
scat1d_cqt	brightness_synthetic__256_1024	amp	amp_1.00hz_0.10	0.1	amp_1.00hz_0.50	0.5	False	0	24.880916595458984
scat1d_cqt	brightness_synthetic__256_1024	amp	amp_1.00hz_0.10	0.1	amp_1.00hz_0.70	0.7	False	0	33.906925201416016
scat1d_cqt	brightness_synthetic__256_1024	amp	amp_1.00hz_0.10	0.1	amp_1.00hz_0.90	0.9	False	0	40.926544189453125
scat1d_cqt	brightness_synthetic__256_1024	freq	freq_0.25hz	0.25	freq_0.25hz	0.25	True	0	0.0
scat1d_cqt	brightness_synthetic__256_1024	freq	freq_0.25hz	0.25	freq_0.50hz	0.5	False	0	48.55924606323242
scat1d_cqt	brightness_synthetic__256_1024	freq	freq_0.25hz	0.25	freq_1.00hz	1.0	False	0	47.68152618408203
scat1d_cqt	brightness_synthetic__256_1024	freq	freq_0.25hz	0.25	freq_2.00hz	2.0	False	0	47.19624710083008
scat1d_cqt	brightness_synthetic__256_1024	freq	freq_0.25hz	0.25	freq_4.00hz	4.0	False	0	46.695682525634766
scat1d_cqt	brightness_synthetic__256_1024	reg	reg_1.00hz_0.000	0.0	reg_1.00hz_0.000	0.0	True	0	0.0
scat1d_cqt	brightness_synthetic__256_1024	reg	reg_1.00hz_0.000	0.0	reg_1.00hz_0.125	0.125	False	0	32.8537483215332
scat1d_cqt	brightness_synthetic__256_1024	reg	reg_1.00hz_0.000	0.0	reg_1.00hz_0.250	0.25	False	0	45.7676887512207
scat1d_cqt	brightness_synthetic__256_1024	reg	reg_1.00hz_0.000	0.0	reg_1.00hz_0.375	0.375	False	0	50.79119873046875
scat1d_cqt	brightness_synthetic__256_1024	reg	reg_1.00hz_0.000	0.0	reg_1.00hz_0.500	0.5	False	0	52.74929428100586
scat1d_cqt	richness_real__filter__acid_saw__46_1024__inverted	amp	amp_1.00hz_0.10	0.1	amp_1.00hz_0.10	0.1	True	0	0.0
scat1d_cqt	richness_real__filter__acid_saw__46_1024__inverted	amp	amp_1.00hz_0.10	0.1	amp_1.00hz_0.30	0.3	False	0	6.609105110168457
scat1d_cqt	richness_real__filter__acid_saw__46_1024__inverted	amp	amp_1.00hz_0.10	0.1	amp_1.00hz_0.50	0.5	False	0	12.542753219604492
scat1d_cqt	richness_real__filter__acid_saw__46_1024__inverted	amp	amp_1.00hz_0.10	0.1	amp_1.00hz_0.70	0.7	False	0	17.179725646972656
scat1d_cqt	richness_real__filter__acid_saw__46_1024__inverted	amp	amp_1.00hz_0.10	0.1	amp_1.00hz_0.90	0.9	False	0	20.592498779296875
scat1d_cqt	richness_real__filter__acid_saw__46_1024__inverted	freq	freq_0.25hz	0.25	freq_0.25hz	0.25	True	0	0.0
scat1d_cqt	richness_real__filter__acid_saw__46_1024__inverted	freq	freq_0.25hz	0.25	freq_0.50hz	0.5	False	0	25.157846450805664
scat1d_cqt	richness_real__filter__acid_saw__46_1024__inverted	freq	freq_0.25hz	0.25	freq_1.00hz	1.0	False	0	25.618146896362305
scat1d_cqt	richness_real__filter__acid_saw__46_1024__inverted	freq	freq_0.25hz	0.25	freq_2.00hz	2.0	False	0	26.614368438720703
scat1d_cqt	richness_real__filter__acid_saw__46_1024__inverted	freq	freq_0.25hz	0.25	freq_4.00hz	4.0	False	0	26.752918243408203
scat1d_cqt	richness_real__filter__acid_saw__46_1024__inverted	reg	reg_1.00hz_0.000	0.0	reg_1.00hz_0.000	0.0	True	0	0.0
scat1d_cqt	richness_real__filter__acid_saw__46_1024__inverted	reg	reg_1.00hz_0.000	0.0	reg_1.00hz_0.125	0.125	False	0	18.601030349731445
scat1d_cqt	richness_real__filter__acid_saw__46_1024__inverted	reg	reg_1.00hz_0.000	0.0	reg_1.00hz_0.250	0.25	False	0	25.088809967041016
scat1d_cqt	richness_real__filter__acid_saw__46_1024__inverted	reg	reg_1.00hz_0.000	0.0	reg_1.00hz_0.375	0.375	False	0	28.101890563964844
scat1d_cqt	richness_real__filter__acid_saw__46_1024__inverted	reg	reg_1.00hz_0.000	0.0	reg_1.00hz_0.500	0.5	False	0	29.105571746826172
scat1d_cqt	richness_synthetic__256_1024	amp	amp_1.00hz_0.10	0.1	amp_1.00hz_0.10	0.1	True	0	0.0
scat1d_cqt	richness_synthetic__256_1024	amp	amp_1.00hz_0.10	0.1	amp_1.00hz_0.30	0.3	False	0	4.293081760406494
scat1d_cqt	richness_synthetic__256_1024	amp	amp_1.00hz_0.10	0.1	amp_1.00hz_0.50	0.5	False	0	8.668497085571289
scat1d_cqt	richness_synthetic__256_1024	amp	amp_1.00hz_0.10	0.1	amp_1.00hz_0.70	0.7	False	0	13.085597038269043
scat1d_cqt	richness_synthetic__256_1024	amp	amp_1.00hz_0.10	0.1	amp_1.00hz_0.90	0.9	False	0	17.270408630371094
scat1d_cqt	richness_synthetic__256_1024	freq	freq_0.25hz	0.25	freq_0.25hz	0.25	True	0	0.0
scat1d_cqt	richness_synthetic__256_1024	freq	freq_0.25hz	0.25	freq_0.50hz	0.5	False	0	25.378969192504883
scat1d_cqt	richness_synthetic__256_1024	freq	freq_0.25hz	0.25	freq_1.00hz	1.0	False	0	26.37450408935547
scat1d_cqt	richness_synthetic__256_1024	freq	freq_0.25hz	0.25	freq_2.00hz	2.0	False	0	26.043432235717773
scat1d_cqt	richness_synthetic__256_1024	freq	freq_0.25hz	0.25	freq_4.00hz	4.0	False	0	25.84322166442871
scat1d_cqt	richness_synthetic__256_1024	reg	reg_1.00hz_0.000	0.0	reg_1.00hz_0.000	0.0	True	0	0.0
scat1d_cqt	richness_synthetic__256_1024	reg	reg_1.00hz_0.000	0.0	reg_1.00hz_0.125	0.125	False	0	12.646123886108398
scat1d_cqt	richness_synthetic__256_1024	reg	reg_1.00hz_0.000	0.0	reg_1.00hz_0.250	0.25	False	0	22.15786361694336
scat1d_cqt	richness_synthetic__256_1024	reg	reg_1.00hz_0.000	0.0	reg_1.00hz_0.375	0.375	False	0	27.963043212890625
scat1d_cqt	richness_synthetic__256_1024	reg	reg_1.00hz_0.000	0.0	reg_1.00hz_0.500	0.5	False	0	30.197643280029297
scat1d_cqt	warmth_real__vintage__logue_saw__166_1024	amp	amp_1.00hz_0.10	0.1	amp_1.00hz_0.10	0.1	True	0	0.0
scat1d_cqt	warmth_real__vintage__logue_saw__166_1024	amp	amp_1.00hz_0.10	0.1	amp_1.00hz_0.30	0.3	False	0	10.115076065063477
scat1d_cqt	warmth_real__vintage__logue_saw__166_1024	amp	amp_1.00hz_0.10	0.1	amp_1.00hz_0.50	0.5	False	0	16.429157257080078
scat1d_cqt	warmth_real__vintage__logue_saw__166_1024	amp	amp_1.00hz_0.10	0.1	amp_1.00hz_0.70	0.7	False	0	21.249183654785156
scat1d_cqt	warmth_real__vintage__logue_saw__166_1024	amp	amp_1.00hz_0.10	0.1	amp_1.00hz_0.90	0.9	False	0	24.936891555786133
scat1d_cqt	warmth_real__vintage__logue_saw__166_1024	freq	freq_0.25hz	0.25	freq_0.25hz	0.25	True	0	0.0
scat1d_cqt	warmth_real__vintage__logue_saw__166_1024	freq	freq_0.25hz	0.25	freq_0.50hz	0.5	False	0	35.46216583251953
scat1d_cqt	warmth_real__vintage__logue_saw__166_1024	freq	freq_0.25hz	0.25	freq_1.00hz	1.0	False	0	33.802555084228516
scat1d_cqt	warmth_real__vintage__logue_saw__166_1024	freq	freq_0.25hz	0.25	freq_2.00hz	2.0	False	0	33.08457565307617
scat1d_cqt	warmth_real__vintage__logue_saw__166_1024	freq	freq_0.25hz	0.25	freq_4.00hz	4.0	False	0	32.918617248535156
scat1d_cqt	warmth_real__vintage__logue_saw__166_1024	reg	reg_1.00hz_0.000	0.0	reg_1.00hz_0.000	0.0	True	0	0.0
scat1d_cqt	warmth_real__vintage__logue_saw__166_1024	reg	reg_1.00hz_0.000	0.0	reg_1.00hz_0.125	0.125	False	0	20.827838897705078
scat1d_cqt	warmth_real__vintage__logue_saw__166_1024	reg	reg_1.00hz_0.000	0.0	reg_1.00hz_0.250	0.25	False	0	29.863554000854492
scat1d_cqt	warmth_real__vintage__logue_saw__166_1024	reg	reg_1.00hz_0.000	0.0	reg_1.00hz_0.375	0.375	False	0	35.88117980957031
scat1d_cqt	warmth_real__vintage__logue_saw__166_1024	reg	reg_1.00hz_0.000	0.0	reg_1.00hz_0.500	0.5	False	0	38.43583297729492
scat1d_cqt	warmth_synthetic__256_1024	amp	amp_1.00hz_0.10	0.1	amp_1.00hz_0.10	0.1	True	0	0.0
scat1d_cqt	warmth_synthetic__256_1024	amp	amp_1.00hz_0.10	0.1	amp_1.00hz_0.30	0.3	False	0	1.6648831367492676
scat1d_cqt	warmth_synthetic__256_1024	amp	amp_1.00hz_0.10	0.1	amp_1.00hz_0.50	0.5	False	0	3.413404941558838
scat1d_cqt	warmth_synthetic__256_1024	amp	amp_1.00hz_0.10	0.1	amp_1.00hz_0.70	0.7	False	0	5.380317211151123
scat1d_cqt	warmth_synthetic__256_1024	amp	amp_1.00hz_0.10	0.1	amp_1.00hz_0.90	0.9	False	0	7.666229248046875
scat1d_cqt	warmth_synthetic__256_1024	freq	freq_0.25hz	0.25	freq_0.25hz	0.25	True	0	0.0
scat1d_cqt	warmth_synthetic__256_1024	freq	freq_0.25hz	0.25	freq_0.50hz	0.5	False	0	11.916278839111328
scat1d_cqt	warmth_synthetic__256_1024	freq	freq_0.25hz	0.25	freq_1.00hz	1.0	False	0	12.608938217163086
scat1d_cqt	warmth_synthetic__256_1024	freq	freq_0.25hz	0.25	freq_2.00hz	2.0	False	0	12.532672882080078
scat1d_cqt	warmth_synthetic__256_1024	freq	freq_0.25hz	0.25	freq_4.00hz	4.0	False	0	12.506816864013672
scat1d_cqt	warmth_synthetic__256_1024	reg	reg_1.00hz_0.000	0.0	reg_1.00hz_0.000	0.0	True	0	0.0
scat1d_cqt	warmth_synthetic__256_1024	reg	reg_1.00hz_0.000	0.0	reg_1.00hz_0.125	0.125	False	0	6.455319404602051
scat1d_cqt	warmth_synthetic__256_1024	reg	reg_1.00hz_0.000	0.0	reg_1.00hz_0.250	0.25	False	0	10.981069564819336
scat1d_cqt	warmth_synthetic__256_1024	reg	reg_1.00hz_0.000	0.0	reg_1.00hz_0.375	0.375	False	0	13.426138877868652
scat1d_cqt	warmth_synthetic__256_1024	reg	reg_1.00hz_0.000	0.0	reg_1.00hz_0.500	0.5	False	0	14.365893363952637
mss_log_lin	brightness_real__harmonics__synced_sines__256_1024	amp	amp_1.00hz_0.10	0.1	amp_1.00hz_0.10	0.1	True	0	0.0
mss_log_lin	brightness_real__harmonics__synced_sines__256_1024	amp	amp_1.00hz_0.10	0.1	amp_1.00hz_0.30	0.3	False	0	0.41931745409965515
mss_log_lin	brightness_real__harmonics__synced_sines__256_1024	amp	amp_1.00hz_0.10	0.1	amp_1.00hz_0.50	0.5	False	0	0.5196155905723572
mss_log_lin	brightness_real__harmonics__synced_sines__256_1024	amp	amp_1.00hz_0.10	0.1	amp_1.00hz_0.70	0.7	False	0	0.6117780804634094
mss_log_lin	brightness_real__harmonics__synced_sines__256_1024	amp	amp_1.00hz_0.10	0.1	amp_1.00hz_0.90	0.9	False	0	0.6956612467765808
mss_log_lin	brightness_real__harmonics__synced_sines__256_1024	freq	freq_0.25hz	0.25	freq_0.25hz	0.25	True	0	0.0
mss_log_lin	brightness_real__harmonics__synced_sines__256_1024	freq	freq_0.25hz	0.25	freq_0.50hz	0.5	False	0	0.7826428413391113
mss_log_lin	brightness_real__harmonics__synced_sines__256_1024	freq	freq_0.25hz	0.25	freq_1.00hz	1.0	False	0	0.8126557469367981
mss_log_lin	brightness_real__harmonics__synced_sines__256_1024	freq	freq_0.25hz	0.25	freq_2.00hz	2.0	False	0	0.9761039614677429
mss_log_lin	brightness_real__harmonics__synced_sines__256_1024	freq	freq_0.25hz	0.25	freq_4.00hz	4.0	False	0	1.3548983335494995
mss_log_lin	brightness_real__harmonics__synced_sines__256_1024	reg	reg_1.00hz_0.000	0.0	reg_1.00hz_0.000	0.0	True	0	0.0
mss_log_lin	brightness_real__harmonics__synced_sines__256_1024	reg	reg_1.00hz_0.000	0.0	reg_1.00hz_0.125	0.125	False	0	0.6693496704101562
mss_log_lin	brightness_real__harmonics__synced_sines__256_1024	reg	reg_1.00hz_0.000	0.0	reg_1.00hz_0.250	0.25	False	0	0.8017275929450989
mss_log_lin	brightness_real__harmonics__synced_sines__256_1024	reg	reg_1.00hz_0.000	0.0	reg_1.00hz_0.375	0.375	False	0	0.8804553151130676
mss_log_lin	brightness_real__harmonics__synced_sines__256_1024	reg	reg_1.00hz_0.000	0.0	reg_1.00hz_0.500	0.5	False	0	0.9084269404411316
mss_log_lin	brightness_synthetic__256_1024	amp	amp_1.00hz_0.10	0.1	amp_1.00hz_0.10	0.1	True	0	0.0
mss_log_lin	brightness_synthetic__256_1024	amp	amp_1.00hz_0.10	0.1	amp_1.00hz_0.30	0.3	False	0	0.38578951358795166
mss_log_lin	brightness_synthetic__256_1024	amp	amp_1.00hz_0.10	0.1	amp_1.00hz_0.50	0.5	False	0	0.4973233640193939
mss_log_lin	brightness_synthetic__256_1024	amp	amp_1.00hz_0.10	0.1	amp_1.00hz_0.70	0.7	False	0	0.5899495482444763
mss_log_lin	brightness_synthetic__256_1024	amp	amp_1.00hz_0.10	0.1	amp_1.00hz_0.90	0.9	False	0	0.6628733277320862
mss_log_lin	brightness_synthetic__256_1024	freq	freq_0.25hz	0.25	freq_0.25hz	0.25	True	0	0.0
mss_log_lin	brightness_synthetic__256_1024	freq	freq_0.25hz	0.25	freq_0.50hz	0.5	False	0	0.7787160873413086
mss_log_lin	brightness_synthetic__256_1024	freq	freq_0.25hz	0.25	freq_1.00hz	1.0	False	0	0.7588388323783875
mss_log_lin	brightness_synthetic__256_1024	freq	freq_0.25hz	0.25	freq_2.00hz	2.0	False	0	0.7626845240592957
mss_log_lin	brightness_synthetic__256_1024	freq	freq_0.25hz	0.25	freq_4.00hz	4.0	False	0	0.7848494648933411
mss_log_lin	brightness_synthetic__256_1024	reg	reg_1.00hz_0.000	0.0	reg_1.00hz_0.000	0.0	True	0	0.0
mss_log_lin	brightness_synthetic__256_1024	reg	reg_1.00hz_0.000	0.0	reg_1.00hz_0.125	0.125	False	0	0.5565266013145447
mss_log_lin	brightness_synthetic__256_1024	reg	reg_1.00hz_0.000	0.0	reg_1.00hz_0.250	0.25	False	0	0.7211006283760071
mss_log_lin	brightness_synthetic__256_1024	reg	reg_1.00hz_0.000	0.0	reg_1.00hz_0.375	0.375	False	0	0.8155970573425293
mss_log_lin	brightness_synthetic__256_1024	reg	reg_1.00hz_0.000	0.0	reg_1.00hz_0.500	0.5	False	0	0.8607023358345032
mss_log_lin	richness_real__filter__acid_saw__46_1024__inverted	amp	amp_1.00hz_0.10	0.1	amp_1.00hz_0.10	0.1	True	0	0.0
mss_log_lin	richness_real__filter__acid_saw__46_1024__inverted	amp	amp_1.00hz_0.10	0.1	amp_1.00hz_0.30	0.3	False	0	0.3866209089756012
mss_log_lin	richness_real__filter__acid_saw__46_1024__inverted	amp	amp_1.00hz_0.10	0.1	amp_1.00hz_0.50	0.5	False	0	0.48665109276771545
mss_log_lin	richness_real__filter__acid_saw__46_1024__inverted	amp	amp_1.00hz_0.10	0.1	amp_1.00hz_0.70	0.7	False	0	0.5802401900291443
mss_log_lin	richness_real__filter__acid_saw__46_1024__inverted	amp	amp_1.00hz_0.10	0.1	amp_1.00hz_0.90	0.9	False	0	0.7032135128974915
mss_log_lin	richness_real__filter__acid_saw__46_1024__inverted	freq	freq_0.25hz	0.25	freq_0.25hz	0.25	True	0	0.0
mss_log_lin	richness_real__filter__acid_saw__46_1024__inverted	freq	freq_0.25hz	0.25	freq_0.50hz	0.5	False	0	0.9789088368415833
mss_log_lin	richness_real__filter__acid_saw__46_1024__inverted	freq	freq_0.25hz	0.25	freq_1.00hz	1.0	False	0	0.9334092140197754
mss_log_lin	richness_real__filter__acid_saw__46_1024__inverted	freq	freq_0.25hz	0.25	freq_2.00hz	2.0	False	0	0.9438756108283997
mss_log_lin	richness_real__filter__acid_saw__46_1024__inverted	freq	freq_0.25hz	0.25	freq_4.00hz	4.0	False	0	0.9625678658485413
mss_log_lin	richness_real__filter__acid_saw__46_1024__inverted	reg	reg_1.00hz_0.000	0.0	reg_1.00hz_0.000	0.0	True	0	0.0
mss_log_lin	richness_real__filter__acid_saw__46_1024__inverted	reg	reg_1.00hz_0.000	0.0	reg_1.00hz_0.125	0.125	False	0	0.6274601817131042
mss_log_lin	richness_real__filter__acid_saw__46_1024__inverted	reg	reg_1.00hz_0.000	0.0	reg_1.00hz_0.250	0.25	False	0	0.8673093914985657
mss_log_lin	richness_real__filter__acid_saw__46_1024__inverted	reg	reg_1.00hz_0.000	0.0	reg_1.00hz_0.375	0.375	False	0	1.0257989168167114
mss_log_lin	richness_real__filter__acid_saw__46_1024__inverted	reg	reg_1.00hz_0.000	0.0	reg_1.00hz_0.500	0.5	False	0	1.0956430435180664
mss_log_lin	richness_synthetic__256_1024	amp	amp_1.00hz_0.10	0.1	amp_1.00hz_0.10	0.1	True	0	0.0
mss_log_lin	richness_synthetic__256_1024	amp	amp_1.00hz_0.10	0.1	amp_1.00hz_0.30	0.3	False	0	0.29507482051849365
mss_log_lin	richness_synthetic__256_1024	amp	amp_1.00hz_0.10	0.1	amp_1.00hz_0.50	0.5	False	0	0.35903751850128174
mss_log_lin	richness_synthetic__256_1024	amp	amp_1.00hz_0.10	0.1	amp_1.00hz_0.70	0.7	False	0	0.4242262542247772
mss_log_lin	richness_synthetic__256_1024	amp	amp_1.00hz_0.10	0.1	amp_1.00hz_0.90	0.9	False	0	0.4865582287311554
mss_log_lin	richness_synthetic__256_1024	freq	freq_0.25hz	0.25	freq_0.25hz	0.25	True	0	0.0
mss_log_lin	richness_synthetic__256_1024	freq	freq_0.25hz	0.25	freq_0.50hz	0.5	False	0	0.620120108127594
mss_log_lin	richness_synthetic__256_1024	freq	freq_0.25hz	0.25	freq_1.00hz	1.0	False	0	0.5969994068145752
mss_log_lin	richness_synthetic__256_1024	freq	freq_0.25hz	0.25	freq_2.00hz	2.0	False	0	0.5955482125282288
mss_log_lin	richness_synthetic__256_1024	freq	freq_0.25hz	0.25	freq_4.00hz	4.0	False	0	0.5968043804168701
mss_log_lin	richness_synthetic__256_1024	reg	reg_1.00hz_0.000	0.0	reg_1.00hz_0.000	0.0	True	0	0.0
mss_log_lin	richness_synthetic__256_1024	reg	reg_1.00hz_0.000	0.0	reg_1.00hz_0.125	0.125	False	0	0.4120175540447235
mss_log_lin	richness_synthetic__256_1024	reg	reg_1.00hz_0.000	0.0	reg_1.00hz_0.250	0.25	False	0	0.5510699152946472
mss_log_lin	richness_synthetic__256_1024	reg	reg_1.00hz_0.000	0.0	reg_1.00hz_0.375	0.375	False	0	0.640092670917511
mss_log_lin	richness_synthetic__256_1024	reg	reg_1.00hz_0.000	0.0	reg_1.00hz_0.500	0.5	False	0	0.6814079284667969
mss_log_lin	warmth_real__vintage__logue_saw__166_1024	amp	amp_1.00hz_0.10	0.1	amp_1.00hz_0.10	0.1	True	0	0.0
mss_log_lin	warmth_real__vintage__logue_saw__166_1024	amp	amp_1.00hz_0.10	0.1	amp_1.00hz_0.30	0.3	False	0	0.6774471402168274
mss_log_lin	warmth_real__vintage__logue_saw__166_1024	amp	amp_1.00hz_0.10	0.1	amp_1.00hz_0.50	0.5	False	0	0.7981135249137878
mss_log_lin	warmth_real__vintage__logue_saw__166_1024	amp	amp_1.00hz_0.10	0.1	amp_1.00hz_0.70	0.7	False	0	0.9148845076560974
mss_log_lin	warmth_real__vintage__logue_saw__166_1024	amp	amp_1.00hz_0.10	0.1	amp_1.00hz_0.90	0.9	False	0	1.019734263420105
mss_log_lin	warmth_real__vintage__logue_saw__166_1024	freq	freq_0.25hz	0.25	freq_0.25hz	0.25	True	0	0.0
mss_log_lin	warmth_real__vintage__logue_saw__166_1024	freq	freq_0.25hz	0.25	freq_0.50hz	0.5	False	0	1.222809910774231
mss_log_lin	warmth_real__vintage__logue_saw__166_1024	freq	freq_0.25hz	0.25	freq_1.00hz	1.0	False	0	1.228206753730774
mss_log_lin	warmth_real__vintage__logue_saw__166_1024	freq	freq_0.25hz	0.25	freq_2.00hz	2.0	False	0	1.2301591634750366
mss_log_lin	warmth_real__vintage__logue_saw__166_1024	freq	freq_0.25hz	0.25	freq_4.00hz	4.0	False	0	1.2315243482589722
mss_log_lin	warmth_real__vintage__logue_saw__166_1024	reg	reg_1.00hz_0.000	0.0	reg_1.00hz_0.000	0.0	True	0	0.0
mss_log_lin	warmth_real__vintage__logue_saw__166_1024	reg	reg_1.00hz_0.000	0.0	reg_1.00hz_0.125	0.125	False	0	0.9891666769981384
mss_log_lin	warmth_real__vintage__logue_saw__166_1024	reg	reg_1.00hz_0.000	0.0	reg_1.00hz_0.250	0.25	False	0	1.1675835847854614
mss_log_lin	warmth_real__vintage__logue_saw__166_1024	reg	reg_1.00hz_0.000	0.0	reg_1.00hz_0.375	0.375	False	0	1.2759690284729004
mss_log_lin	warmth_real__vintage__logue_saw__166_1024	reg	reg_1.00hz_0.000	0.0	reg_1.00hz_0.500	0.5	False	0	1.3274410963058472
mss_log_lin	warmth_synthetic__256_1024	amp	amp_1.00hz_0.10	0.1	amp_1.00hz_0.10	0.1	True	0	0.0
mss_log_lin	warmth_synthetic__256_1024	amp	amp_1.00hz_0.10	0.1	amp_1.00hz_0.30	0.3	False	0	0.15723401308059692
mss_log_lin	warmth_synthetic__256_1024	amp	amp_1.00hz_0.10	0.1	amp_1.00hz_0.50	0.5	False	0	0.2384755164384842
mss_log_lin	warmth_synthetic__256_1024	amp	amp_1.00hz_0.10	0.1	amp_1.00hz_0.70	0.7	False	0	0.32692575454711914
mss_log_lin	warmth_synthetic__256_1024	amp	amp_1.00hz_0.10	0.1	amp_1.00hz_0.90	0.9	False	0	0.4290755093097687
mss_log_lin	warmth_synthetic__256_1024	freq	freq_0.25hz	0.25	freq_0.25hz	0.25	True	0	0.0
mss_log_lin	warmth_synthetic__256_1024	freq	freq_0.25hz	0.25	freq_0.50hz	0.5	False	0	0.5904524922370911
mss_log_lin	warmth_synthetic__256_1024	freq	freq_0.25hz	0.25	freq_1.00hz	1.0	False	0	0.6089708805084229
mss_log_lin	warmth_synthetic__256_1024	freq	freq_0.25hz	0.25	freq_2.00hz	2.0	False	0	0.6076316237449646
mss_log_lin	warmth_synthetic__256_1024	freq	freq_0.25hz	0.25	freq_4.00hz	4.0	False	0	0.607182502746582
mss_log_lin	warmth_synthetic__256_1024	reg	reg_1.00hz_0.000	0.0	reg_1.00hz_0.000	0.0	True	0	0.0
mss_log_lin	warmth_synthetic__256_1024	reg	reg_1.00hz_0.000	0.0	reg_1.00hz_0.125	0.125	False	0	0.3771805763244629
mss_log_lin	warmth_synthetic__256_1024	reg	reg_1.00hz_0.000	0.0	reg_1.00hz_0.250	0.25	False	0	0.5657410621643066
mss_log_lin	warmth_synthetic__256_1024	reg	reg_1.00hz_0.000	0.0	reg_1.00hz_0.375	0.375	False	0	0.6556135416030884
mss_log_lin	warmth_synthetic__256_1024	reg	reg_1.00hz_0.000	0.0	reg_1.00hz_0.500	0.5	False	0	0.6941965222358704
scat1d_log1p	brightness_real__harmonics__synced_sines__256_1024	amp	amp_1.00hz_0.10	0.1	amp_1.00hz_0.10	0.1	True	0	0.0
scat1d_log1p	brightness_real__harmonics__synced_sines__256_1024	amp	amp_1.00hz_0.10	0.1	amp_1.00hz_0.30	0.3	False	0	0.22253194451332092
scat1d_log1p	brightness_real__harmonics__synced_sines__256_1024	amp	amp_1.00hz_0.10	0.1	amp_1.00hz_0.50	0.5	False	0	0.44317930936813354
scat1d_log1p	brightness_real__harmonics__synced_sines__256_1024	amp	amp_1.00hz_0.10	0.1	amp_1.00hz_0.70	0.7	False	0	0.6901935338973999
scat1d_log1p	brightness_real__harmonics__synced_sines__256_1024	amp	amp_1.00hz_0.10	0.1	amp_1.00hz_0.90	0.9	False	0	0.909787118434906
scat1d_log1p	brightness_real__harmonics__synced_sines__256_1024	freq	freq_0.25hz	0.25	freq_0.25hz	0.25	True	0	0.0
scat1d_log1p	brightness_real__harmonics__synced_sines__256_1024	freq	freq_0.25hz	0.25	freq_0.50hz	0.5	False	0	0.8579372763633728
scat1d_log1p	brightness_real__harmonics__synced_sines__256_1024	freq	freq_0.25hz	0.25	freq_1.00hz	1.0	False	0	1.0810368061065674
scat1d_log1p	brightness_real__harmonics__synced_sines__256_1024	freq	freq_0.25hz	0.25	freq_2.00hz	2.0	False	0	1.5034762620925903
scat1d_log1p	brightness_real__harmonics__synced_sines__256_1024	freq	freq_0.25hz	0.25	freq_4.00hz	4.0	False	0	1.7776920795440674
scat1d_log1p	brightness_real__harmonics__synced_sines__256_1024	reg	reg_1.00hz_0.000	0.0	reg_1.00hz_0.000	0.0	True	0	0.0
scat1d_log1p	brightness_real__harmonics__synced_sines__256_1024	reg	reg_1.00hz_0.000	0.0	reg_1.00hz_0.125	0.125	False	0	0.2886369526386261
scat1d_log1p	brightness_real__harmonics__synced_sines__256_1024	reg	reg_1.00hz_0.000	0.0	reg_1.00hz_0.250	0.25	False	0	0.5159698724746704
scat1d_log1p	brightness_real__harmonics__synced_sines__256_1024	reg	reg_1.00hz_0.000	0.0	reg_1.00hz_0.375	0.375	False	0	0.6880825757980347
scat1d_log1p	brightness_real__harmonics__synced_sines__256_1024	reg	reg_1.00hz_0.000	0.0	reg_1.00hz_0.500	0.5	False	0	0.8092515468597412
scat1d_log1p	brightness_synthetic__256_1024	amp	amp_1.00hz_0.10	0.1	amp_1.00hz_0.10	0.1	True	0	0.0
scat1d_log1p	brightness_synthetic__256_1024	amp	amp_1.00hz_0.10	0.1	amp_1.00hz_0.30	0.3	False	0	0.23183993995189667
scat1d_log1p	brightness_synthetic__256_1024	amp	amp_1.00hz_0.10	0.1	amp_1.00hz_0.50	0.5	False	0	0.4247809052467346
scat1d_log1p	brightness_synthetic__256_1024	amp	amp_1.00hz_0.10	0.1	amp_1.00hz_0.70	0.7	False	0	0.6078247427940369
scat1d_log1p	brightness_synthetic__256_1024	amp	amp_1.00hz_0.10	0.1	amp_1.00hz_0.90	0.9	False	0	0.7828677296638489
scat1d_log1p	brightness_synthetic__256_1024	freq	freq_0.25hz	0.25	freq_0.25hz	0.25	True	0	0.0
scat1d_log1p	brightness_synthetic__256_1024	freq	freq_0.25hz	0.25	freq_0.50hz	0.5	False	0	0.7778768539428711
scat1d_log1p	brightness_synthetic__256_1024	freq	freq_0.25hz	0.25	freq_1.00hz	1.0	False	0	0.9448695182800293
scat1d_log1p	brightness_synthetic__256_1024	freq	freq_0.25hz	0.25	freq_2.00hz	2.0	False	0	1.3766777515411377
scat1d_log1p	brightness_synthetic__256_1024	freq	freq_0.25hz	0.25	freq_4.00hz	4.0	False	0	1.7555391788482666
scat1d_log1p	brightness_synthetic__256_1024	reg	reg_1.00hz_0.000	0.0	reg_1.00hz_0.000	0.0	True	0	0.0
scat1d_log1p	brightness_synthetic__256_1024	reg	reg_1.00hz_0.000	0.0	reg_1.00hz_0.125	0.125	False	0	0.22610801458358765
scat1d_log1p	brightness_synthetic__256_1024	reg	reg_1.00hz_0.000	0.0	reg_1.00hz_0.250	0.25	False	0	0.42594337463378906
scat1d_log1p	brightness_synthetic__256_1024	reg	reg_1.00hz_0.000	0.0	reg_1.00hz_0.375	0.375	False	0	0.5832090377807617
scat1d_log1p	brightness_synthetic__256_1024	reg	reg_1.00hz_0.000	0.0	reg_1.00hz_0.500	0.5	False	0	0.7039945125579834
scat1d_log1p	richness_real__filter__acid_saw__46_1024__inverted	amp	amp_1.00hz_0.10	0.1	amp_1.00hz_0.10	0.1	True	0	0.0
scat1d_log1p	richness_real__filter__acid_saw__46_1024__inverted	amp	amp_1.00hz_0.10	0.1	amp_1.00hz_0.30	0.3	False	0	0.13621097803115845
scat1d_log1p	richness_real__filter__acid_saw__46_1024__inverted	amp	amp_1.00hz_0.10	0.1	amp_1.00hz_0.50	0.5	False	0	0.2876136898994446
scat1d_log1p	richness_real__filter__acid_saw__46_1024__inverted	amp	amp_1.00hz_0.10	0.1	amp_1.00hz_0.70	0.7	False	0	0.445486456155777
scat1d_log1p	richness_real__filter__acid_saw__46_1024__inverted	amp	amp_1.00hz_0.10	0.1	amp_1.00hz_0.90	0.9	False	0	0.7336966395378113
scat1d_log1p	richness_real__filter__acid_saw__46_1024__inverted	freq	freq_0.25hz	0.25	freq_0.25hz	0.25	True	0	0.0
scat1d_log1p	richness_real__filter__acid_saw__46_1024__inverted	freq	freq_0.25hz	0.25	freq_0.50hz	0.5	False	0	0.8773558735847473
scat1d_log1p	richness_real__filter__acid_saw__46_1024__inverted	freq	freq_0.25hz	0.25	freq_1.00hz	1.0	False	0	0.9786564111709595
scat1d_log1p	richness_real__filter__acid_saw__46_1024__inverted	freq	freq_0.25hz	0.25	freq_2.00hz	2.0	False	0	1.2597157955169678
scat1d_log1p	richness_real__filter__acid_saw__46_1024__inverted	freq	freq_0.25hz	0.25	freq_4.00hz	4.0	False	0	1.5720758438110352
scat1d_log1p	richness_real__filter__acid_saw__46_1024__inverted	reg	reg_1.00hz_0.000	0.0	reg_1.00hz_0.000	0.0	True	0	0.0
scat1d_log1p	richness_real__filter__acid_saw__46_1024__inverted	reg	reg_1.00hz_0.000	0.0	reg_1.00hz_0.125	0.125	False	0	0.28686121106147766
scat1d_log1p	richness_real__filter__acid_saw__46_1024__inverted	reg	reg_1.00hz_0.000	0.0	reg_1.00hz_0.250	0.25	False	0	0.5360465049743652
scat1d_log1p	richness_real__filter__acid_saw__46_1024__inverted	reg	reg_1.00hz_0.000	0.0	reg_1.00hz_0.375	0.375	False	0	0.7216388583183289
scat1d_log1p	richness_real__filter__acid_saw__46_1024__inverted	reg	reg_1.00hz_0.000	0.0	reg_1.00hz_0.500	0.5	False	0	0.8279532790184021
scat1d_log1p	richness_synthetic__256_1024	amp	amp_1.00hz_0.10	0.1	amp_1.00hz_0.10	0.1	True	0	0.0
scat1d_log1p	richness_synthetic__256_1024	amp	amp_1.00hz_0.10	0.1	amp_1.00hz_0.30	0.3	False	0	0.09926435351371765
scat1d_log1p	richness_synthetic__256_1024	amp	amp_1.00hz_0.10	0.1	amp_1.00hz_0.50	0.5	False	0	0.2044455111026764
scat1d_log1p	richness_synthetic__256_1024	amp	amp_1.00hz_0.10	0.1	amp_1.00hz_0.70	0.7	False	0	0.3145398795604706
scat1d_log1p	richness_synthetic__256_1024	amp	amp_1.00hz_0.10	0.1	amp_1.00hz_0.90	0.9	False	0	0.42373645305633545
scat1d_log1p	richness_synthetic__256_1024	freq	freq_0.25hz	0.25	freq_0.25hz	0.25	True	0	0.0
scat1d_log1p	richness_synthetic__256_1024	freq	freq_0.25hz	0.25	freq_0.50hz	0.5	False	0	0.5292917490005493
scat1d_log1p	richness_synthetic__256_1024	freq	freq_0.25hz	0.25	freq_1.00hz	1.0	False	0	0.5782450437545776
scat1d_log1p	richness_synthetic__256_1024	freq	freq_0.25hz	0.25	freq_2.00hz	2.0	False	0	0.7909060120582581
scat1d_log1p	richness_synthetic__256_1024	freq	freq_0.25hz	0.25	freq_4.00hz	4.0	False	0	1.0513556003570557
scat1d_log1p	richness_synthetic__256_1024	reg	reg_1.00hz_0.000	0.0	reg_1.00hz_0.000	0.0	True	0	0.0
scat1d_log1p	richness_synthetic__256_1024	reg	reg_1.00hz_0.000	0.0	reg_1.00hz_0.125	0.125	False	0	0.16537770628929138
scat1d_log1p	richness_synthetic__256_1024	reg	reg_1.00hz_0.000	0.0	reg_1.00hz_0.250	0.25	False	0	0.3171508312225342
scat1d_log1p	richness_synthetic__256_1024	reg	reg_1.00hz_0.000	0.0	reg_1.00hz_0.375	0.375	False	0	0.4354631304740906
scat1d_log1p	richness_synthetic__256_1024	reg	reg_1.00hz_0.000	0.0	reg_1.00hz_0.500	0.5	False	0	0.5096909403800964
scat1d_log1p	warmth_real__vintage__logue_saw__166_1024	amp	amp_1.00hz_0.10	0.1	amp_1.00hz_0.10	0.1	True	0	0.0
scat1d_log1p	warmth_real__vintage__logue_saw__166_1024	amp	amp_1.00hz_0.10	0.1	amp_1.00hz_0.30	0.3	False	0	0.35218435525894165
scat1d_log1p	warmth_real__vintage__logue_saw__166_1024	amp	amp_1.00hz_0.10	0.1	amp_1.00hz_0.50	0.5	False	0	0.5332334041595459
scat1d_log1p	warmth_real__vintage__logue_saw__166_1024	amp	amp_1.00hz_0.10	0.1	amp_1.00hz_0.70	0.7	False	0	0.6557587385177612
scat1d_log1p	warmth_real__vintage__logue_saw__166_1024	amp	amp_1.00hz_0.10	0.1	amp_1.00hz_0.90	0.9	False	0	0.7960472106933594
scat1d_log1p	warmth_real__vintage__logue_saw__166_1024	freq	freq_0.25hz	0.25	freq_0.25hz	0.25	True	0	0.0
scat1d_log1p	warmth_real__vintage__logue_saw__166_1024	freq	freq_0.25hz	0.25	freq_0.50hz	0.5	False	0	0.7178052663803101
scat1d_log1p	warmth_real__vintage__logue_saw__166_1024	freq	freq_0.25hz	0.25	freq_1.00hz	1.0	False	0	0.9487821459770203
scat1d_log1p	warmth_real__vintage__logue_saw__166_1024	freq	freq_0.25hz	0.25	freq_2.00hz	2.0	False	0	1.2186423540115356
scat1d_log1p	warmth_real__vintage__logue_saw__166_1024	freq	freq_0.25hz	0.25	freq_4.00hz	4.0	False	0	1.4730470180511475
scat1d_log1p	warmth_real__vintage__logue_saw__166_1024	reg	reg_1.00hz_0.000	0.0	reg_1.00hz_0.000	0.0	True	0	0.0
scat1d_log1p	warmth_real__vintage__logue_saw__166_1024	reg	reg_1.00hz_0.000	0.0	reg_1.00hz_0.125	0.125	False	0	0.2615998685359955
scat1d_log1p	warmth_real__vintage__logue_saw__166_1024	reg	reg_1.00hz_0.000	0.0	reg_1.00hz_0.250	0.25	False	0	0.4500700831413269
scat1d_log1p	warmth_real__vintage__logue_saw__166_1024	reg	reg_1.00hz_0.000	0.0	reg_1.00hz_0.375	0.375	False	0	0.5882737040519714
scat1d_log1p	warmth_real__vintage__logue_saw__166_1024	reg	reg_1.00hz_0.000	0.0	reg_1.00hz_0.500	0.5	False	0	0.6761899590492249
scat1d_log1p	warmth_synthetic__256_1024	amp	amp_1.00hz_0.10	0.1	amp_1.00hz_0.10	0.1	True	0	0.0
scat1d_log1p	warmth_synthetic__256_1024	amp	amp_1.00hz_0.10	0.1	amp_1.00hz_0.30	0.3	False	0	0.06272067874670029
scat1d_log1p	warmth_synthetic__256_1024	amp	amp_1.00hz_0.10	0.1	amp_1.00hz_0.50	0.5	False	0	0.1375652551651001
scat1d_log1p	warmth_synthetic__256_1024	amp	amp_1.00hz_0.10	0.1	amp_1.00hz_0.70	0.7	False	0	0.23082998394966125
scat1d_log1p	warmth_synthetic__256_1024	amp	amp_1.00hz_0.10	0.1	amp_1.00hz_0.90	0.9	False	0	0.3537673354148865
scat1d_log1p	warmth_synthetic__256_1024	freq	freq_0.25hz	0.25	freq_0.25hz	0.25	True	0	0.0
scat1d_log1p	warmth_synthetic__256_1024	freq	freq_0.25hz	0.25	freq_0.50hz	0.5	False	0	0.4221419095993042
scat1d_log1p	warmth_synthetic__256_1024	freq	freq_0.25hz	0.25	freq_1.00hz	1.0	False	0	0.47421279549598694
scat1d_log1p	warmth_synthetic__256_1024	freq	freq_0.25hz	0.25	freq_2.00hz	2.0	False	0	0.5872926712036133
scat1d_log1p	warmth_synthetic__256_1024	freq	freq_0.25hz	0.25	freq_4.00hz	4.0	False	0	0.7416562438011169
scat1d_log1p	warmth_synthetic__256_1024	reg	reg_1.00hz_0.000	0.0	reg_1.00hz_0.000	0.0	True	0	0.0
scat1d_log1p	warmth_synthetic__256_1024	reg	reg_1.00hz_0.000	0.0	reg_1.00hz_0.125	0.125	False	0	0.12714366614818573
scat1d_log1p	warmth_synthetic__256_1024	reg	reg_1.00hz_0.000	0.0	reg_1.00hz_0.250	0.25	False	0	0.23572614789009094
scat1d_log1p	warmth_synthetic__256_1024	reg	reg_1.00hz_0.000	0.0	reg_1.00hz_0.375	0.375	False	0	0.31258660554885864
scat1d_log1p	warmth_synthetic__256_1024	reg	reg_1.00hz_0.000	0.0	reg_1.00hz_0.500	0.5	False	0	0.36312761902809143
jtfs_log1p	brightness_real__harmonics__synced_sines__256_1024	amp	amp_1.00hz_0.10	0.1	amp_1.00hz_0.10	0.1	True	0	0.0
jtfs_log1p	brightness_real__harmonics__synced_sines__256_1024	amp	amp_1.00hz_0.10	0.1	amp_1.00hz_0.30	0.3	False	0	0.08695008605718613
jtfs_log1p	brightness_real__harmonics__synced_sines__256_1024	amp	amp_1.00hz_0.10	0.1	amp_1.00hz_0.50	0.5	False	0	0.15627136826515198
jtfs_log1p	brightness_real__harmonics__synced_sines__256_1024	amp	amp_1.00hz_0.10	0.1	amp_1.00hz_0.70	0.7	False	0	0.23323573172092438
jtfs_log1p	brightness_real__harmonics__synced_sines__256_1024	amp	amp_1.00hz_0.10	0.1	amp_1.00hz_0.90	0.9	False	0	0.2995609641075134
jtfs_log1p	brightness_real__harmonics__synced_sines__256_1024	freq	freq_0.25hz	0.25	freq_0.25hz	0.25	True	0	0.0
jtfs_log1p	brightness_real__harmonics__synced_sines__256_1024	freq	freq_0.25hz	0.25	freq_0.50hz	0.5	False	0	0.2787701189517975
jtfs_log1p	brightness_real__harmonics__synced_sines__256_1024	freq	freq_0.25hz	0.25	freq_1.00hz	1.0	False	0	0.37679147720336914
jtfs_log1p	brightness_real__harmonics__synced_sines__256_1024	freq	freq_0.25hz	0.25	freq_2.00hz	2.0	False	0	0.5522856116294861
jtfs_log1p	brightness_real__harmonics__synced_sines__256_1024	freq	freq_0.25hz	0.25	freq_4.00hz	4.0	False	0	0.6866830587387085
jtfs_log1p	brightness_real__harmonics__synced_sines__256_1024	reg	reg_1.00hz_0.000	0.0	reg_1.00hz_0.000	0.0	True	0	0.0
jtfs_log1p	brightness_real__harmonics__synced_sines__256_1024	reg	reg_1.00hz_0.000	0.0	reg_1.00hz_0.125	0.125	False	0	0.11959926038980484
jtfs_log1p	brightness_real__harmonics__synced_sines__256_1024	reg	reg_1.00hz_0.000	0.0	reg_1.00hz_0.250	0.25	False	0	0.22267559170722961
jtfs_log1p	brightness_real__harmonics__synced_sines__256_1024	reg	reg_1.00hz_0.000	0.0	reg_1.00hz_0.375	0.375	False	0	0.2999436557292938
jtfs_log1p	brightness_real__harmonics__synced_sines__256_1024	reg	reg_1.00hz_0.000	0.0	reg_1.00hz_0.500	0.5	False	0	0.3507460653781891
jtfs_log1p	brightness_synthetic__256_1024	amp	amp_1.00hz_0.10	0.1	amp_1.00hz_0.10	0.1	True	0	0.0
jtfs_log1p	brightness_synthetic__256_1024	amp	amp_1.00hz_0.10	0.1	amp_1.00hz_0.30	0.3	False	0	0.0869310200214386
jtfs_log1p	brightness_synthetic__256_1024	amp	amp_1.00hz_0.10	0.1	amp_1.00hz_0.50	0.5	False	0	0.1647968739271164
jtfs_log1p	brightness_synthetic__256_1024	amp	amp_1.00hz_0.10	0.1	amp_1.00hz_0.70	0.7	False	0	0.24591030180454254
jtfs_log1p	brightness_synthetic__256_1024	amp	amp_1.00hz_0.10	0.1	amp_1.00hz_0.90	0.9	False	0	0.318059504032135
jtfs_log1p	brightness_synthetic__256_1024	freq	freq_0.25hz	0.25	freq_0.25hz	0.25	True	0	0.0
jtfs_log1p	brightness_synthetic__256_1024	freq	freq_0.25hz	0.25	freq_0.50hz	0.5	False	0	0.2848493456840515
jtfs_log1p	brightness_synthetic__256_1024	freq	freq_0.25hz	0.25	freq_1.00hz	1.0	False	0	0.3862347900867462
jtfs_log1p	brightness_synthetic__256_1024	freq	freq_0.25hz	0.25	freq_2.00hz	2.0	False	0	0.5617536902427673
jtfs_log1p	brightness_synthetic__256_1024	freq	freq_0.25hz	0.25	freq_4.00hz	4.0	False	0	0.6895566582679749
jtfs_log1p	brightness_synthetic__256_1024	reg	reg_1.00hz_0.000	0.0	reg_1.00hz_0.000	0.0	True	0	0.0
jtfs_log1p	brightness_synthetic__256_1024	reg	reg_1.00hz_0.000	0.0	reg_1.00hz_0.125	0.125	False	0	0.1142348051071167
jtfs_log1p	brightness_synthetic__256_1024	reg	reg_1.00hz_0.000	0.0	reg_1.00hz_0.250	0.25	False	0	0.2172313928604126
jtfs_log1p	brightness_synthetic__256_1024	reg	reg_1.00hz_0.000	0.0	reg_1.00hz_0.375	0.375	False	0	0.29586637020111084
jtfs_log1p	brightness_synthetic__256_1024	reg	reg_1.00hz_0.000	0.0	reg_1.00hz_0.500	0.5	False	0	0.3430093228816986
jtfs_log1p	richness_real__filter__acid_saw__46_1024__inverted	amp	amp_1.00hz_0.10	0.1	amp_1.00hz_0.10	0.1	True	0	0.0
jtfs_log1p	richness_real__filter__acid_saw__46_1024__inverted	amp	amp_1.00hz_0.10	0.1	amp_1.00hz_0.30	0.3	False	0	0.05196535214781761
jtfs_log1p	richness_real__filter__acid_saw__46_1024__inverted	amp	amp_1.00hz_0.10	0.1	amp_1.00hz_0.50	0.5	False	0	0.10817024856805801
jtfs_log1p	richness_real__filter__acid_saw__46_1024__inverted	amp	amp_1.00hz_0.10	0.1	amp_1.00hz_0.70	0.7	False	0	0.16491013765335083
jtfs_log1p	richness_real__filter__acid_saw__46_1024__inverted	amp	amp_1.00hz_0.10	0.1	amp_1.00hz_0.90	0.9	False	0	0.24440553784370422
jtfs_log1p	richness_real__filter__acid_saw__46_1024__inverted	freq	freq_0.25hz	0.25	freq_0.25hz	0.25	True	0	0.0
jtfs_log1p	richness_real__filter__acid_saw__46_1024__inverted	freq	freq_0.25hz	0.25	freq_0.50hz	0.5	False	0	0.3232972323894501
jtfs_log1p	richness_real__filter__acid_saw__46_1024__inverted	freq	freq_0.25hz	0.25	freq_1.00hz	1.0	False	0	0.3397332429885864
jtfs_log1p	richness_real__filter__acid_saw__46_1024__inverted	freq	freq_0.25hz	0.25	freq_2.00hz	2.0	False	0	0.4116784334182739
jtfs_log1p	richness_real__filter__acid_saw__46_1024__inverted	freq	freq_0.25hz	0.25	freq_4.00hz	4.0	False	0	0.5039892792701721
jtfs_log1p	richness_real__filter__acid_saw__46_1024__inverted	reg	reg_1.00hz_0.000	0.0	reg_1.00hz_0.000	0.0	True	0	0.0
jtfs_log1p	richness_real__filter__acid_saw__46_1024__inverted	reg	reg_1.00hz_0.000	0.0	reg_1.00hz_0.125	0.125	False	0	0.10715445876121521
jtfs_log1p	richness_real__filter__acid_saw__46_1024__inverted	reg	reg_1.00hz_0.000	0.0	reg_1.00hz_0.250	0.25	False	0	0.2042739987373352
jtfs_log1p	richness_real__filter__acid_saw__46_1024__inverted	reg	reg_1.00hz_0.000	0.0	reg_1.00hz_0.375	0.375	False	0	0.27855321764945984
jtfs_log1p	richness_real__filter__acid_saw__46_1024__inverted	reg	reg_1.00hz_0.000	0.0	reg_1.00hz_0.500	0.5	False	0	0.3203483819961548
jtfs_log1p	richness_synthetic__256_1024	amp	amp_1.00hz_0.10	0.1	amp_1.00hz_0.10	0.1	True	0	0.0
jtfs_log1p	richness_synthetic__256_1024	amp	amp_1.00hz_0.10	0.1	amp_1.00hz_0.30	0.3	False	0	0.026102235540747643
jtfs_log1p	richness_synthetic__256_1024	amp	amp_1.00hz_0.10	0.1	amp_1.00hz_0.50	0.5	False	0	0.05555875971913338
jtfs_log1p	richness_synthetic__256_1024	amp	amp_1.00hz_0.10	0.1	amp_1.00hz_0.70	0.7	False	0	0.08735315501689911
jtfs_log1p	richness_synthetic__256_1024	amp	amp_1.00hz_0.10	0.1	amp_1.00hz_0.90	0.9	False	0	0.1171402707695961
jtfs_log1p	richness_synthetic__256_1024	freq	freq_0.25hz	0.25	freq_0.25hz	0.25	True	0	0.0
jtfs_log1p	richness_synthetic__256_1024	freq	freq_0.25hz	0.25	freq_0.50hz	0.5	False	0	0.12664352357387543
jtfs_log1p	richness_synthetic__256_1024	freq	freq_0.25hz	0.25	freq_1.00hz	1.0	False	0	0.14961035549640656
jtfs_log1p	richness_synthetic__256_1024	freq	freq_0.25hz	0.25	freq_2.00hz	2.0	False	0	0.22637426853179932
jtfs_log1p	richness_synthetic__256_1024	freq	freq_0.25hz	0.25	freq_4.00hz	4.0	False	0	0.276745080947876
jtfs_log1p	richness_synthetic__256_1024	reg	reg_1.00hz_0.000	0.0	reg_1.00hz_0.000	0.0	True	0	0.0
jtfs_log1p	richness_synthetic__256_1024	reg	reg_1.00hz_0.000	0.0	reg_1.00hz_0.125	0.125	False	0	0.04328379034996033
jtfs_log1p	richness_synthetic__256_1024	reg	reg_1.00hz_0.000	0.0	reg_1.00hz_0.250	0.25	False	0	0.08245531469583511
jtfs_log1p	richness_synthetic__256_1024	reg	reg_1.00hz_0.000	0.0	reg_1.00hz_0.375	0.375	False	0	0.11281725019216537
jtfs_log1p	richness_synthetic__256_1024	reg	reg_1.00hz_0.000	0.0	reg_1.00hz_0.500	0.5	False	0	0.1327095925807953
jtfs_log1p	warmth_real__vintage__logue_saw__166_1024	amp	amp_1.00hz_0.10	0.1	amp_1.00hz_0.10	0.1	True	0	0.0
jtfs_log1p	warmth_real__vintage__logue_saw__166_1024	amp	amp_1.00hz_0.10	0.1	amp_1.00hz_0.30	0.3	False	0	0.058851923793554306
jtfs_log1p	warmth_real__vintage__logue_saw__166_1024	amp	amp_1.00hz_0.10	0.1	amp_1.00hz_0.50	0.5	False	0	0.11729680746793747
jtfs_log1p	warmth_real__vintage__logue_saw__166_1024	amp	amp_1.00hz_0.10	0.1	amp_1.00hz_0.70	0.7	False	0	0.16892333328723907
jtfs_log1p	warmth_real__vintage__logue_saw__166_1024	amp	amp_1.00hz_0.10	0.1	amp_1.00hz_0.90	0.9	False	0	0.2125653475522995
jtfs_log1p	warmth_real__vintage__logue_saw__166_1024	freq	freq_0.25hz	0.25	freq_0.25hz	0.25	True	0	0.0
jtfs_log1p	warmth_real__vintage__logue_saw__166_1024	freq	freq_0.25hz	0.25	freq_0.50hz	0.5	False	0	0.1774788647890091
jtfs_log1p	warmth_real__vintage__logue_saw__166_1024	freq	freq_0.25hz	0.25	freq_1.00hz	1.0	False	0	0.23930706083774567
jtfs_log1p	warmth_real__vintage__logue_saw__166_1024	freq	freq_0.25hz	0.25	freq_2.00hz	2.0	False	0	0.3375542163848877
jtfs_log1p	warmth_real__vintage__logue_saw__166_1024	freq	freq_0.25hz	0.25	freq_4.00hz	4.0	False	0	0.39205843210220337
jtfs_log1p	warmth_real__vintage__logue_saw__166_1024	reg	reg_1.00hz_0.000	0.0	reg_1.00hz_0.000	0.0	True	0	0.0
jtfs_log1p	warmth_real__vintage__logue_saw__166_1024	reg	reg_1.00hz_0.000	0.0	reg_1.00hz_0.125	0.125	False	0	0.06916917860507965
jtfs_log1p	warmth_real__vintage__logue_saw__166_1024	reg	reg_1.00hz_0.000	0.0	reg_1.00hz_0.250	0.25	False	0	0.12652771174907684
jtfs_log1p	warmth_real__vintage__logue_saw__166_1024	reg	reg_1.00hz_0.000	0.0	reg_1.00hz_0.375	0.375	False	0	0.1671506017446518
jtfs_log1p	warmth_real__vintage__logue_saw__166_1024	reg	reg_1.00hz_0.000	0.0	reg_1.00hz_0.500	0.5	False	0	0.19228950142860413
jtfs_log1p	warmth_synthetic__256_1024	amp	amp_1.00hz_0.10	0.1	amp_1.00hz_0.10	0.1	True	0	0.0
jtfs_log1p	warmth_synthetic__256_1024	amp	amp_1.00hz_0.10	0.1	amp_1.00hz_0.30	0.3	False	0	0.013063881546258926
jtfs_log1p	warmth_synthetic__256_1024	amp	amp_1.00hz_0.10	0.1	amp_1.00hz_0.50	0.5	False	0	0.030119378119707108
jtfs_log1p	warmth_synthetic__256_1024	amp	amp_1.00hz_0.10	0.1	amp_1.00hz_0.70	0.7	False	0	0.05336040258407593
jtfs_log1p	warmth_synthetic__256_1024	amp	amp_1.00hz_0.10	0.1	amp_1.00hz_0.90	0.9	False	0	0.08523012697696686
jtfs_log1p	warmth_synthetic__256_1024	freq	freq_0.25hz	0.25	freq_0.25hz	0.25	True	0	0.0
jtfs_log1p	warmth_synthetic__256_1024	freq	freq_0.25hz	0.25	freq_0.50hz	0.5	False	0	0.10142314434051514
jtfs_log1p	warmth_synthetic__256_1024	freq	freq_0.25hz	0.25	freq_1.00hz	1.0	False	0	0.11007661372423172
jtfs_log1p	warmth_synthetic__256_1024	freq	freq_0.25hz	0.25	freq_2.00hz	2.0	False	0	0.13075248897075653
jtfs_log1p	warmth_synthetic__256_1024	freq	freq_0.25hz	0.25	freq_4.00hz	4.0	False	0	0.15245315432548523
jtfs_log1p	warmth_synthetic__256_1024	reg	reg_1.00hz_0.000	0.0	reg_1.00hz_0.000	0.0	True	0	0.0
jtfs_log1p	warmth_synthetic__256_1024	reg	reg_1.00hz_0.000	0.0	reg_1.00hz_0.125	0.125	False	0	0.03003622218966484
jtfs_log1p	warmth_synthetic__256_1024	reg	reg_1.00hz_0.000	0.0	reg_1.00hz_0.250	0.25	False	0	0.05421048030257225
jtfs_log1p	warmth_synthetic__256_1024	reg	reg_1.00hz_0.000	0.0	reg_1.00hz_0.375	0.375	False	0	0.06958120316267014
jtfs_log1p	warmth_synthetic__256_1024	reg	reg_1.00hz_0.000	0.0	reg_1.00hz_0.500	0.5	False	0	0.0799526572227478
